Scene,Sindex,Num,Noise_Rate,gamma,Jaccard,LIP,MLMSSM,best_argminC,best_avgConf
S2,1,20,0.0,0.7,0.9,0.5,1.0,0.6440270911753714,0.06644129295700278
S2,1,20,0.0,0.7,0.9,0.5,1.0,0.680326191283424,0.024966365223075368
S2,1,20,0.0,0.7,0.75,0.0,1.0,-0.7792251039530911,0.23227606611372914
S2,1,20,0.0,0.7,0.75,0.0,1.0,-0.8047506281170846,0.31796069156567225
S2,1,20,0.0,0.7,0.75,0.0,1.0,-0.8194739065227661,0.36772066232180534
S2,1,20,0.0,0.7,0.75,0.0,1.0,-0.8251083767545493,0.390344945699427
S2,1,20,0.2,0.7,1.0,0.0,1.0,-0.7720258178242912,0.1802207485092948
S2,1,20,0.2,0.7,1.0,0.0,1.0,-0.7840696806049953,0.2273651771025062
S2,1,20,0.2,0.7,1.0,0.0,1.0,-0.7960611583576179,0.27042800803264827
S2,1,20,0.2,0.7,0.8,0.004742346666987585,0.9952576533330124,-0.8183801973873331,0.22356982169554665
S2,1,20,0.2,0.7,1.0,0.0,1.0,-0.8233458886728598,0.36447538143998603
S2,1,20,0.2,0.7,0.8,0.0002376531195940057,0.999762346880406,-0.8130876632830211,0.24782204222338702
S2,1,20,0.4,0.7,0.6,0.8252703055724924,0.1747296944275077,-0.7496776379140904,0.0
S2,1,20,0.4,0.7,0.6,0.023487898836012988,0.976512101163987,-0.7827641259066227,0.09235392255482239
S2,1,20,0.4,0.7,0.6,0.08352982555965938,0.9164701744403406,-0.8098867019413413,0.0
S2,1,20,0.4,0.7,0.6,0.03428865299689121,0.9657113470031088,-0.847514021633477,0.0
S2,1,20,0.4,0.7,0.6,0.0023739912507230176,0.997626008749277,-0.8544521686656011,0.3126497350738684
S2,1,20,0.4,0.7,0.6,0.0002376531195940057,0.999762346880406,-0.8222798508622953,0.27087913049881057
S2,1,20,0.6,0.7,0.35294117647058826,0.7371820395995985,0.7884538812012044,0.40521264896002396,0.12718611849431197
S2,1,20,0.6,0.7,0.4,0.7200274731204306,0.8399175806387085,0.48038670666132977,0.13714416310225735
S2,1,20,0.6,0.7,0.3125,0.6945099418532198,0.9164701744403406,0.5308531627681039,0.12146473933325268
S2,1,20,0.6,0.7,0.35294117647058826,0.6837620252597829,0.9487139242206512,0.5846344775046375,0.05027388403721527
S2,1,20,0.6,0.7,0.35294117647058826,0.6753268439696023,0.9740194680911933,0.6101598610551375,0.045314308979092936
S2,1,20,0.6,0.7,0.35294117647058826,0.6675429790177192,0.9973710629468422,0.6370022190867364,0.0376984106371158
S2,1,20,0.8,0.7,0.2,0.9126351527862462,0.1747296944275077,0.45658870701229504,0.1738652092769321
S2,1,20,0.8,0.7,0.2,0.5800412096806458,0.8399175806387085,0.4973461847091135,0.14475272520777605
S2,1,20,0.8,0.7,0.2,0.5417649127798296,0.9164701744403406,0.5528930406560042,0.10507639953142554
S2,1,20,0.8,0.7,0.2,0.004742346666987585,0.9952576533330124,-0.7653286467151189,0.13063207646132882
S2,1,20,0.8,0.7,0.2,0.0023739912507230176,0.997626008749277,-0.7784904150961331,0.17121122926288415
S2,1,20,0.8,0.7,0.2,0.0002376531195940057,0.999762346880406,-0.8190137517149205,0.28269208359984865
S2,2,20,0.0,0.7,0.75,0.0,1.0,-0.7968407613620596,0.11357235268979154
S2,2,20,0.0,0.7,0.75,0.0,1.0,-0.8025484709066025,0.12503968131570634
S2,2,20,0.0,0.7,0.75,0.0,1.0,-0.8124657989730472,0.14568495514986687
S2,2,20,0.0,0.7,0.75,0.0,1.0,-0.8292589428575099,0.18294297036972634
S2,2,20,0.0,0.7,0.75,0.0,1.0,-0.8381944334065564,0.20552432886381256
S2,2,20,0.0,0.7,0.7,0.0,1.0,-0.8568690716884224,0.2277102302369223
S2,2,20,0.2,0.7,0.8421052631578947,0.5,1.0,0.6486906462617827,0.0727755119348183
S2,2,20,0.2,0.7,0.8421052631578947,0.5,1.0,0.6459412550206072,0.07667515869526119
S2,2,20,0.2,0.7,0.8421052631578947,0.5,1.0,0.643751675219922,0.07978078718806969
S2,2,20,0.2,0.7,1.0,0.0,1.0,-0.7665872755619221,0.2108597059460867
S2,2,20,0.2,0.7,1.0,0.0,1.0,-0.7845584242955739,0.26776834360265067
S2,2,20,0.2,0.7,1.0,0.0,1.0,-0.8047291576928726,0.33164233269409654
S2,2,20,0.4,0.7,1.0,0.0,1.0,-0.8139217397666136,0.341765219299841
S2,2,20,0.4,0.7,1.0,0.0,1.0,-0.8150590971495902,0.3451772914487708
S2,2,20,0.4,0.7,1.0,0.0,1.0,-0.8257573481936002,0.3772720445808008
S2,2,20,0.4,0.7,0.75,0.0,1.0,-0.8378372534208275,0.15103478297775913
S2,2,20,0.4,0.7,0.75,0.0,1.0,-0.8863823229972042,0.22039498351645384
S2,2,20,0.4,0.7,0.75,0.0,1.0,-0.8836762177489084,0.2467217309341487
S2,2,20,0.6,0.7,0.5714285714285714,0.21074072051082304,0.789259279489177,-0.7563662932867794,0.04429560551247343
S2,2,20,0.6,0.7,0.5714285714285714,0.023388194857824396,0.9766118051421756,-0.7669925440437877,0.05741110335805483
S2,2,20,0.6,0.7,0.5714285714285714,0.011763284864311663,0.9882367151356883,-0.7883982585490946,0.08584527626017198
S2,2,20,0.6,0.7,0.6153846153846154,0.0047220239091221305,0.9952779760908779,-0.8191656161400602,0.10329019857867967
S2,2,20,0.6,0.7,0.6153846153846154,0.0023638057433572612,0.9976361942566427,-0.8355939077346254,0.14045446652482868
S2,2,20,0.6,0.7,0.6153846153846154,0.0002366323924002378,0.9997633676075998,-0.8529079819415541,0.19498002110895046
S2,2,20,0.8,0.7,0.2222222222222222,0.7369135735036076,0.789259279489177,0.5893146772543225,0.12337042779928446
S2,2,20,0.8,0.7,0.2222222222222222,0.6744627316192748,0.9766118051421756,0.5886360666413247,0.12525552634345408
S2,2,20,0.8,0.7,0.2222222222222222,0.6705877616214373,0.9882367151356883,0.599635186946037,0.11406940233213092
S2,2,20,0.8,0.7,0.2222222222222222,0.668240674636374,0.9952779760908779,0.6142268427194321,0.09975745688979128
S2,2,20,0.8,0.7,0.125,0.5011819028716786,0.9976361942566427,0.5922061954333461,0.10716137785178947
S2,2,20,0.8,0.7,0.125,0.5001183161962002,0.9997633676075998,0.4543239410700571,0.24726368606526028
S2,3,20,0.0,0.7,1.0,0.0,1.0,-0.9999999999957411,0.9999999999858036
S2,3,20,0.0,0.7,1.0,0.0,1.0,-0.989372463956161,0.9645748798538699
S2,3,20,0.0,0.7,1.0,0.0,1.0,-0.9660093126226795,0.8866977087422651
S2,3,20,0.0,0.7,1.0,0.0,1.0,-0.9339959602560927,0.7799865341869756
S2,3,20,0.0,0.7,1.0,0.0,1.0,-0.9184801446744897,0.7282671489149657
S2,3,20,0.0,0.7,1.0,0.0,1.0,-0.901989093747685,0.67329697915895
S2,3,20,0.2,0.7,1.0,0.9992497771100154,0.0007502228899845791,-0.9476861510258514,0.22654726160644198
S2,3,20,0.2,0.7,1.0,0.5130111351249478,0.48698886487505216,-0.9528114322562732,0.2562179341638342
S2,3,20,0.2,0.7,1.0,0.302154125271882,0.697845874728118,-0.9565541764844948,0.2878073538369074
S2,3,20,0.2,0.7,1.0,0.13402808717987302,0.865971912820127,-0.9599821208168672,0.3358123722591895
S2,3,20,0.2,0.7,1.0,0.06942388123263821,0.9305761187673618,-0.9654415269581134,0.3702957770280964
S2,3,20,0.2,0.7,1.0,0.013022942165579532,0.9869770578344205,-0.9637670087070322,0.40519744161475246
S2,3,20,0.4,0.7,0.7333333333333333,0.9865113022170178,0.026977395565964516,4.399569439449111e-23,0.6547904191616767
S2,3,20,0.4,0.7,0.7333333333333333,0.6516065300156342,0.6967869399687315,0.0011597719187221394,0.6538931959448084
S2,3,20,0.4,0.7,0.7333333333333333,0.5826311763054374,0.8347376473891253,0.019089613815329753,0.6399980795586467
S2,3,20,0.4,0.7,0.7333333333333333,0.5348532351489177,0.9302935297021645,0.09664542248242579,0.5793142956993829
S2,3,20,0.4,0.7,0.7333333333333333,0.5352898758999222,0.9294202482001557,0.15888819414763594,0.531391478709391
S2,3,20,0.4,0.7,0.7333333333333333,0.5036463529254313,0.9927072941491375,0.23949876727751596,0.4691257141902865
S2,3,20,0.6,0.7,0.6666666666666666,0.9999979720480399,2.027951960088476e-06,-0.8851969624588347,0.04641238511446577
S2,3,20,0.6,0.7,0.6666666666666666,0.5633040527535185,0.873391894492963,0.593994055145359,0.051228727122855075
S2,3,20,0.6,0.7,0.7272727272727273,0.5687379984956857,0.8625240030086286,0.5800329681829832,0.04714220039430215
S2,3,20,0.6,0.7,0.6666666666666666,0.2306195383208104,0.7693804616791896,-0.8387937862672039,0.10209206937459034
S2,3,20,0.6,0.7,0.6666666666666666,0.1228566470187501,0.8771433529812499,-0.8396204411120323,0.13501453898117913
S2,3,20,0.6,0.7,0.6666666666666666,0.013022942165579532,0.9869770578344205,-0.8444618312879907,0.18621384551776013
S2,3,20,0.8,0.7,0.3076923076923077,0.9999999981261164,3.74776721548772e-09,0.30211318576170304,0.5328841262120049
S2,3,20,0.8,0.7,0.3076923076923077,0.9281631525517207,0.14367369489655876,0.2940882532299681,0.5436318037098642
S2,3,20,0.8,0.7,0.3076923076923077,0.8104784346726217,0.3790431306547565,0.29634555495134335,0.5406086317615937
S2,3,20,0.8,0.7,0.3076923076923077,0.6608081126054991,0.6783837747890018,0.3100193291113004,0.522295541368794
S2,3,20,0.8,0.7,0.3076923076923077,0.5881797191768593,0.8236405616462814,0.3207368144733066,0.5079417663303929
S2,3,20,0.8,0.7,0.3076923076923077,0.5096075480724429,0.9807849038551143,0.33524001247043705,0.4885178404413789
S2,4,20,0.0,0.7,1.0,0.0,1.0,-0.7568817556774404,0.18960585225813487
S2,4,20,0.0,0.7,1.0,0.0,1.0,-0.7535122318582697,0.1783741061942323
S2,4,20,0.0,0.7,1.0,0.0,1.0,-0.7575899896782425,0.19196663226080857
S2,4,20,0.0,0.7,1.0,0.0,1.0,-0.7465628939276356,0.15520964642545226
S2,4,20,0.0,0.7,1.0,0.5,1.0,0.6832471659816174,0.01727214674842336
S2,4,20,0.0,0.7,1.0,0.5,1.0,0.6516203750881822,0.05170406021187467
S2,4,20,0.2,0.7,1.0,0.0,1.0,-0.8251526485013188,0.39631672025417614
S2,4,20,0.2,0.7,1.0,0.0,1.0,-0.8175981329421212,0.3723940876500507
S2,4,20,0.2,0.7,1.0,0.0,1.0,-0.8074808120878827,0.34035590494496193
S2,4,20,0.2,0.7,1.0,0.0,1.0,-0.7752837015935248,0.23839838837949523
S2,4,20,0.2,0.7,0.8125,0.5,1.0,0.6788982442735656,0.020982779730151974
S2,4,20,0.2,0.7,0.8125,0.5,1.0,0.6514682356893104,0.050189063608563955
S2,4,20,0.4,0.7,1.0,0.0,1.0,-0.8223099328357797,0.36692979850733914
S2,4,20,0.4,0.7,1.0,0.0,1.0,-0.8321437505925,0.3964312517775001
S2,4,20,0.4,0.7,1.0,0.0,1.0,-0.8207824492043873,0.36234734761316184
S2,4,20,0.4,0.7,1.0,0.0,1.0,-0.8221469522832443,0.36644085684973304
S2,4,20,0.4,0.7,1.0,0.0,1.0,-0.8061458709069269,0.3184376127207808
S2,4,20,0.4,0.7,1.0,0.0,1.0,-0.7918380218891128,0.27551406566733844
S2,4,20,0.6,0.7,0.5714285714285714,0.5,1.0,0.6310820806197622,0.09317983997838264
S2,4,20,0.6,0.7,0.5714285714285714,0.5,1.0,0.6561899405869251,0.059232988492167474
S2,4,20,0.6,0.7,0.5714285714285714,0.5,1.0,0.6834830082146397,0.022331647056737083
S2,4,20,0.6,0.7,0.6666666666666666,0.5,1.0,0.6626336081775352,0.04825818280101864
S2,4,20,0.6,0.7,0.6666666666666666,0.5,1.0,0.6635185433677,0.04711530113406705
S2,4,20,0.6,0.7,0.6666666666666666,0.5,1.0,0.665079088154914,0.045099878934129756
S2,4,20,0.8,0.7,0.2857142857142857,0.6509416013025486,0.6981167973949028,0.522331727609148,0.23522458862713802
S2,4,20,0.8,0.7,0.2857142857142857,0.5176494110816676,0.9647011778366646,0.5354498036017656,0.2178568617537951
S2,4,20,0.8,0.7,0.2857142857142857,0.5089039865167239,0.9821920269665523,0.5519171967594434,0.19605479361213657
S2,4,20,0.8,0.7,0.25,0.5035808048745862,0.9928383902508277,0.5842979806153309,0.157540696037161
S2,4,20,0.8,0.7,0.25,0.5017936195082334,0.9964127609835332,0.6040507446819645,0.13064519139286077
S2,4,20,0.8,0.7,0.25,0.5001796521467265,0.999640695706547,0.6253184555417407,0.10168692437396906
S2,5,20,0.0,0.7,1.0,0.9673974824846788,0.06520503503064225,0.5454435028715853,0.11039749794886763
S2,5,20,0.0,0.7,0.75,0.6194619244062902,0.7610761511874194,0.5099751877298039,0.14073547923450772
S2,5,20,0.0,0.7,0.75,0.5638016072968003,0.8723967854063994,0.4767663191271474,0.18040063505948312
S2,5,20,0.0,0.7,1.0,0.0,1.0,-0.7730529957983475,0.22747939955265895
S2,5,20,0.0,0.7,1.0,0.0,1.0,-0.8109374961560192,0.3552855626180846
S2,5,20,0.0,0.7,1.0,0.0,1.0,-0.8504684738256791,0.4992231225892598
S2,5,20,0.2,0.7,0.6470588235294118,0.9046962249667367,0.19060755006652644,0.30184166172769233,0.24146826739546262
S2,5,20,0.2,0.7,0.8,0.6194619244062902,0.7610761511874194,0.3568778873419397,0.06354881350205027
S2,5,20,0.2,0.7,0.8,0.5638016072968003,0.8723967854063994,0.41046214838262063,0.05260048218724803
S2,5,20,0.2,0.7,0.8,0.5265701608613818,0.9468596782772366,0.4192634217657099,0.06410930766532225
S2,5,20,0.2,0.7,0.8,0.5134664250338841,0.9730671499322319,0.4238247877434103,0.07154774531137396
S2,5,20,0.2,0.7,0.8,0.501363247465717,0.9972735050685658,0.42915289880676283,0.08071012160361518
S2,5,20,0.4,0.7,0.6,0.9347949649693578,0.06520503503064225,-0.7283704691455037,0.0
S2,5,20,0.4,0.7,0.6,0.6194619244062902,0.7610761511874194,0.5014650925866703,0.14181064815237834
S2,5,20,0.4,0.7,0.6,0.12760321459360058,0.8723967854063994,-0.7678719238550082,0.0
S2,5,20,0.4,0.7,0.6,0.053140321722763395,0.9468596782772366,-0.7915990300647957,0.0
S2,5,20,0.4,0.7,0.75,0.016438770902969635,0.9835612290970304,-0.7724057019534588,0.19618834049154985
S2,5,20,0.4,0.7,0.75,0.001656165717895286,0.9983438342821047,-0.7876507582353145,0.25998469868056095
S2,5,20,0.6,0.7,0.4375,0.9673974824846788,0.06520503503064225,0.46487930316073806,0.19940188013521262
S2,5,20,0.6,0.7,0.4375,0.6194619244062902,0.7610761511874194,0.47601590991808046,0.19065275394870185
S2,5,20,0.6,0.7,0.4375,0.5638016072968003,0.8723967854063994,0.5089775800817402,0.1655718099442756
S2,5,20,0.6,0.7,0.4,0.053140321722763395,0.9468596782772366,-0.7231888845317136,0.0
S2,5,20,0.6,0.7,0.4,0.026932850067768133,0.9730671499322319,-0.7370853720224014,0.0
S2,5,20,0.6,0.7,0.4,0.0027264949314341758,0.9972735050685658,-0.7515939765244734,0.0
S2,5,20,0.8,0.7,0.2,0.9673974824846788,0.06520503503064225,0.17371938355681407,0.0961358767918724
S2,5,20,0.8,0.7,0.2,0.6194619244062902,0.7610761511874194,0.280555539914589,0.29960318577529355
S2,5,20,0.8,0.7,0.15789473684210525,0.7092010715312003,0.8723967854063994,0.4784822747268903,0.23610157792473674
S2,5,20,0.8,0.7,0.15789473684210525,0.6843801072409211,0.9468596782772366,0.5667019955844381,0.1491181003498233
S2,5,20,0.8,0.7,0.16666666666666666,0.6756442833559226,0.9730671499322319,0.6199960230929653,0.08712096544365418
S2,5,20,0.8,0.7,0.16666666666666666,0.667575498310478,0.9972735050685658,0.6552948583122591,0.05043130095335057
Scene,Sindex,Num,Noise_Rate,gamma,Jaccard,LIP,MLMSSM,best_argminC,best_avgConf
S3,1,20,0.0,0.7,1.0,0.0,1.0,-0.8438292346848898,0.4764059689053595
S3,1,20,0.0,0.7,1.0,0.0,1.0,-0.8448478582338278,0.4822952687938775
S3,1,20,0.0,0.7,1.0,0.0,1.0,-0.8508223948635225,0.5024551292539129
S3,1,20,0.0,0.7,1.0,0.0,1.0,-0.8560775085026551,0.520137377980331
S3,1,20,0.0,0.7,1.0,0.0,1.0,-0.8566905267320165,0.5222405966477489
S3,1,20,0.0,0.7,1.0,0.0,1.0,-0.8603073682465416,0.5343515971505481
S3,1,20,0.2,0.7,1.0,0.0,1.0,-0.8412294932300941,0.43873189360580545
S3,1,20,0.2,0.7,1.0,0.0,1.0,-0.8432933675734069,0.4477626356944211
S3,1,20,0.2,0.7,1.0,0.0,1.0,-0.8453219702172239,0.4543720414821708
S3,1,20,0.2,0.7,1.0,0.0,1.0,-0.8497452083232107,0.4683789059426761
S3,1,20,0.2,0.7,1.0,0.0,1.0,-0.8545809459263198,0.48356693357469666
S3,1,20,0.2,0.7,1.0,0.0,1.0,-0.8614221494156511,0.5050275356399652
S3,1,20,0.4,0.7,0.8333333333333334,0.9473642235062931,0.052635776493706876,-0.8418868713259038,0.3650890285154463
S3,1,20,0.4,0.7,0.8333333333333334,0.25504832084193996,0.74495167915806,-0.8542300220609707,0.40762803721537183
S3,1,20,0.4,0.7,0.8333333333333334,0.13689416688446598,0.863105833115534,-0.8655336037459662,0.4538788904681691
S3,1,20,0.4,0.7,0.5625,0.08910998932552017,0.9108900106744798,-0.8864486718339666,0.15247864970831695
S3,1,20,0.4,0.7,0.6,0.034310123320372754,0.9656898766796272,-0.8793166136503352,0.1841585686937323
S3,1,20,0.4,0.7,0.6,0.0034851661554743396,0.9965148338445257,-0.8632668713352256,0.22005609630246156
S3,1,20,0.6,0.7,0.4375,0.9905963388953796,0.009403661104620481,-0.8326229949243603,0.008713595115960008
S3,1,20,0.6,0.7,0.4,0.2981522986895443,0.7018477013104557,-0.8343995365748008,0.0
S3,1,20,0.6,0.7,0.4,0.16223648843456084,0.8377635115654392,-0.8594521930345863,0.0
S3,1,20,0.6,0.7,0.4375,0.08910998932552017,0.9108900106744798,-0.8633208020347969,0.0914833974277657
S3,1,20,0.6,0.7,0.4,0.034784498365945216,0.9652155016340548,-0.8440671698764382,0.0
S3,1,20,0.6,0.7,0.4375,0.00465578426475266,0.9953442157352473,-0.8178978492509665,0.1481319723987586
S3,1,20,0.8,0.7,0.2,0.9816270401429097,0.03674591971418054,0.5629058711744162,0.08813193995930388
S3,1,20,0.8,0.7,0.2,0.6406721188424092,0.7186557623151816,0.5827371980985654,0.07538322979377937
S3,1,20,0.8,0.7,0.25,0.7328946364191443,0.801316090742567,0.6421639587146614,0.058818449643736385
S3,1,20,0.8,0.7,0.26666666666666666,0.5319694663324828,0.9360610673350345,0.6348650387035011,0.05620719263478358
S3,1,20,0.8,0.7,0.2222222222222222,0.5162487552121869,0.9675024895756261,0.6033434016278965,0.094526921497787
S3,1,20,0.8,0.7,0.2222222222222222,0.5016491383914481,0.9967017232171037,0.6117558558053733,0.0889620987934912
S3,2,20,0.0,0.7,1.0,0.48492850653527775,0.5150714934647223,-1.0,0.8050023531270145
S3,2,20,0.0,0.7,1.0,0.06419200450856499,0.935807995491435,-1.0,0.8593189673905213
S3,2,20,0.0,0.7,1.0,0.032628305411288694,0.9673716945887113,-1.0,0.907190546754495
S3,2,20,0.0,0.7,1.0,0.013181346330367272,0.9868186536696327,-1.0000000000000002,0.9553271306774527
S3,2,20,0.0,0.7,1.0,0.0,1.0,-1.0000000000000002,0.9852275688282919
S3,2,20,0.0,0.7,1.0,0.0,1.0,-1.0,0.9984194191070033
S3,2,20,0.2,0.7,1.0,0.0,1.0,-0.8974939771117361,0.57785285071278
S3,2,20,0.2,0.7,1.0,0.0,1.0,-0.9014469783966423,0.6035373782610752
S3,2,20,0.2,0.7,1.0,0.0,1.0,-0.9055067970431304,0.6317609725106003
S3,2,20,0.2,0.7,1.0,0.0,1.0,-0.9095360514165726,0.6618712491161475
S3,2,20,0.2,0.7,1.0,0.0,1.0,-0.9112304647939703,0.6752273497270842
S3,2,20,0.2,0.7,1.0,0.0,1.0,-0.9129249542064969,0.6890300621345132
S3,2,20,0.4,0.7,0.8461538461538461,0.9990016540214682,0.0009983459785317434,-0.8149694273862117,0.0524271455261273
S3,2,20,0.4,0.7,0.8461538461538461,0.45613030697441304,0.543869693025587,-0.8925623715862325,0.11950346399417937
S3,2,20,0.4,0.7,0.8461538461538461,0.26252478480589814,0.7374752151941019,-0.8862542674979572,0.1369934048245574
S3,2,20,0.4,0.7,0.8461538461538461,0.11468265748889495,0.885317342511105,-0.8881166264776925,0.18041832395510135
S3,2,20,0.4,0.7,0.8461538461538461,0.05908696336425168,0.9409130366357483,-0.8926233159044087,0.2152510498329328
S3,2,20,0.4,0.7,0.8461538461538461,0.006071946725721311,0.9939280532742787,-0.8987403960925938,0.2651827505028807
S3,2,20,0.6,0.7,0.5384615384615384,0.9935501566853601,0.01289968662927993,0.24595035518601674,0.3804486242235654
S3,2,20,0.6,0.7,0.5384615384615384,0.6763855388936266,0.6472289222127469,0.24761149478567474,0.3832755349064554
S3,2,20,0.6,0.7,0.4,0.5279066571830551,0.9441866856338899,0.23979605526784434,0.12624934608447272
S3,2,20,0.6,0.7,0.4,0.511355344451115,0.97728931109777,0.24344138781448493,0.13604059592201828
S3,2,20,0.6,0.7,0.4,0.5057102795177282,0.9885794409645438,0.24566731888873194,0.14108658117335673
S3,2,20,0.6,0.7,0.4,0.5005739840118311,0.9988520319763378,0.24839191322162518,0.1467097283336853
S3,2,20,0.8,0.7,0.23529411764705882,0.9999949504844335,1.5148546699423763e-05,0.4948453935446451,0.215275651373407
S3,2,20,0.8,0.7,0.26666666666666666,0.8276855053181893,0.5169434840454321,0.5396551967911882,0.12045181684100738
S3,2,20,0.8,0.7,0.2,0.636226924121607,0.7275461517567862,0.43286716179245643,0.08115679732266665
S3,2,20,0.8,0.7,0.2,0.5597349371156419,0.8805301257687161,0.45885305764980944,0.08012664040847395
S3,2,20,0.8,0.7,0.2,0.5308171662963583,0.9383656674072832,0.47275776085390364,0.07901401672071784
S3,2,20,0.8,0.7,0.2,0.5031706824996081,0.993658635000784,0.4824076153584116,0.07953715452266384
S3,3,20,0.0,0.7,1.0,0.0,1.0,-0.7793841422287727,0.2646138074292425
S3,3,20,0.0,0.7,1.0,0.0,1.0,-0.7820428296594102,0.27347609886470076
S3,3,20,0.0,0.7,1.0,0.0,1.0,-0.7877499638446704,0.29249987948223494
S3,3,20,0.0,0.7,1.0,0.0,1.0,-0.7971375615149163,0.32379187171638785
S3,3,20,0.0,0.7,1.0,0.0,1.0,-0.8021937441187272,0.34064581372909086
S3,3,20,0.0,0.7,1.0,0.0,1.0,-0.807908198539762,0.3596939951325402
S3,3,20,0.2,0.7,1.0,0.0,1.0,-0.8777971549297728,0.5519120017611698
S3,3,20,0.2,0.7,1.0,0.0,1.0,-0.8794661286655553,0.5570927743993279
S3,3,20,0.2,0.7,1.0,0.0,1.0,-0.8838961312072874,0.5708442406226214
S3,3,20,0.2,0.7,1.0,0.005578505812754542,0.9944214941872455,-0.8773548210287713,0.2877804194990092
S3,3,20,0.2,0.7,1.0,0.0027931537603417267,0.9972068462396583,-0.875098558413171,0.2873611231435809
S3,3,20,0.2,0.7,1.0,0.00027966707520543643,0.9997203329247946,-0.870727384263727,0.28344012769731014
S3,3,20,0.4,0.7,0.6666666666666666,0.8135948910031061,0.3728102179937878,0.534359693248873,0.15868707311803848
S3,3,20,0.4,0.7,0.6666666666666666,0.5469785299355284,0.9060429401289432,0.550659074557043,0.14689767277983584
S3,3,20,0.4,0.7,0.6666666666666666,0.524068560575963,0.951862878848074,0.5554870831163427,0.14321634169243092
S3,3,20,0.4,0.7,0.6666666666666666,0.5,1.0,0.5557873799727125,0.18989765147702137
S3,3,20,0.4,0.7,0.6666666666666666,0.5,1.0,0.5554714045002587,0.1903927597254884
S3,3,20,0.4,0.7,0.6666666666666666,0.5,1.0,0.5551976787160543,0.19084230910730338
S3,3,20,0.6,0.7,0.5,0.6271897820062122,0.3728102179937878,-0.7719983586057078,0.21599507581712338
S3,3,20,0.6,0.7,0.5,0.09395705987105685,0.9060429401289432,-0.7714155111085951,0.21424653332578533
S3,3,20,0.6,0.7,0.5,0.04813712115192603,0.951862878848074,-0.770870227927346,0.21261068378203826
S3,3,20,0.6,0.7,0.5,0.019540280475156324,0.9804597195248437,-0.7689137234426409,0.2067411703279227
S3,3,20,0.6,0.7,0.5,0.009818340139121862,0.9901816598608781,-0.7624535918053499,0.18736077541604979
S3,3,20,0.6,0.7,0.5,0.0009861991734011477,0.9990138008265989,-0.7604871359174235,0.18146140775227046
S3,3,20,0.8,0.7,0.26666666666666666,0.70575607596002,0.29424392403998,-0.832396941682656,0.3861577465744134
S3,3,20,0.8,0.7,0.26666666666666666,0.11514776870434862,0.8848522312956514,-0.8366482935064941,0.3985575227272744
S3,3,20,0.8,0.7,0.26666666666666666,0.05933415534757969,0.9406658446524203,-0.8615310291297009,0.4711321682949611
S3,3,20,0.8,0.7,0.23076923076923078,0.5278513344124001,0.9442973311752,0.6263801231626656,0.03336690256009722
S3,3,20,0.8,0.7,0.23076923076923078,0.5141251881463704,0.9717496237072593,0.5738986342140513,0.06490082894162288
S3,3,20,0.8,0.7,0.23076923076923078,0.5014308037109154,0.9971383925781692,0.5225796646262831,0.10521081182960866
S3,4,20,0.0,0.7,1.0,0.0,1.0,-0.9999999999964508,0.9999999999881695
S3,4,20,0.0,0.7,1.0,0.0,1.0,-0.9911437199634675,0.9704790665448917
S3,4,20,0.0,0.7,1.0,0.0,1.0,-0.9716744271855662,0.9055814239518872
S3,4,20,0.0,0.7,1.0,0.0,1.0,-0.9449966335467439,0.816655445155813
S3,4,20,0.0,0.7,1.0,0.0,1.0,-0.9320667872287414,0.773555957429138
S3,4,20,0.0,0.7,1.0,0.0,1.0,-0.9183242447897375,0.7277474826324584
S3,4,20,0.2,0.7,1.0,0.0,1.0,0.6575498575498575,0.05930534607005196
S3,4,20,0.2,0.7,1.0,0.0,1.0,0.6575498575498575,0.05930534607005196
S3,4,20,0.2,0.7,1.0,0.0,1.0,-0.9551232473619797,0.8214052022052472
S3,4,20,0.2,0.7,1.0,0.05744114911820797,0.942558850881792,-0.9652347965661147,0.35911208403202743
S3,4,20,0.2,0.7,1.0,0.03548274784627903,0.964517252153721,-0.964165671748376,0.3706396479716672
S3,4,20,0.2,0.7,1.0,0.003606237813915003,0.996393762186085,-0.9633751746452793,0.4038249432827355
S3,4,20,0.4,0.7,0.8571428571428571,0.9865113022170178,0.026977395565964516,2.4269510133079857e-13,0.28208426896202543
S3,4,20,0.4,0.7,0.8571428571428571,0.6516065300156342,0.6967869399687315,0.008931551610056598,0.28022383180352733
S3,4,20,0.4,0.7,0.8571428571428571,0.5826311763054374,0.8347376473891253,0.06680044222485226,0.2678605009599165
S3,4,20,0.4,0.7,0.8571428571428571,0.5348532351489177,0.9302935297021645,0.23839666861947015,0.22693645316260427
S3,4,20,0.4,0.7,0.8571428571428571,0.5067229387333216,0.9865541225333566,0.28119745738591495,0.4219940505672485
S3,4,20,0.4,0.7,0.8571428571428571,0.5046727359479518,0.9906545281040964,0.5748268767546839,0.08026146780852353
S3,4,20,0.6,0.7,0.5333333333333333,0.9999999981261164,3.74776721548772e-09,0.4202765178389154,0.23384018035179316
S3,4,20,0.6,0.7,0.5333333333333333,0.9281631525517207,0.14367369489655876,0.43109711496433234,0.225493729161319
S3,4,20,0.6,0.7,0.5333333333333333,0.8104784346726217,0.3790431306547565,0.46444806929826543,0.2002998284325309
S3,4,20,0.6,0.7,0.6666666666666666,0.6429424937026011,0.7141150125947977,0.5717823425330397,0.05557294248379202
S3,4,20,0.6,0.7,0.6666666666666666,0.5774733698940392,0.8450532602119216,0.6217749223432785,0.03825662815761589
S3,4,20,0.6,0.7,0.5333333333333333,0.5024193907949427,0.9951612184101146,0.637638812835352,0.062072868823206305
S3,4,20,0.8,0.7,0.3076923076923077,0.9999989860240199,2.027951960088476e-06,0.6666600220794867,0.00859739752050073
S3,4,20,0.8,0.7,0.3076923076923077,0.8652043831043481,0.2695912337913038,0.6554470516163428,0.013763103022572679
S3,4,20,0.8,0.7,0.3333333333333333,0.7434429978136285,0.513114004372743,0.62518224329943,0.0507526927377333
S3,4,20,0.8,0.7,0.3333333333333333,0.6171262856280355,0.765747428743929,0.5992244753301857,0.07673666184486665
S3,4,20,0.8,0.7,0.3333333333333333,0.5624650217571374,0.8750699564857252,0.5929958534688675,0.08868183470381087
S3,4,20,0.8,0.7,0.23529411764705882,0.5077495903383464,0.984500819323307,0.5996988140807218,0.10085603791122028
S3,5,20,0.0,0.7,0.8,0.0,1.0,-0.925413913583381,0.6087551880014656
S3,5,20,0.0,0.7,0.8,0.0,1.0,-0.935626389157133,0.6782925296542195
S3,5,20,0.0,0.7,0.8,0.0,1.0,-0.9393621450128065,0.7117619142384733
S3,5,20,0.0,0.7,0.8,0.0,1.0,-0.9329344956656876,0.7208362608517007
S3,5,20,0.0,0.7,0.8,0.0,1.0,-0.894663995783187,0.6152818916918382
S3,5,20,0.0,0.7,0.8,0.0,1.0,-0.8500085865852602,0.4859910698012742
S3,5,20,0.2,0.7,1.0,0.30983249243636624,0.6901675075636338,-0.896309631478543,0.21662904552977208
S3,5,20,0.2,0.7,1.0,0.023487898836012988,0.976512101163987,-0.8303517189818614,0.17517751588413363
S3,5,20,0.2,0.7,1.0,0.011813731544509376,0.9881862684554906,-0.8273564327896175,0.1904175720678151
S3,5,20,0.2,0.7,1.0,0.004742346666987585,0.9952576533330124,-0.8100925334742124,0.18349514857006358
S3,5,20,0.2,0.7,1.0,0.0023739912507230176,0.997626008749277,-0.8057298406335495,0.1855454999482125
S3,5,20,0.2,0.7,1.0,0.0002376531195940057,0.999762346880406,-0.784625979511805,0.15713608641147808
S3,5,20,0.4,0.7,0.8,0.6057730593993977,0.7884538812012044,0.6142619190192067,0.040493649366907594
S3,5,20,0.4,0.7,0.8,0.5182014870182007,0.9635970259635986,0.6259482097491549,0.04508134423683796
S3,5,20,0.4,0.7,0.8,0.509185109750224,0.981629780499552,0.6257275728371436,0.04823494571029591
S3,5,20,0.4,0.7,0.8,0.5036944925762709,0.9926110148474583,0.6307039841955386,0.049074787671861624
S3,5,20,0.4,0.7,0.8,0.5018506712722934,0.996298657455413,0.6280794230272103,0.05284483117612125
S3,5,20,0.4,0.7,0.8,0.5001853761003395,0.9996292477993209,0.6261743697578709,0.056532524384673516
S3,5,20,0.6,0.7,0.5,0.7371820395995985,0.7884538812012044,0.5179021580915297,0.1219206748398131
S3,5,20,0.6,0.7,0.47058823529411764,0.5800412096806458,0.8399175806387085,0.5219696880576068,0.23281588996179814
S3,5,20,0.6,0.7,0.4444444444444444,0.6965368288388373,0.9103895134834882,0.5900267334537016,0.11531640090321472
S3,5,20,0.6,0.7,0.4375,0.6675530831896279,0.9973407504311163,0.6120279413668794,0.07019655379754608
S3,5,20,0.6,0.7,0.4375,0.6671101699709185,0.9986694900872441,0.6185818388774094,0.0675803188682598
S3,5,20,0.6,0.7,0.4375,0.6667110435733387,0.999866869279984,0.6252366925096178,0.06503398214182286
S3,5,20,0.8,0.7,0.2,0.7705363193315935,0.45892736133681294,0.33999802989156525,0.04337959683291089
S3,5,20,0.8,0.7,0.2,0.506612859781765,0.98677428043647,0.3919952579697632,0.1900172326180845
S3,5,20,0.8,0.7,0.2,0.5033174352676375,0.9933651294647251,0.4345979494826999,0.1685953099283055
S3,5,20,0.8,0.7,0.2,0.5013296247844419,0.9973407504311163,0.49341723205473664,0.13340892921663428
S3,5,20,0.8,0.7,0.2,0.5006652549563779,0.9986694900872441,0.5278820388444387,0.11188589910101236
S3,5,20,0.8,0.7,0.2,0.500937946497193,0.9981241070056139,0.5735181367273904,0.08130976924667759
Scene,Sindex,Num,Noise_Rate,gamma,Jaccard,LIP,MLMSSM,best_argminC,best_avgConf
S4,1_2,20,0.0,0.7,0.95,0.10577305939939774,0.8942269406006023,0.6079849884894932,0.08247042142136007
S4,1_2,20,0.0,0.7,0.85,0.0,1.0,0.6236261340435226,0.06898991948591501
S4,1_2,20,0.0,0.7,0.75,0.0,1.0,0.5874887026272977,0.10025964982002736
S4,1_2,20,0.0,0.7,0.8,0.0,1.0,0.5936456588806939,0.14078620615229487
S4,1_2,20,0.0,0.7,0.75,0.0,1.0,0.6101211170744223,0.08517488824422169
S4,1_2,20,0.0,0.7,0.7,0.0,1.0,0.6186019797755886,0.0806159155003234
S4,1_2,20,0.2,0.7,0.9411764705882353,0.0,1.0,0.5259331719213133,0.213377405762945
S4,1_2,20,0.2,0.7,0.7894736842105263,0.011743949418006494,0.9882560505819935,0.6348955594461645,0.027564302745686668
S4,1_2,20,0.2,0.7,0.7894736842105263,0.0059068657722547435,0.9940931342277453,0.6017152751257543,0.05169380519689323
S4,1_2,20,0.2,0.7,0.7894736842105263,0.0023711733334937923,0.9976288266665062,0.6064060856690074,0.057957293516031724
S4,1_2,20,0.2,0.7,0.7894736842105263,0.33333333333333337,1.0,0.6094850093149178,0.0763055306820538
S4,1_2,20,0.2,0.7,0.8823529411764706,0.0,1.0,0.4500871741724357,0.24223257564151415
S4,1_2,20,0.4,0.7,0.8571428571428571,0.10537036025541147,0.8946296397445885,0.6182043714347556,0.09202809097559717
S4,1_2,20,0.4,0.7,0.8571428571428571,0.011694097428912142,0.9883059025710879,0.5713420384746885,0.15718320610320513
S4,1_2,20,0.4,0.7,0.8571428571428571,0.005881642432155831,0.9941183575678442,0.5812859265576928,0.09946280030326336
S4,1_2,20,0.4,0.7,0.8571428571428571,0.0023610119545610653,0.9976389880454389,0.5784147538057358,0.1571632945591928
S4,1_2,20,0.4,0.7,0.8571428571428571,0.0011819028716786306,0.9988180971283214,0.5408437395718517,0.2077374042117724
S4,1_2,20,0.4,0.7,0.8571428571428571,0.00011831619620017442,0.9998816838037998,0.5369413507746379,0.21484026949252244
S4,1_2,20,0.6,0.7,0.4666666666666667,0.558104350593744,0.662843474109384,0.49747021211891984,0.12758231361080163
S4,1_2,20,0.6,0.7,0.4666666666666667,0.36719986443608443,0.9492002033458733,0.5326315099540824,0.11026973015147261
S4,1_2,20,0.6,0.7,0.4666666666666667,0.3573824277788723,0.9639263583316915,0.5728036047269701,0.09180719779982825
S4,1_2,20,0.6,0.7,0.5833333333333334,0.33648812352536994,0.9952678147119451,0.6174015677271513,0.04696515388282787
S4,1_2,20,0.6,0.7,0.5833333333333334,0.3349125989980267,0.9976311015029599,0.6334595056741339,0.04084341728650688
S4,1_2,20,0.6,0.7,0.4375,0.00023714275599706625,0.9997628572440029,0.6342361374402359,0.0446942403361644
S4,1_2,20,0.8,0.7,0.23529411764705882,0.47409561310320625,0.7888565803451907,0.5864907753240111,0.05443019586118031
S4,1_2,20,0.8,0.7,0.23529411764705882,0.34895869789794576,0.9765619531530814,0.6129750246329431,0.04866196388444862
S4,1_2,20,0.8,0.7,0.16666666666666666,0.011788508204410464,0.9882114917955895,0.6383611309051033,0.03783442832113655
S4,1_2,20,0.8,0.7,0.16666666666666666,0.004732185288054858,0.9952678147119451,0.6702742243824438,0.021512751726314793
S4,1_2,20,0.8,0.7,0.21052631578947367,0.0023688984970401394,0.9976311015029599,0.6138285799650547,0.06855640512682734
S4,1_2,20,0.8,0.7,0.21052631578947367,0.00023714275599706625,0.9997628572440029,0.634765020199248,0.05702603419287068
S4,1_3,20,0.0,0.7,0.9,0.0,1.0,0.5078858549227642,0.23846486948784107
S4,1_3,20,0.0,0.7,0.9,0.0,1.0,0.5088838353838068,0.24683581165218543
S4,1_3,20,0.0,0.7,0.9,0.0,1.0,0.38276016993745876,0.42385024653012787
S4,1_3,20,0.0,0.7,0.9,0.0,1.0,0.3668160153313203,0.45524170567895084
S4,1_3,20,0.0,0.7,0.9,0.0,1.0,0.36082395848081616,0.4676771880669279
S4,1_3,20,0.0,0.7,0.9,0.0,1.0,0.35514483548649456,0.47982685454599366
S4,1_3,20,0.2,0.7,0.8,0.4999999981261164,0.5000000018738836,0.4557499782543908,0.31649667257604575
S4,1_3,20,0.2,0.7,0.9411764705882353,0.2565055675624739,0.7434944324375261,0.5565308673174674,0.12029499939927608
S4,1_3,20,0.2,0.7,0.9411764705882353,0.151077062635941,0.848922937364059,0.5488531713028294,0.13533765255577052
S4,1_3,20,0.2,0.7,0.8,0.1608081126054991,0.8391918873945009,0.4122030234703345,0.4054935580388449
S4,1_3,20,0.2,0.7,0.8888888888888888,0.0011869956253615088,0.9988130043746385,0.36521294763427825,0.36191510801646826
S4,1_3,20,0.2,0.7,0.8888888888888888,0.00011882655979700285,0.999881173440203,0.3399835287144482,0.39865738625676883
S4,1_3,20,0.4,0.7,0.5882352941176471,0.7371820383503428,0.3942269424744858,0.33584979108558227,0.39581793130078813
S4,1_3,20,0.4,0.7,0.6,0.3866941397870972,0.9199587903193542,0.326982177268703,0.3552550692679019
S4,1_3,20,0.4,0.7,0.6,0.3611766085198864,0.9582350872201704,0.32825955889689407,0.3540385153362913
S4,1_3,20,0.4,0.7,0.6,0.34476288433229707,0.9828556735015543,0.33828441142191124,0.3444910367410369
S4,1_3,20,0.4,0.7,0.6,0.33909795512949437,0.9913530673057585,0.3461224649103627,0.3370262238948927
S4,1_3,20,0.4,0.7,0.7058823529411765,0.00011882655979700285,0.999881173440203,0.21603483192649425,0.5331749146529476
S4,1_3,20,0.6,0.7,0.3333333333333333,0.9280942306815414,0.03595288465922927,-0.7301979621592272,0.00920256993547654
S4,1_3,20,0.6,0.7,0.3333333333333333,0.23144248458130667,0.38427875770934666,-0.7652667126440834,0.02494588498810579
S4,1_3,20,0.6,0.7,0.3333333333333333,0.12332587843675158,0.4383370607816242,-0.7795202276564213,0.042014001584074964
S4,1_3,20,0.6,0.7,0.4,0.03428865299689121,0.4828556735015544,-0.7953916216967127,0.0
S4,1_3,20,0.6,0.7,0.3333333333333333,0.02598053190880667,0.48700973404559667,-0.8013157683454579,0.10015308298602704
S4,1_3,20,0.6,0.7,0.4,0.0017429943204589904,0.4991285028397705,-0.8082418019934183,0.0
S4,1_3,20,0.8,0.7,0.2,0.9126351283869014,0.08736487161309862,0.5010477266992018,0.0007445818860360336
S4,1_3,20,0.8,0.7,0.1111111111111111,0.602920371437722,0.5956194428434171,0.6548803140848667,0.01563216664634241
S4,1_3,20,0.8,0.7,0.1111111111111111,0.51614250541743,0.725786241873855,0.6658654899036626,0.01574954095041586
S4,1_3,20,0.8,0.7,0.125,0.2114144487734051,0.7885855512265949,0.6277930009017257,0.045093004457659264
S4,1_3,20,0.8,0.7,0.125,0.12147025755870322,0.8785297424412968,0.6171755469733013,0.055917146202932526
S4,1_3,20,0.8,0.7,0.125,0.013690365106458602,0.9863096348935414,0.6135607251956148,0.06303212131466891
S4,1_4,20,0.0,0.7,0.55,0.497079699796136,0.502920300203864,0.6934107264308687,0.0027722359592356467
S4,1_4,20,0.0,0.7,0.55,0.18266805496058836,0.8173319450394116,0.6950524201838805,0.002186263376193819
S4,1_4,20,0.0,0.7,0.55,0.09633875795865177,0.9036612420413482,0.6921365011195229,0.0036908574915097614
S4,1_4,20,0.0,0.7,0.55,0.03981312472880971,0.9601868752711903,0.6830841117277191,0.008889963222033857
S4,1_4,20,0.0,0.7,0.55,0.020126231376475956,0.979873768623524,0.6773946718537889,0.012748849288911826
S4,1_4,20,0.0,0.7,0.55,0.0020326899075227,0.9979673100924773,0.670762431630755,0.017986672409532584
S4,1_4,20,0.2,0.7,0.7058823529411765,0.2317861656352045,0.7682138343647955,0.554264599854201,0.11060972173836764
S4,1_4,20,0.2,0.7,0.7058823529411765,0.03019122803149077,0.9698087719685092,0.6192299485553436,0.06479403698487364
S4,1_4,20,0.2,0.7,0.7058823529411765,0.01533064261885242,0.9846693573811476,0.6568956516374005,0.03590699991982203
S4,1_4,20,0.2,0.7,0.7647058823529411,0.0023711733334937923,0.9976288266665062,0.6718584202485661,0.029452954405530023
S4,1_4,20,0.2,0.7,0.8125,0.0,1.0,0.6825173077679957,0.02298901112405747
S4,1_4,20,0.2,0.7,0.8,0.0014364427618875908,0.4992817786190562,-0.7330139447942101,0.0
S4,1_4,20,0.4,0.7,0.6,0.7938718258327008,0.2061281741672992,0.6575963755582429,0.02019220258963518
S4,1_4,20,0.4,0.7,0.6,0.14698802235058073,0.8530119776494193,0.6792735301343993,0.0006882891325893937
S4,1_4,20,0.4,0.7,0.42105263157894735,0.06935163748055195,0.465324181259724,-0.7598613325494374,0.14523826727442973
S4,1_4,20,0.4,0.7,0.42105263157894735,0.028340173678270575,0.4858299131608647,-0.7939007610325928,0.25046040240818684
S4,1_4,20,0.4,0.7,0.42105263157894735,0.014271930844145242,0.4928640345779274,-0.8089194963526377,0.30289129223912403
S4,1_4,20,0.4,0.7,0.42105263157894735,0.0014364427618875908,0.4992817786190562,-0.8252323895274982,0.36342061358225614
S4,1_4,20,0.6,0.7,0.26666666666666666,0.2567146607019464,0.7432853392980536,0.6187772834244163,0.035671104960433166
S4,1_4,20,0.6,0.7,0.25,0.029393360499674115,0.9706066395003259,0.6362050491128943,0.033028094493258095
S4,1_4,20,0.6,0.7,0.2777777777777778,0.050668899296553604,0.9493311007034464,0.6595551687775238,0.05143146827533489
S4,1_4,20,0.6,0.7,0.25,0.004742346666987585,0.4976288266665062,-0.7408079121424377,0.05938948223330947
S4,1_4,20,0.6,0.7,0.25,0.0023739912507230176,0.4988130043746385,-0.7595790204156488,0.09481565261712449
S4,1_4,20,0.6,0.7,0.35294117647058826,0.0014364427618875908,0.4992817786190562,-0.7813653000025147,0.23617802010685196
S4,1_4,20,0.8,0.7,0.2857142857142857,0.5044764404679642,0.7432853392980536,0.62092260805625,0.055519368512302186
S4,1_4,20,0.8,0.7,0.15384615384615385,0.029393360499674115,0.9706066395003259,0.6079099227530134,0.05182101235633915
S4,1_4,20,0.8,0.7,0.058823529411764705,0.014810852288978493,0.9851891477110215,0.647769571820309,0.0502285214301649
S4,1_4,20,0.8,0.7,0.14285714285714285,0.005951978208079911,0.9940480217919201,0.6542723435325384,0.03115408633507287
S4,1_4,20,0.8,0.7,0.1,0.0029806151335949327,0.9970193848664051,0.646527119924555,0.05602194932429004
S4,1_4,20,0.8,0.7,0.07142857142857142,0.0002376531195940057,0.499881173440203,-0.754175638947732,0.10564006436453369
S4,1_5,20,0.0,0.7,0.7,0.5104692843661346,0.4895307156338654,0.3633676185641782,0.18003682636239787
S4,1_5,20,0.0,0.7,0.85,0.13120587382429671,0.8687941261757033,0.3710037285743719,0.19926695027433844
S4,1_5,20,0.0,0.7,0.85,0.06970847306905492,0.9302915269309451,0.3768499467284846,0.2395277950775614
S4,1_5,20,0.0,0.7,0.85,0.028941334194875434,0.9710586658051246,0.406582216454485,0.25616685763572855
S4,1_5,20,0.0,0.7,0.85,0.014653420659245575,0.9853465793407544,0.4280618333875617,0.25442864578254387
S4,1_5,20,0.0,0.7,0.85,0.0014820740255141462,0.9985179259744859,0.45285972585347845,0.24800515610901494
S4,1_5,20,0.2,0.7,0.8888888888888888,0.10577305939939774,0.8942269406006023,0.5210721648196027,0.12550673038092852
S4,1_5,20,0.2,0.7,0.8823529411764706,0.41380708500419316,0.8792893724937102,0.5479365602781394,0.12710172486153307
S4,1_5,20,0.2,0.7,0.8823529411764706,0.37628423276612144,0.9355736508508179,0.557203019212978,0.1254949116459603
S4,1_5,20,0.2,0.7,0.8823529411764706,0.3512134342249197,0.9731798486626205,0.5779589450647006,0.11708824232398311
S4,1_5,20,0.2,0.7,0.8235294117647058,0.3423942905997329,0.9864085641004006,0.5785815314027111,0.08768575557516034
S4,1_5,20,0.2,0.7,0.7647058823529411,0.33424216497714465,0.998636752534283,0.5904357052381137,0.10007337871636474
S4,1_5,20,0.4,0.7,0.631578947368421,0.8252703055724924,0.08736484721375384,0.47243499010948165,0.0
S4,1_5,20,0.4,0.7,0.631578947368421,0.16008241936129153,0.41995879031935424,0.4656527176604774,0.0
S4,1_5,20,0.4,0.7,0.631578947368421,0.08352982555965938,0.4582350872201703,0.4622302792600072,0.0
S4,1_5,20,0.4,0.7,0.631578947368421,0.03428865299689121,0.4828556735015544,0.45689793266786694,0.0
S4,1_5,20,0.4,0.7,0.6,0.0172938653884831,0.49135306730575845,-0.7519245260844,0.0
S4,1_5,20,0.4,0.7,0.6,0.0017429943204589904,0.4991285028397705,-0.7817785699783664,0.0
S4,1_5,20,0.6,0.7,0.4,0.880032635270925,0.11996736472907496,0.366802363969814,0.21155405462234025
S4,1_5,20,0.6,0.7,0.4,0.19950313408693598,0.800496865913064,0.43472793592189796,0.18948004577007288
S4,1_5,20,0.6,0.7,0.4,0.10556652007663003,0.89443347992337,0.49531408612555294,0.1462042241960336
S4,1_5,20,0.6,0.7,0.42105263157894735,0.3553239209264262,0.9670141186103607,0.6980820041582896,0.0020429533871841113
S4,1_5,20,0.6,0.7,0.3333333333333333,0.014653420659245575,0.9853465793407544,0.6192454429125158,0.03975248745070056
S4,1_5,20,0.6,0.7,0.3333333333333333,0.0014820740255141462,0.9985179259744859,0.6469635739955748,0.032151619084327836
S4,1_5,20,0.8,0.7,0.2222222222222222,0.5731705418840767,0.4268294581159233,0.21545151066314808,0.3833434637274239
S4,1_5,20,0.8,0.7,0.2222222222222222,0.13120587382429671,0.8687941261757033,0.3307761700289136,0.31750632428482595
S4,1_5,20,0.8,0.7,0.2222222222222222,0.06970847306905492,0.9302915269309451,0.45284273695410787,0.22847973240362954
S4,1_5,20,0.8,0.7,0.2222222222222222,0.028941334194875434,0.9710586658051246,0.5683065100039388,0.12392158432624353
S4,1_5,20,0.8,0.7,0.2222222222222222,0.014653420659245575,0.9853465793407544,0.6049053436322686,0.09351567703413383
S4,1_5,20,0.8,0.7,0.2222222222222222,0.0014820740255141462,0.9985179259744859,0.6396419291140264,0.06217145469348123
S4,2_3,20,0.0,0.7,0.85,0.48651130221701777,0.5134886977829822,1.8669646036277624e-26,0.36799900199600794
S4,2_3,20,0.0,0.7,0.85,0.15160653001563418,0.8483934699843658,0.0007191730578935585,0.36793706203629784
S4,2_3,20,0.0,0.7,0.85,0.08263117630543737,0.9173688236945626,0.012592488807183468,0.3669719081026711
S4,2_3,20,0.0,0.7,0.9,0.02872057455910393,0.9712794254408961,0.043079301778033055,0.41299800444749124
S4,2_3,20,0.0,0.7,0.9,0.006722938733321637,0.9932770612666784,0.054983267001429456,0.43909118991333856
S4,2_3,20,0.0,0.7,0.9,0.0006763966664184995,0.9993236033335815,0.061737647683049054,0.45068633752233755
S4,2_3,20,0.2,0.7,1.0,0.0,1.0,0.11385277486425034,0.7971771424104532
S4,2_3,20,0.2,0.7,1.0,0.0,1.0,0.1297703085470003,0.7755288372214317
S4,2_3,20,0.2,0.7,1.0,0.0,1.0,0.14780646994440638,0.7509991371968211
S4,2_3,20,0.2,0.7,0.8421052631578947,0.0023610119545610653,0.9976389880454389,0.17424334913218525,0.7354334104400979
S4,2_3,20,0.2,0.7,0.8421052631578947,0.0011819028716786306,0.9988180971283214,0.16757336417356924,0.7447634489238762
S4,2_3,20,0.2,0.7,0.8421052631578947,0.00011831619620017442,0.9998816838037998,0.16073601602203147,0.7543275966358488
S4,2_3,20,0.4,0.7,0.75,0.10537036025541147,0.8946296397445885,0.1274214810633117,0.7595429332833621
S4,2_3,20,0.4,0.7,0.75,0.011694097428912142,0.9883059025710879,0.1258263019522035,0.7616589872062607
S4,2_3,20,0.4,0.7,0.75,0.005881642432155831,0.9941183575678442,0.13030389991795044,0.7557193164353719
S4,2_3,20,0.4,0.7,0.75,0.0023610119545610653,0.9976389880454389,0.14457718198240543,0.7367853708396663
S4,2_3,20,0.4,0.7,0.75,0.0011819028716786306,0.9988180971283214,0.1546070492716141,0.7234804448437773
S4,2_3,20,0.4,0.7,0.75,0.00011831619620017442,0.9998816838037998,0.1674620094197881,0.7064279466880363
S4,2_3,20,0.6,0.7,0.5714285714285714,0.6053703358560667,0.39462966414393325,0.4525215077678396,0.1974318500364183
S4,2_3,20,0.6,0.7,0.5714285714285714,0.4188379159315423,0.5811620840684577,0.4833403548005959,0.1705968061163694
S4,2_3,20,0.6,0.7,0.5714285714285714,0.4814103625566606,0.7778844561650091,0.6334357544513622,0.054514384108517354
S4,2_3,20,0.6,0.7,0.5,0.16316912456006016,0.8368308754399398,0.5593165080622406,0.1808787753485477
S4,2_3,20,0.6,0.7,0.5714285714285714,0.08936162204853793,0.9106383779514621,0.5565838616138618,0.18365795189686537
S4,2_3,20,0.6,0.7,0.6666666666666666,0.005750927545767337,0.9942490724542327,0.5348952407322114,0.09865977586397992
S4,2_3,20,0.8,0.7,0.2222222222222222,0.6053703358560667,0.39462966414393325,0.28954559234758237,0.34882731352650626
S4,2_3,20,0.8,0.7,0.2222222222222222,0.4188379159315423,0.5811620840684577,0.3751847816282795,0.2787031630478484
S4,2_3,20,0.8,0.7,0.2222222222222222,0.31636007710477765,0.6836399228952224,0.46748057680821276,0.32030736868256404
S4,2_3,20,0.8,0.7,0.2,0.4421127497067068,0.8368308754399398,0.6235938853679417,0.1091515923315118
S4,2_3,20,0.8,0.7,0.2222222222222222,0.3929077480323586,0.9106383779514621,0.6286672282938307,0.07835259119501671
S4,2_3,20,0.8,0.7,0.2222222222222222,0.339817242845762,0.990274135731357,0.6440733193077142,0.06223902092169884
S4,2_4,20,0.0,0.7,0.8,0.0,1.0,0.6005564218670972,0.04193344785488466
S4,2_4,20,0.0,0.7,0.95,0.0,1.0,0.6056920712653364,0.12685932411631867
S4,2_4,20,0.0,0.7,0.95,0.0,1.0,0.6058617016233588,0.12749850626990128
S4,2_4,20,0.0,0.7,0.9,0.0,1.0,0.5907129203269041,0.10946291713508882
S4,2_4,20,0.0,0.7,0.8,0.0,1.0,0.5783162238491053,0.13988085408972517
S4,2_4,20,0.0,0.7,0.8,0.0,1.0,0.5920484926835069,0.12228299150786803
S4,2_4,20,0.2,0.7,0.9411764705882353,0.33333333333333337,1.0,0.6726028175395455,0.027539824297343248
S4,2_4,20,0.2,0.7,0.8125,0.0,1.0,0.5786075479344529,0.15811719524962264
S4,2_4,20,0.2,0.7,0.6875,0.0,1.0,0.616223732944827,0.07585668977569596
S4,2_4,20,0.2,0.7,1.0,0.0,1.0,0.6351236526090831,0.08804647145910144
S4,2_4,20,0.2,0.7,1.0,0.0,1.0,0.6532670600888986,0.0634232755936376
S4,2_4,20,0.2,0.7,0.8,0.0009461936532636495,0.4995269031733682,-0.719698987429418,0.0
S4,2_4,20,0.4,0.7,0.6,0.6119579531457128,0.1940210234271436,-0.7772736268463298,0.0
S4,2_4,20,0.4,0.7,0.6,0.09032160834851599,0.454839195825742,-0.7791886445393776,0.0
S4,2_4,20,0.4,0.7,0.6,0.04622938205694127,0.47688530897152936,-0.7811976825808136,0.0
S4,2_4,20,0.4,0.7,0.6,0.018754731238017297,0.49062263438099135,-0.7739614002804053,0.0
S4,2_4,20,0.4,0.7,0.6,0.009421750308446053,0.495289124845777,-0.7698404896628368,0.0
S4,2_4,20,0.4,0.7,0.6,0.0009461936532636495,0.4995269031733682,-0.7743841709765091,0.0
S4,2_4,20,0.6,0.7,0.5,0.2563119615579601,0.7436880384420399,0.596307236456898,0.11336050103229356
S4,2_4,20,0.6,0.7,0.5,0.029343508510579874,0.9706564914894201,0.5904054811662821,0.1213797571343524
S4,2_4,20,0.6,0.7,0.5,0.014785628948879692,0.9852143710511203,0.5886860796689095,0.12422670995199056
S4,2_4,20,0.6,0.7,0.5,0.005941816829147184,0.9940581831708528,0.5898153477920014,0.12404053289474315
S4,2_4,20,0.6,0.7,0.5,0.0029755223799120545,0.997024477620088,0.5914538023127891,0.12268798246062823
S4,2_4,20,0.6,0.7,0.5,0.00029796834292661334,0.9997020316570734,0.5927239551492204,0.12176778641744113
S4,2_4,20,0.8,0.7,0.2222222222222222,0.48660703330186617,0.5133929666981338,0.6322849348376396,0.0932809571114148
S4,2_4,20,0.8,0.7,0.2222222222222222,0.07864091009884722,0.9213590899011528,0.6208736807257156,0.10789952628311505
S4,2_4,20,0.8,0.7,0.25,0.032018677545194496,0.9679813224548055,0.6244531779320484,0.06493192737552941
S4,2_4,20,0.8,0.7,0.23529411764705882,0.012958170493594823,0.9870418295064052,0.6466629356421123,0.04725158303962641
S4,2_4,20,0.8,0.7,0.2,0.006504494662456395,0.9934955053375436,0.6551880737394513,0.03200851875753474
S4,2_4,20,0.8,0.7,0.21052631578947367,0.0006527489733583192,0.9993472510266417,0.6699441226483809,0.029669894751038553
S4,2_5,20,0.0,0.7,0.7,0.0,0.5,-0.8245489281304337,0.3181186844366228
S4,2_5,20,0.0,0.7,0.7,0.0,0.5,-0.8356264686738852,0.3628078769673154
S4,2_5,20,0.0,0.7,0.7,0.0,0.5,-0.8076175025988386,0.29382816848474413
S4,2_5,20,0.0,0.7,0.7,0.0,0.5,-0.7552466240641098,0.15780922961349633
S4,2_5,20,0.0,0.7,0.7,0.0,0.5,-0.7406768935208682,0.1198484011102684
S4,2_5,20,0.0,0.7,0.85,0.0013632474657170324,0.998636752534283,0.6252258492634009,0.07734111731927372
S4,2_5,20,0.2,0.7,0.7368421052631579,0.5100665852221483,0.4899334147778517,0.6216360261795906,0.06490216194043484
S4,2_5,20,0.2,0.7,0.631578947368421,0.011694097428912142,0.9883059025710879,0.6443815778967376,0.07014061175849395
S4,2_5,20,0.2,0.7,0.631578947368421,0.005881642432155831,0.9941183575678442,0.6393261191967521,0.07687208947764057
S4,2_5,20,0.2,0.7,0.6666666666666666,0.026570160861381753,0.9734298391386182,0.5742210600790544,0.11802309019693188
S4,2_5,20,0.2,0.7,0.6666666666666666,0.014648327905562697,0.9853516720944373,0.5783256383411263,0.1090542627360848
S4,2_5,20,0.2,0.7,0.6666666666666666,0.0014815636619172068,0.9985184363380828,0.5655967481953713,0.12387126296914935
S4,2_5,20,0.4,0.7,0.4444444444444444,0.30597897657285644,0.6940210234271436,0.5025322313353225,0.1501859046024935
S4,2_5,20,0.4,0.7,0.6666666666666666,0.13115602183520247,0.8688439781647975,0.487769325643966,0.18812443194308115
S4,2_5,20,0.4,0.7,0.5882352941176471,0.06968324972895612,0.9303167502710439,0.46948196499119316,0.29455082251125314
S4,2_5,20,0.4,0.7,0.5294117647058824,0.028931172815942707,0.9710688271840573,0.44505743845045853,0.2243736387940254
S4,2_5,20,0.4,0.7,0.631578947368421,0.013466425033884066,0.9865335749661159,0.41800163465292606,0.07139016483073249
S4,2_5,20,0.4,0.7,0.631578947368421,0.0013632474657170324,0.998636752534283,0.39680201115324876,0.0847921094218469
S4,2_5,20,0.6,0.7,0.35294117647058826,0.715178561826727,0.4272321572599096,0.6128974816759958,0.028818812662843307
S4,2_5,20,0.6,0.7,0.3684210526315789,0.4207706812234683,0.8688439781647975,0.6208005599617504,0.05445341664758391
S4,2_5,20,0.6,0.7,0.29411764705882354,0.37978883315263745,0.9303167502710439,0.6305192841715943,0.026357199838949075
S4,2_5,20,0.6,0.7,0.4117647058823529,0.028931172815942707,0.9710688271840573,0.6516573515689758,0.04401720436176023
S4,2_5,20,0.6,0.7,0.4,0.014648327905562697,0.9853516720944373,0.6427342044005336,0.031022069516392976
S4,2_5,20,0.6,0.7,0.4117647058823529,0.0014815636619172068,0.9985184363380828,0.6253355949873723,0.07215586228967745
S4,2_5,20,0.8,0.7,0.21428571428571427,0.5727678427400904,0.4272321572599096,0.44012964816675043,0.08021638618373692
S4,2_5,20,0.8,0.7,0.2,0.13115602183520247,0.8688439781647975,0.4133130811905491,0.11896574062338819
S4,2_5,20,0.8,0.7,0.2,0.06968324972895612,0.9303167502710439,0.41872151266363145,0.13222228561636676
S4,2_5,20,0.8,0.7,0.2,0.035947526480390346,0.9640524735196097,0.5529537388873027,0.04927256210360541
S4,2_5,20,0.8,0.7,0.26666666666666666,0.014648327905562697,0.9853516720944373,0.5585959976405102,0.08618111632573325
S4,2_5,20,0.8,0.7,0.13333333333333333,0.0018363442923489126,0.9981636557076511,0.5382840719713009,0.10498176770632386
S4,3_4,20,0.0,0.7,1.0,0.0,1.0,0.20414201183431951,0.7083685545224007
S4,3_4,20,0.0,0.7,1.0,0.0,1.0,0.20414201183431951,0.7083685545224007
S4,3_4,20,0.0,0.7,1.0,0.0,1.0,0.20414201183431951,0.7083685545224007
S4,3_4,20,0.0,0.7,1.0,0.0,1.0,0.20414201183431951,0.7083685545224007
S4,3_4,20,0.0,0.7,1.0,0.0,1.0,0.20414201183431951,0.7083685545224007
S4,3_4,20,0.0,0.7,1.0,0.0,1.0,0.20414201183431951,0.7083685545224007
S4,3_4,20,0.2,0.7,1.0,0.4740346727518723,0.5259653272481277,0.36107142873167036,0.3130189483409175
S4,3_4,20,0.2,0.7,1.0,0.12802617211698553,0.8719738278830145,0.3637666659085861,0.3110073021384593
S4,3_4,20,0.2,0.7,1.0,0.06873799849568574,0.9312620015043143,0.37556112397884195,0.30216343808665747
S4,3_4,20,0.2,0.7,1.0,0.0,1.0,0.37887970615243344,0.4335471499727698
S4,3_4,20,0.2,0.7,1.0,0.0,1.0,0.37887970615243344,0.4335471499727698
S4,3_4,20,0.2,0.7,1.0,0.0,1.0,0.37887970615243344,0.4335471499727698
S4,3_4,20,0.4,0.7,0.7058823529411765,0.15094160130254863,0.8490583986974514,0.3453535769345879,0.47288509511959875
S4,3_4,20,0.4,0.7,0.7058823529411765,0.01764941108166762,0.9823505889183324,0.3475022224383961,0.4700200939032767
S4,3_4,20,0.4,0.7,0.7058823529411765,0.00890398651672386,0.9910960134832761,0.3510706552765519,0.4652619500384281
S4,3_4,20,0.4,0.7,0.7058823529411765,0.0035808048745862298,0.9964191951254138,0.3579569120003165,0.4560798239713205
S4,3_4,20,0.4,0.7,0.7058823529411765,0.0017936195082334239,0.9982063804917666,0.3470944011803605,0.4771427739143085
S4,3_4,20,0.4,0.7,0.7058823529411765,0.00017965214672654994,0.9998203478532735,0.3446659099108595,0.4804261932327665
S4,3_4,20,0.6,0.7,0.5333333333333333,0.6509414971110675,0.3490585028889325,0.48981097412619024,0.17479343863130564
S4,3_4,20,0.6,0.7,0.5333333333333333,0.3566030136555558,0.6433969863444442,0.5056148341441783,0.16908527109467406
S4,3_4,20,0.6,0.7,0.5333333333333333,0.2251378879195589,0.7748621120804411,0.5068971438325793,0.1723371226353348
S4,3_4,20,0.6,0.7,0.5333333333333333,0.10495426830966981,0.8950457316903302,0.5088948697247335,0.17631629568632376
S4,3_4,20,0.6,0.7,0.5333333333333333,0.05534847362527251,0.9446515263747275,0.511453907226835,0.17678660823042328
S4,3_4,20,0.6,0.7,0.5333333333333333,0.0058122634962937125,0.9941877365037063,0.5169301226849694,0.17466741558551208
S4,3_4,20,0.8,0.7,0.06666666666666667,0.650941601197788,0.34905839880221207,0.3507642213652762,0.2790097858660345
S4,3_4,20,0.8,0.7,0.21428571428571427,0.5885691961240105,0.6171462058139843,0.5917548605905298,0.07020779993251562
S4,3_4,20,0.8,0.7,0.21428571428571427,0.4995287384052488,0.7507068923921268,0.6206068735703529,0.0541804377992591
S4,3_4,20,0.8,0.7,0.2,0.16438891748008522,0.8356110825199148,0.5618890908368909,0.18291276999762549
S4,3_4,20,0.8,0.7,0.2,0.08997333868509272,0.9100266613149073,0.577549347285562,0.1665688245202363
S4,3_4,20,0.8,0.7,0.2,0.009787200219169345,0.9902127997808307,0.6013024648988186,0.1380225541698686
S4,3_5,20,0.0,0.7,0.9,0.4740346727518723,0.5259653272481277,0.2140963501277418,0.44191542772864023
S4,3_5,20,0.0,0.7,0.9,0.12802617211698553,0.8719738278830145,0.21104604605708566,0.45844171411452483
S4,3_5,20,0.0,0.7,0.9,0.06873799849568574,0.9312620015043143,0.23475960002655255,0.443065433370936
S4,3_5,20,0.0,0.7,0.9,0.0,1.0,0.24224462994397647,0.6310860470620201
S4,3_5,20,0.0,0.7,0.9,0.0,1.0,0.24053738834707067,0.6361414896567514
S4,3_5,20,0.0,0.7,0.9,0.0,1.0,0.23831523099782598,0.6426112894873686
S4,3_5,20,0.2,0.7,1.0,0.0,1.0,0.2198866526756195,0.637991493408631
S4,3_5,20,0.2,0.7,1.0,0.0,1.0,0.21743261664045976,0.6576432814317115
S4,3_5,20,0.2,0.7,1.0,0.0,1.0,0.23845740684236838,0.632682081213453
S4,3_5,20,0.2,0.7,1.0,0.0,1.0,0.2702221247847477,0.5920061418330687
S4,3_5,20,0.2,0.7,1.0,0.0,1.0,0.28624389070159734,0.5710457513132061
S4,3_5,20,0.2,0.7,1.0,0.0,1.0,0.3035733857059759,0.5481811937819592
S4,3_5,20,0.4,0.7,0.631578947368421,0.46739748248467883,0.5326025175153212,0.41105149041459627,0.19544677367986918
S4,3_5,20,0.4,0.7,0.631578947368421,0.11946192440629022,0.8805380755937098,0.33068991192443076,0.25829723421952017
S4,3_5,20,0.4,0.7,0.631578947368421,0.06380160729680029,0.9361983927031997,0.3263437916214327,0.261336931455248
S4,3_5,20,0.4,0.7,0.6470588235294118,0.016303654308569504,0.9836963456914305,0.40362412216472865,0.3663026762990664
S4,3_5,20,0.4,0.7,0.631578947368421,0.013466425033884066,0.9865335749661159,0.30896137616580005,0.2734942755983244
S4,3_5,20,0.4,0.7,0.6470588235294118,0.000828082858947643,0.9991719171410524,0.3835241001110836,0.4219023230330433
S4,3_5,20,0.6,0.7,0.47058823529411764,0.9673974580853341,0.03260254191466591,0.20337301826913107,0.4286202909730073
S4,3_5,20,0.6,0.7,0.47058823529411764,0.5266057429089204,0.4733942570910797,0.21787388949689712,0.4166475964700815
S4,3_5,20,0.6,0.7,0.47058823529411764,0.3483298208636689,0.6516701791363311,0.26375040301991676,0.3820491323500288
S4,3_5,20,0.6,0.7,0.47058823529411764,0.18737827346688074,0.8126217265331193,0.3670669109550579,0.464809182757549
S4,3_5,20,0.6,0.7,0.47058823529411764,0.10164614421074336,0.8983538557892566,0.40376875643310756,0.4099628817220386
S4,3_5,20,0.6,0.7,0.47058823529411764,0.010970795538159939,0.9890292044618401,0.44060831452151994,0.3589795647246822
S4,3_5,20,0.8,0.7,0.2,0.9673974806107952,0.032602519389204734,0.23263004166809306,0.33383568452279067
S4,3_5,20,0.8,0.7,0.2,0.5476250769580109,0.4523749230419891,0.2963298166286932,0.28833584526521916
S4,3_5,20,0.8,0.7,0.2,0.3742800419694221,0.6257199580305779,0.3725534846290747,0.23389036812208946
S4,3_5,20,0.8,0.7,0.2,0.18737827346688074,0.8126217265331193,0.4965204337838317,0.14534254729726304
S4,3_5,20,0.8,0.7,0.23529411764705882,0.10164614421074336,0.8983538557892566,0.6236733209036542,0.10096107282817413
S4,3_5,20,0.8,0.7,0.21052631578947367,0.3393308852279562,0.9910036721580657,0.6891532846757265,0.01026808815900975
S4,4_5,20,0.0,0.7,0.8,0.0,0.5,-0.7312633743979381,0.0661089877520954
S4,4_5,20,0.0,0.7,0.8,0.0,0.5,-0.7468907208248621,0.11351736689529912
S4,4_5,20,0.0,0.7,0.8,0.0,0.5,-0.7449952905053756,0.11389039061961026
S4,4_5,20,0.0,0.7,0.8,0.0,0.5,-0.7580342595770404,0.15763051883240276
S4,4_5,20,0.0,0.7,0.6,0.010013004959718241,0.9899869950402818,0.6418931047287348,0.050403000765185044
S4,4_5,20,0.0,0.7,0.8,0.0015428996124435823,0.9984571003875564,0.5219700760354312,0.17135269974427947
S4,4_5,20,0.2,0.7,0.8,0.7859328980131914,0.21406710198680856,0.4588931681963032,0.13073833962142398
S4,4_5,20,0.2,0.7,0.7894736842105263,0.4129746162708602,0.8805380755937098,0.6277193489600258,0.07017097845459618
S4,4_5,20,0.2,0.7,0.7777777777777778,0.048671777372839564,0.9513282226271604,0.524777631421959,0.2013295977832231
S4,4_5,20,0.2,0.7,0.8421052631578947,0.0035808048745862298,0.9964191951254138,0.5587587951410421,0.18229525769786878
S4,4_5,20,0.2,0.7,0.8421052631578947,0.0017936195082334239,0.9982063804917666,0.5727364538337967,0.16762745670350768
S4,4_5,20,0.2,0.7,0.8421052631578947,0.00017965214672654994,0.9998203478532735,0.5736034344520913,0.17093307272295788
S4,4_5,20,0.4,0.7,0.6666666666666666,0.885002730126416,0.11499726987358402,0.6798618229893258,0.02308567528845818
S4,4_5,20,0.4,0.7,0.6470588235294118,0.13389362533986993,0.43305318733006504,-0.718632863536748,0.04119708567264048
S4,4_5,20,0.4,0.7,0.6470588235294118,0.06935163748055195,0.465324181259724,-0.7301456174883723,0.0722348864840319
S4,4_5,20,0.4,0.7,0.6470588235294118,0.028340173678270575,0.4858299131608647,-0.7587939330619571,0.15607453437732424
S4,4_5,20,0.4,0.7,0.6470588235294118,0.014271930844145242,0.4928640345779274,-0.7458877000483862,0.12851938094254167
S4,4_5,20,0.4,0.7,0.6470588235294118,0.0014364427618875908,0.4992817786190562,-0.7402212282087018,0.11974108182130508
S4,4_5,20,0.6,0.7,0.4,0.7455593891914849,0.38166091621277254,0.6801683485086915,0.013925562165298723
S4,4_5,20,0.6,0.7,0.3333333333333333,0.09402203841474766,0.9059779615852523,0.6612407626514692,0.03019615053720862
S4,4_5,20,0.6,0.7,0.3333333333333333,0.048671777372839564,0.9513282226271604,0.6887239820093578,0.009032795573646474
S4,4_5,20,0.6,0.7,0.4,0.028340173678270575,0.4858299131608647,-0.7452197451693052,0.0
S4,4_5,20,0.6,0.7,0.4,0.014271930844145242,0.4928640345779274,-0.7717476200242699,0.0
S4,4_5,20,0.6,0.7,0.4,0.0014364427618875908,0.4992817786190562,-0.7981650884847962,0.0
S4,4_5,20,0.8,0.7,0.17647058823529413,0.7455593891914849,0.38166091621277254,0.5087967608225964,0.1384768297390645
S4,4_5,20,0.8,0.7,0.26666666666666666,0.13711133548795795,0.862888664512042,0.48914059855713504,0.27124903479587326
S4,4_5,20,0.8,0.7,0.17647058823529413,0.38180372920901606,0.9272944061864759,0.5463821544952834,0.12192471487430641
S4,4_5,20,0.8,0.7,0.17647058823529413,0.35343397715731195,0.9698490342640321,0.5842623479893402,0.09821625055028349
S4,4_5,20,0.8,0.7,0.17647058823529413,0.3435066963614116,0.9847399554578825,0.6030297452967898,0.08549335819248904
S4,4_5,20,0.8,0.7,0.17647058823529413,0.3343619330749624,0.9984571003875564,0.6226992746783349,0.07130441023560945
Scene,Sindex,Num,Noise_Rate,gamma,Jaccard,LIP,MLMSSM,best_argminC,best_avgConf
S5,1_2,20,0.0,0.7,1.0,0.560976110140931,0.6585358347886034,0.5911716600185641,0.1487321921729066
S5,1_2,20,0.0,0.7,1.0,0.05425575133584504,0.945744248664155,0.27907480096788195,0.5793772218561233
S5,1_2,20,0.0,0.7,1.0,0.027906657183055072,0.9720933428169449,0.2709249493956414,0.5987848482141864
S5,1_2,20,0.0,0.7,1.0,0.011355344451114968,0.988644655548885,0.26421016287938603,0.6158336142785472
S5,1_2,20,0.0,0.7,1.0,0.005710279517728178,0.9942897204822718,0.2616304234623422,0.6226745055608138
S5,1_2,20,0.0,0.7,1.0,0.0005739840118310635,0.9994260159881689,0.25915801894971346,0.6293973999382134
S5,1_2,20,0.2,0.7,1.0,0.34146416521139655,0.6585358347886034,0.2469126744793697,0.5899732345840392
S5,1_2,20,0.2,0.7,1.0,0.05425575133584504,0.945744248664155,0.23295226635438515,0.6204980814792146
S5,1_2,20,0.2,0.7,1.0,0.027906657183055072,0.9720933428169449,0.22307170333734352,0.6427281941765033
S5,1_2,20,0.2,0.7,1.0,0.011355344451114968,0.988644655548885,0.21441317050435432,0.6629522703008334
S5,1_2,20,0.2,0.7,1.0,0.005710279517728178,0.9942897204822718,0.21099867262073468,0.6711783600034764
S5,1_2,20,0.2,0.7,1.0,0.0015528424642375915,0.9984471575357624,0.20209169742292857,0.5081489481566475
S5,1_2,20,0.4,0.7,0.6,0.8269631361525058,0.17303686384749412,0.27018674201319653,0.12353166894642777
S5,1_2,20,0.4,0.7,0.6,0.20333190068061713,0.7966680993193829,0.27860852159416477,0.12510611422461357
S5,1_2,20,0.4,0.7,0.6,0.1090249014003355,0.8909750985996645,0.28697421957032837,0.12778753402808432
S5,1_2,20,0.4,0.7,0.6,0.045534862153775,0.954465137846225,0.27740784246769196,0.12800958526276346
S5,1_2,20,0.4,0.7,0.75,0.018326701049299787,0.9816732989507002,0.26784923610239525,0.23896940779833342
S5,1_2,20,0.4,0.7,0.75,0.0018501850412103726,0.9981498149587896,0.25762902810590216,0.27554228540801307
S5,1_2,20,0.6,0.7,0.35294117647058826,0.7668860873897269,0.34967086891540977,0.4035214358177285,0.2099687938410626
S5,1_2,20,0.6,0.7,0.35294117647058826,0.5079463436085658,0.7380804845871511,0.4121325847537324,0.20803227376742736
S5,1_2,20,0.6,0.7,0.35294117647058826,0.4483681132773959,0.8274478300839061,0.4453557052446764,0.1931113212060475
S5,1_2,20,0.6,0.7,0.4117647058823529,0.4067986998293005,0.8898019502560492,0.5030579041513652,0.1649363149116163
S5,1_2,20,0.6,0.7,0.35294117647058826,0.3599384412028669,0.9600923381956996,0.5292258860398311,0.14077629348599227
S5,1_2,20,0.6,0.7,0.4,0.005715892644136078,0.9942841073558639,0.5088874311771064,0.06507925637804797
S5,1_2,20,0.8,0.7,0.2,0.9816217524154562,0.018378247584543764,0.6078366188935366,0.0658309865046167
S5,1_2,20,0.8,0.7,0.2,0.48167109892931637,0.5183289010706836,0.6141014644380187,0.0613560968299866
S5,1_2,20,0.8,0.7,0.2,0.4754682549780286,0.7867976175329572,0.6554175907005255,0.028775924198066224
S5,1_2,20,0.8,0.7,0.2,0.10754677220067721,0.8924532277993228,0.6484939231969856,0.007890726722568497
S5,1_2,20,0.8,0.7,0.2,0.05553039456517528,0.9444696054348247,0.6574826769949251,0.008719048861191507
S5,1_2,20,0.8,0.7,0.2,0.005139312490005099,0.9948606875099949,0.6702415557744963,0.010666580247623424
S5,1_3,20,0.0,0.7,0.9,0.0,1.0,0.22836161205155953,0.6627805061168488
S5,1_3,20,0.0,0.7,0.9,0.0,1.0,0.22380489858520103,0.6727278810909108
S5,1_3,20,0.0,0.7,0.9,0.0,1.0,0.21917180766349798,0.6796374250926678
S5,1_3,20,0.0,0.7,0.9,0.0,1.0,0.21249508529128047,0.6893092836146764
S5,1_3,20,0.0,0.7,0.9,0.0,1.0,0.20910163990530267,0.6941884208012085
S5,1_3,20,0.0,0.7,0.9,0.0,1.0,0.20539154742835483,0.6995093420835923
S5,1_3,20,0.2,0.7,0.9411764705882353,0.3135948910031061,0.6864051089968939,0.2669185461946515,0.6015020191740952
S5,1_3,20,0.2,0.7,0.9411764705882353,0.046978529935528424,0.9530214700644716,0.26140946154219263,0.6091535256358436
S5,1_3,20,0.2,0.7,0.9411764705882353,0.02406856057596296,0.975931439424037,0.25908806264964956,0.6123776907643756
S5,1_3,20,0.2,0.7,0.9411764705882353,0.009770140237578162,0.9902298597624218,0.25900581643048426,0.6124919216243274
S5,1_3,20,0.2,0.7,0.9411764705882353,0.004909170069560931,0.9950908299304391,0.2592758083155518,0.6121169328950669
S5,1_3,20,0.2,0.7,1.0,0.0,1.0,0.25316180991842635,0.5988469971692085
S5,1_3,20,0.4,0.7,0.6153846153846154,0.8979987654545617,0.10200123454543832,0.3126481908640152,0.16274375518084253
S5,1_3,20,0.4,0.7,0.6153846153846154,0.24439461293161036,0.7556053870683896,0.3013254092517883,0.16888732041140664
S5,1_3,20,0.4,0.7,0.6153846153846154,0.13229286744438884,0.8677071325556112,0.31759142985397093,0.16705950847421247
S5,1_3,20,0.4,0.7,1.0,0.0313826893978133,0.9686173106021867,0.3490302301971269,0.34026598221367677
S5,1_3,20,0.4,0.7,1.0,0.01590375329337257,0.9840962467066274,0.3638762459936137,0.3270992484967596
S5,1_3,20,0.4,0.7,1.0,0.0016098479648194441,0.9983901520351806,0.38032207930590445,0.31225771442166284
S5,1_3,20,0.6,0.7,0.5384615384615384,0.8076376210989077,0.19236237890109234,0.2717800450457215,0.3333357824888238
S5,1_3,20,0.6,0.7,0.5384615384615384,0.2259247912940534,0.7740752087059466,0.28338876355706677,0.32712973054192607
S5,1_3,20,0.6,0.7,0.5384615384615384,0.1234105152046795,0.8765894847953205,0.3081856193608595,0.3130914963502444
S5,1_3,20,0.6,0.7,0.5384615384615384,0.05216430922534476,0.9478356907746552,0.3535781900049634,0.2898827464239606
S5,1_3,20,0.6,0.7,0.5384615384615384,0.02657569276934446,0.9734243072306555,0.380047187876407,0.27741851939112133
S5,1_3,20,0.6,0.7,0.4,0.002260163934785897,0.9977398360652141,0.3934011820747533,0.19709924009480145
S5,1_3,20,0.8,0.7,0.2857142857142857,0.9207495809209577,0.07925041907904229,0.28834653573628033,0.34324347927618093
S5,1_3,20,0.8,0.7,0.2857142857142857,0.2620089697447048,0.7379910302552952,0.3282061398674703,0.3234870494306433
S5,1_3,20,0.8,0.7,0.2857142857142857,0.14240785385765453,0.8575921461423455,0.3929819894444915,0.2788190141456427
S5,1_3,20,0.8,0.7,0.36363636363636365,0.090297719401774,0.909702280598226,0.43353007105055275,0.22147615760321823
S5,1_3,20,0.8,0.7,0.3076923076923077,0.37786127862103536,0.933208082068447,0.5192796676489945,0.09986686346362168
S5,1_3,20,0.8,0.7,0.2857142857142857,0.3371756475249975,0.9942365287125037,0.5175437145128197,0.1123876726776265
S5,1_4,20,0.0,0.7,1.0,0.0,1.0,0.4625796181616739,0.3341841509589386
S5,1_4,20,0.0,0.7,1.0,0.0,1.0,0.4675252661118097,0.32800019706735084
S5,1_4,20,0.0,0.7,1.0,0.0,1.0,0.4748060354626652,0.31886214924320555
S5,1_4,20,0.0,0.7,1.0,0.0,1.0,0.48344924360692015,0.3079589290197751
S5,1_4,20,0.0,0.7,1.0,0.0,1.0,0.48746419906812316,0.30287297561992976
S5,1_4,20,0.0,0.7,1.0,0.0,1.0,0.49169693080461935,0.29749612324049435
S5,1_4,20,0.2,0.7,1.0,0.0,1.0,0.2687163900327495,0.5842243706446701
S5,1_4,20,0.2,0.7,1.0,0.0,1.0,0.2614959252760034,0.5940053393176794
S5,1_4,20,0.2,0.7,1.0,0.0,1.0,0.25622689338620674,0.6011428626748895
S5,1_4,20,0.2,0.7,1.0,0.0,1.0,0.2515916674778359,0.6074218212917483
S5,1_4,20,0.2,0.7,1.0,0.0,1.0,0.24974652619867277,0.6099212821515093
S5,1_4,20,0.2,0.7,1.0,0.000978858452406417,0.9990211415475936,0.2458247227625061,0.4582345269075263
S5,1_4,20,0.4,0.7,0.75,0.955661712894782,0.04433828710521804,0.3334304613817626,0.32086468205068935
S5,1_4,20,0.4,0.7,0.75,0.2686982909593947,0.7313017090406053,0.2998252133850583,0.3506427278293798
S5,1_4,20,0.4,0.7,0.75,0.14487016463848512,0.8551298353615149,0.31192072598182086,0.34281737203915064
S5,1_4,20,0.4,0.7,0.75,0.031969466332482765,0.9680305336675172,0.3359416477717646,0.4761477467820229
S5,1_4,20,0.4,0.7,0.75,0.01624875521218694,0.9837512447878131,0.3323176455028954,0.4808875378185247
S5,1_4,20,0.4,0.7,0.75,0.0016491383914480906,0.9983508616085519,0.3261466115315589,0.4889585624297802
S5,1_4,20,0.6,0.7,0.6666666666666666,0.9807017144132266,0.01929828558677333,0.4725581903823096,0.0571163907961616
S5,1_4,20,0.6,0.7,0.6666666666666666,0.5460460356172478,0.45395396438275215,0.47835368469953987,0.05916752069041946
S5,1_4,20,0.6,0.7,0.4,0.39159667888990213,0.6084033211100979,0.47065243850374383,0.15562870244388807
S5,1_4,20,0.6,0.7,0.5333333333333333,0.06813156745540738,0.9318684325445926,0.47468238119752704,0.11196751277891094
S5,1_4,20,0.6,0.7,0.5333333333333333,0.03471322661485465,0.9652867733851453,0.47455650693297446,0.1273277809730282
S5,1_4,20,0.6,0.7,0.5333333333333333,0.0035310965137734796,0.9964689034862265,0.4769821664395717,0.1437705102639682
S5,1_4,20,0.8,0.7,0.25,0.9816270382690261,0.01837296173097388,0.31988145821655867,0.4799344695506069
S5,1_4,20,0.8,0.7,0.25,0.5688352713941298,0.4311647286058702,0.35314570218720104,0.4432051518165437
S5,1_4,20,0.8,0.7,0.23529411764705882,0.3866106008154212,0.6133893991845788,0.3674987703974196,0.44993221942253925
S5,1_4,20,0.8,0.7,0.23529411764705882,0.19277757893798186,0.8072224210620181,0.40224190209454536,0.3922844781929006
S5,1_4,20,0.8,0.7,0.23529411764705882,0.10442847438904623,0.8955715256109538,0.4089512867806121,0.38344513011443165
S5,1_4,20,0.8,0.7,0.23529411764705882,0.011256686463890997,0.988743313536109,0.4186587061676058,0.3706559902871225
S5,1_5,20,0.0,0.7,0.9,0.0,1.0,0.508244667324232,0.2460531432645375
S5,1_5,20,0.0,0.7,0.9,0.006612859781764957,0.993387140218235,0.5354886503884216,0.2263680441608491
S5,1_5,20,0.0,0.7,0.9,0.003317435267637503,0.9966825647323625,0.5334474175068585,0.23104988600639978
S5,1_5,20,0.0,0.7,0.9,0.001329624784441874,0.9986703752155581,0.5319220136641236,0.23476766368119872
S5,1_5,20,0.0,0.7,0.9,0.0006652549563779253,0.9993347450436221,0.5313616277305911,0.2361920164302469
S5,1_5,20,0.0,0.7,0.9,6.656536000804181e-05,0.999933434639992,0.5308360950643516,0.23756126590855842
S5,1_5,20,0.2,0.7,0.875,0.06232854957085876,0.9376714504291412,0.5366078228862037,0.20674621944227378
S5,1_5,20,0.2,0.7,0.875,0.006612859781764957,0.993387140218235,0.5257764811565816,0.22334915236156755
S5,1_5,20,0.2,0.7,0.875,0.003317435267637503,0.9966825647323625,0.5186104256883535,0.23465171608092605
S5,1_5,20,0.2,0.7,0.875,0.001329624784441874,0.9986703752155581,0.5122436599352449,0.2449237183474344
S5,1_5,20,0.2,0.7,0.875,0.001850671272293436,0.9981493287277066,0.5068042533071185,0.20480394282883446
S5,1_5,20,0.2,0.7,0.875,6.656536000804181e-05,0.999933434639992,0.5071465892508844,0.2533133715206168
S5,1_5,20,0.4,0.7,0.6,0.5478275205119681,0.45217247948803185,0.5203935959429828,0.1096095830529878
S5,1_5,20,0.4,0.7,0.6,0.15568900912653716,0.8443109908734628,0.5077625786533825,0.12120407711618003
S5,1_5,20,0.4,0.7,0.6111111111111112,0.33554495684509167,0.9966825647323625,0.591373756207614,0.11860768777183639
S5,1_5,20,0.4,0.7,0.6,0.03550914248710191,0.9644908575128981,0.5452646685572077,0.1002647294542641
S5,1_5,20,0.4,0.7,0.6,0.018057504139350478,0.9819424958606495,0.5680577562053338,0.08592182805348307
S5,1_5,20,0.4,0.7,0.6,0.0018336297080931985,0.9981663702919068,0.596680392865466,0.06761142441646592
S5,1_5,20,0.6,0.7,0.4444444444444444,0.9090247721479814,0.09097522785201856,0.5231610328576358,0.2342063701736668
S5,1_5,20,0.6,0.7,0.35294117647058826,0.3444767077162376,0.6555232922837624,0.5626563639765934,0.11657006709160228
S5,1_5,20,0.6,0.7,0.35294117647058826,0.1908622758910199,0.8091377241089801,0.5841257966406361,0.10143457678986514
S5,1_5,20,0.6,0.7,0.35294117647058826,0.08136345510090848,0.9186365448990915,0.5826468486234305,0.10764839505565212
S5,1_5,20,0.6,0.7,0.4444444444444444,0.026692932003927528,0.9733070679960725,0.5981149814755442,0.1349370037005441
S5,1_5,20,0.6,0.7,0.4,0.00423898619174512,0.9957610138082549,0.5983272320812474,0.03043050505423103
S5,1_5,20,0.8,0.7,0.25,0.9044396705941387,0.09556032940586137,0.3120463980080057,0.3392152420517004
S5,1_5,20,0.8,0.7,0.25,0.2248965874886648,0.7751034125113352,0.3740017666209413,0.28705229030206053
S5,1_5,20,0.8,0.7,0.25,0.12012955559708072,0.8798704444029193,0.45089721287341705,0.22286934634042538
S5,1_5,20,0.8,0.7,0.2222222222222222,0.3666941472074515,0.9499587791888227,0.645406282376156,0.04523708755276868
S5,1_5,20,0.8,0.7,0.23529411764705882,0.02536518121518283,0.9746348187848172,0.586491758124326,0.10531564484074964
S5,1_5,20,0.8,0.7,0.23529411764705882,0.0025681063723209663,0.997431893627679,0.6311943127673412,0.06644531599768233
S5,2_3,20,0.0,0.7,1.0,0.34146416521139655,0.6585358347886034,0.18063263041066552,0.5201434714566262
S5,2_3,20,0.0,0.7,1.0,0.05425575133584504,0.945744248664155,0.1862230596196523,0.5163733174660436
S5,2_3,20,0.0,0.7,1.0,0.027906657183055072,0.9720933428169449,0.20495757639859025,0.5036753907986501
S5,2_3,20,0.0,0.7,1.0,0.011355344451114968,0.988644655548885,0.23743090724720262,0.48139644000772186
S5,2_3,20,0.0,0.7,1.0,0.005710279517728178,0.9942897204822718,0.2551138483996924,0.4690943315969959
S5,2_3,20,0.0,0.7,1.0,0.0005739840118310635,0.9994260159881689,0.2750147985391201,0.45507943981011156
S5,2_3,20,0.2,0.7,0.6875,0.34146416521139655,0.6585358347886034,0.09687410613872124,0.5354059841210048
S5,2_3,20,0.2,0.7,0.6875,0.05425575133584504,0.945744248664155,0.09422613766862054,0.5439398745302797
S5,2_3,20,0.2,0.7,0.6875,0.027906657183055072,0.9720933428169449,0.09028235969638296,0.5575281378305477
S5,2_3,20,0.2,0.7,0.6875,0.011355344451114968,0.988644655548885,0.08500641409455435,0.5792529814179769
S5,2_3,20,0.2,0.7,0.6875,0.005710279517728178,0.9942897204822718,0.08244897016094344,0.5915537632156229
S5,2_3,20,0.2,0.7,0.6875,0.0005739840118310635,0.9994260159881689,0.07979786144365508,0.6060644205806731
S5,2_3,20,0.4,0.7,0.6875,0.9121352033793282,0.08786479662067184,0.31133675341435346,0.28946678830799183
S5,2_3,20,0.4,0.7,0.6875,0.2119597347398956,0.7880402652601044,0.3007615805933942,0.3521456992884477
S5,2_3,20,0.4,0.7,0.6875,0.11478944115033629,0.8852105588496637,0.2842880927282973,0.3770293844133019
S5,2_3,20,0.4,0.7,0.6875,0.048250871353129554,0.9517491286468704,0.27035460001907896,0.4025712864029258
S5,2_3,20,0.4,0.7,0.6875,0.02453469693196353,0.9754653030680365,0.2654740435725863,0.4135486325380933
S5,2_3,20,0.4,0.7,0.6875,0.0024912038134025094,0.9975087961865975,0.2613082341588845,0.4246232467035398
S5,2_3,20,0.6,0.7,0.5,0.8528704637066603,0.14712953629333972,0.402899181513952,0.3941133306447575
S5,2_3,20,0.6,0.7,0.5,0.39275495019304807,0.6072450498069519,0.41203437511094854,0.38199521668955805
S5,2_3,20,0.6,0.7,0.5,0.24259658619205793,0.7574034138079421,0.43053082418264155,0.35745911077812853
S5,2_3,20,0.6,0.7,0.5,0.11160816048008715,0.8883918395199129,0.46847156529614303,0.3071295562398102
S5,2_3,20,0.6,0.7,0.5,0.058599381419506935,0.9414006185804931,0.4916435914775514,0.27639115416243176
S5,2_3,20,0.6,0.7,0.5,0.006129426444317909,0.9938705735556821,0.5182840322556632,0.24105179394656917
S5,2_3,20,0.8,0.7,0.25,0.9688810181712226,0.04667847274316601,0.634289608740286,0.052856761022997654
S5,2_3,20,0.8,0.7,0.2857142857142857,0.3782124620963916,0.6217875379036084,0.5132966656184723,0.24687388177149275
S5,2_3,20,0.8,0.7,0.2857142857142857,0.2335809809454934,0.7664190190545066,0.5392479472059694,0.21255904940027007
S5,2_3,20,0.8,0.7,0.2857142857142857,0.10739325006545242,0.8926067499345476,0.5842690356830715,0.15302861353131267
S5,2_3,20,0.8,0.7,0.2857142857142857,0.05636882061807302,0.943631179381927,0.6086254160641484,0.1208226853913683
S5,2_3,20,0.8,0.7,0.2857142857142857,0.005894188807916478,0.9941058111920835,0.6334223773826577,0.0880341863690197
S5,2_4,20,0.0,0.7,1.0,0.0,1.0,0.33333334764776495,0.37950512563330385
S5,2_4,20,0.0,0.7,1.0,0.0,1.0,0.34673045326713026,0.37101656392967813
S5,2_4,20,0.0,0.7,1.0,0.0,1.0,0.3591498766525927,0.36402402256261135
S5,2_4,20,0.0,0.7,1.0,0.0697064702978355,0.9302935297021645,0.5004822674069324,0.11923269284662463
S5,2_4,20,0.0,0.7,1.0,0.03548274784627903,0.964517252153721,0.5281436028475126,0.11025497559391792
S5,2_4,20,0.0,0.7,1.0,0.003606237813915003,0.996393762186085,0.5632789993761265,0.09644019611262994
S5,2_4,20,0.2,0.7,0.875,0.34146416521139655,0.6585358347886034,0.2230622348203531,0.6162479922634934
S5,2_4,20,0.2,0.7,0.875,0.05425575133584504,0.945744248664155,0.21662029838691405,0.6338482439582218
S5,2_4,20,0.2,0.7,0.875,0.027906657183055072,0.9720933428169449,0.2124418470273196,0.6461300601887896
S5,2_4,20,0.2,0.7,0.875,0.011355344451114968,0.988644655548885,0.20889780887744253,0.6571707290082887
S5,2_4,20,0.2,0.7,0.875,0.005710279517728178,0.9942897204822718,0.20751160682484676,0.6616619559402723
S5,2_4,20,0.2,0.7,0.875,0.0005739840118310635,0.9994260159881689,0.20485884178357172,0.48348269609879746
S5,2_4,20,0.4,0.7,0.8571428571428571,0.9960576044819914,0.003942395518008599,0.35130208516971273,0.4180866804090533
S5,2_4,20,0.4,0.7,0.75,0.7000409413076563,0.44993858803851555,0.39571155631303967,0.22369558255350327
S5,2_4,20,0.4,0.7,0.8571428571428571,0.30001940120948234,0.6999805987905177,0.3863616043965115,0.39052527771908674
S5,2_4,20,0.4,0.7,0.6,0.10239120208626806,0.8976087979137319,0.28658513587150997,0.2768403108003281
S5,2_4,20,0.4,0.7,0.6,0.054125130830559254,0.9458748691694407,0.27475998339130797,0.28475893969332056
S5,2_4,20,0.4,0.7,0.6,0.005695796804631836,0.9943042031953682,0.2627423981517792,0.2928064298090764
S5,2_4,20,0.6,0.7,0.5333333333333333,0.9994505453628026,0.0008241819557960819,0.5885007471619222,0.07758234519053071
S5,2_4,20,0.6,0.7,0.5333333333333333,0.7549460896874529,0.24505391031254709,0.4986856182912541,0.163799814896422
S5,2_4,20,0.6,0.7,0.5333333333333333,0.5161851601450956,0.48381483985490437,0.487574759356569,0.17927033318823177
S5,2_4,20,0.6,0.7,0.5333333333333333,0.25633082724326495,0.743669172756735,0.4706940596968108,0.2043505727169964
S5,2_4,20,0.6,0.7,0.5333333333333333,0.1384702099588342,0.8615297900411658,0.4611264896630111,0.2190681047525361
S5,2_4,20,0.6,0.7,0.5333333333333333,0.014879866720194368,0.9851201332798056,0.45020318516197233,0.2365805225397411
S5,2_4,20,0.8,0.7,0.2,0.9999924242476702,7.575752329737976e-06,0.4860272188574345,0.1528377008161182
S5,2_4,20,0.8,0.7,0.21052631578947367,0.7826017671986527,0.21739823280134726,0.5292324307615865,0.13119160550136624
S5,2_4,20,0.8,0.7,0.2,0.621379966487599,0.378620033512401,0.5367597483015586,0.10639766405344839
S5,2_4,20,0.8,0.7,0.25,0.3340416440623899,0.6659583559376101,0.6080302589727736,0.11477799736201297
S5,2_4,20,0.8,0.7,0.25,0.1890368456184478,0.8109631543815522,0.6227769959811521,0.09875561215582904
S5,2_4,20,0.8,0.7,0.26666666666666666,0.020916142796096104,0.9790838572039039,0.6045146125185776,0.08908555265865552
S5,2_5,20,0.0,0.7,1.0,0.5526057975120671,0.44739420248793293,0.1609881871409574,0.27452454853466085
S5,2_5,20,0.0,0.7,1.0,0.11308285181607047,0.8869171481839295,0.1881916487058056,0.4739096504855514
S5,2_5,20,0.0,0.7,1.0,0.0597354203224334,0.9402645796775666,0.20457801597133782,0.47436799486923176
S5,2_5,20,0.0,0.7,1.0,0.039810355899993155,0.9601896441000068,0.2213087843856234,0.48790455807568933
S5,2_5,20,0.0,0.7,1.0,0.020290781818780523,0.9797092181812195,0.2286218576434515,0.4914986701237334
S5,2_5,20,0.0,0.7,1.0,0.002064669586709922,0.9979353304132901,0.23627514364002394,0.4954395326102175
S5,2_5,20,0.2,0.7,1.0,0.5317542351564235,0.46824576484357644,0.2102227865690251,0.23460129755407205
S5,2_5,20,0.2,0.7,1.0,0.17159406458613224,0.8284059354138678,0.242226547812241,0.39761301351337186
S5,2_5,20,0.2,0.7,1.0,0.09403831584201072,0.9059616841579893,0.24980741352423153,0.4079683582744339
S5,2_5,20,0.2,0.7,1.0,0.012684969235556842,0.9873150307644432,0.26072323238900097,0.433604956262901
S5,2_5,20,0.2,0.7,1.0,0.006375534474106104,0.9936244655258939,0.26282498188290526,0.436164402722963
S5,2_5,20,0.2,0.7,1.0,0.0006405493718391053,0.9993594506281609,0.2649798680002161,0.43871210635962454
S5,2_5,20,0.4,0.7,0.6,0.6548995694603368,0.34510043053966327,0.02475654172785191,0.4665340757300116
S5,2_5,20,0.4,0.7,0.6666666666666666,0.44687712529694146,0.8296843120545878,0.26694659899107187,0.4101065313997195
S5,2_5,20,0.4,0.7,0.6666666666666666,0.3541493949671284,0.9687759075493074,0.29152568804083084,0.452491277836623
S5,2_5,20,0.4,0.7,0.8571428571428571,0.34178997949037127,0.9873150307644432,0.3158963855931283,0.3192038882041437
S5,2_5,20,0.4,0.7,0.8571428571428571,0.3375836896494041,0.9936244655258939,0.32249889343110316,0.32199229552672215
S5,2_5,20,0.4,0.7,0.8571428571428571,0.33376036624789274,0.9993594506281609,0.33045558196003866,0.3252788572294341
S5,2_5,20,0.6,0.7,0.4,0.9313754790821079,0.06862452091789203,0.5673282984141024,0.022402895165147155
S5,2_5,20,0.6,0.7,0.4,0.2825704495862781,0.7174295504137219,0.6171017887398013,0.01816921421425482
S5,2_5,20,0.6,0.7,0.4444444444444444,0.4364918542522437,0.8452622186216344,0.6868260595307887,0.00948656592086095
S5,2_5,20,0.6,0.7,0.4444444444444444,0.3769987027744287,0.934501945838357,0.6580338895487834,0.03418911954788606
S5,2_5,20,0.6,0.7,0.4,0.02092120137032827,0.48953939931483587,-0.7539994038124191,0.0
S5,2_5,20,0.6,0.7,0.4,0.0021120814897391815,0.4989439592551304,-0.7437085749494514,0.0
S5,2_5,20,0.8,0.7,0.2222222222222222,0.949012151289015,0.07648177306647763,0.3423152718511136,0.3452958062420614
S5,2_5,20,0.8,0.7,0.2857142857142857,0.613851021807015,0.5792234672894774,0.4111467766213956,0.30415761062695346
S5,2_5,20,0.8,0.7,0.2857142857142857,0.5051565011843493,0.742265248223476,0.4541443510197529,0.2608308831244493
S5,2_5,20,0.8,0.7,0.2857142857142857,0.4119676689091887,0.882048496636217,0.520888417170133,0.19295357398773416
S5,2_5,20,0.8,0.7,0.2857142857142857,0.3745470637490852,0.9381794043763722,0.5562052811420086,0.15651152545534652
S5,2_5,20,0.8,0.7,0.2857142857142857,0.3376373825612967,0.9935439261580549,0.59373716221175,0.11722671358819857
S5,3_4,20,0.0,0.7,1.0,0.0,1.0,0.2097457627118644,0.700363196125908
S5,3_4,20,0.0,0.7,1.0,0.0,1.0,0.2097457627118644,0.700363196125908
S5,3_4,20,0.0,0.7,1.0,0.0,1.0,0.2097457627118644,0.700363196125908
S5,3_4,20,0.0,0.7,1.0,0.0,1.0,0.2097457627118644,0.700363196125908
S5,3_4,20,0.0,0.7,1.0,0.0,1.0,0.2097457627118644,0.700363196125908
S5,3_4,20,0.0,0.7,1.0,0.0,1.0,0.2097457627118644,0.700363196125908
S5,3_4,20,0.2,0.7,0.8235294117647058,0.8414631512354165,0.15853684876458352,0.49726741696543486,0.08131519807120717
S5,3_4,20,0.2,0.7,0.8235294117647058,0.41946013444019314,0.5805398655598069,0.5125796673586671,0.07859665176695571
S5,3_4,20,0.2,0.7,0.9411764705882353,0.2403891210911493,0.7596108789088507,0.4453543494258726,0.22174053997931487
S5,3_4,20,0.2,0.7,0.8235294117647058,0.11530976916040525,0.8846902308395947,0.4654531802909663,0.12594771990030745
S5,3_4,20,0.2,0.7,0.8235294117647058,0.061428323509375105,0.9385716764906249,0.46732935764002304,0.1362284346411998
S5,3_4,20,0.2,0.7,0.8235294117647058,0.0065114710827898215,0.9934885289172102,0.4729918505588831,0.14842113281968458
S5,3_4,20,0.4,0.7,0.75,0.35287803798001005,0.64712196201999,0.3122065514822036,0.5326833084035665
S5,3_4,20,0.4,0.7,0.75,0.057573884352174254,0.9424261156478257,0.3118334448229628,0.5331958175508752
S5,3_4,20,0.4,0.7,0.6875,0.06764498066319913,0.9323550193368009,0.3100607553225686,0.3799589535827695
S5,3_4,20,0.4,0.7,0.6875,0.028243161126526806,0.9717568388734732,0.30178047191252294,0.39899150450424004
S5,3_4,20,0.4,0.7,0.6875,0.014326838875425851,0.9856731611245741,0.2973343235244098,0.4099149687854118
S5,3_4,20,0.4,0.7,0.6875,0.0014514994993852781,0.9985485005006147,0.2917606188077297,0.4234875461800905
S5,3_4,20,0.6,0.7,0.6153846153846154,0.8135946989011762,0.1864053010988238,0.32053070941727047,0.2849558849426806
S5,3_4,20,0.6,0.7,0.6153846153846154,0.43284160262391047,0.5671583973760895,0.32302046241303717,0.28596167871614536
S5,3_4,20,0.6,0.7,0.6153846153846154,0.28517849452923727,0.7148215054707627,0.3261717116724941,0.29188539579202954
S5,3_4,20,0.6,0.7,0.6153846153846154,0.13766879611132166,0.8623312038886783,0.33759057873295295,0.30433364690553855
S5,3_4,20,0.6,0.7,0.6153846153846154,0.07357325449664198,0.926426745503358,0.3479536269816296,0.31129762976677156
S5,3_4,20,0.6,0.7,0.6153846153846154,0.007824859812199936,0.9921751401878001,0.36315702822438006,0.31876853939927335
S5,3_4,20,0.8,0.7,0.23529411764705882,0.6271897820062122,0.1864051089968939,-0.770089157767299,0.2161082364491721
S5,3_4,20,0.8,0.7,0.23529411764705882,0.09395705987105685,0.4530214700644716,-0.7682054019726687,0.21029998941572872
S5,3_4,20,0.8,0.7,0.125,0.08215039618808251,0.45892480190595875,-0.7728005657919976,0.07369197400072852
S5,3_4,20,0.8,0.7,0.125,0.05565266575880712,0.47217366712059644,-0.7802342762231126,0.1018620441607663
S5,3_4,20,0.8,0.7,0.125,0.028224648264223107,0.48588767586788845,-0.7848949303770507,0.1200341611616671
S5,3_4,20,0.8,0.7,0.3076923076923077,0.008126179962917757,0.9918738200370822,0.5597006562441461,0.14105307835596734
S5,3_5,20,0.0,0.7,1.0,0.06232854957085876,0.9376714504291412,0.26100542848888136,0.5149776385984733
S5,3_5,20,0.0,0.7,1.0,0.006612859781764957,0.993387140218235,0.25517863323792445,0.6070109983896071
S5,3_5,20,0.0,0.7,1.0,0.003317435267637503,0.9966825647323625,0.259051593818604,0.612120312212558
S5,3_5,20,0.0,0.7,1.0,0.001329624784441874,0.9986703752155581,0.2796507199580753,0.5925737833900686
S5,3_5,20,0.0,0.7,1.0,0.0006652549563779253,0.9993347450436221,0.2957705021932823,0.5734482186518566
S5,3_5,20,0.0,0.7,1.0,6.656536000804181e-05,0.999933434639992,0.317420506571205,0.5461419846561234
S5,3_5,20,0.2,0.7,0.8823529411764706,0.3759234405739649,0.6240765594260351,0.36299483314376807,0.43857741212235224
S5,3_5,20,0.2,0.7,0.8823529411764706,0.05359138971729349,0.9464086102827065,0.3614775124001524,0.4479261563736131
S5,3_5,20,0.2,0.7,0.8823529411764706,0.004918391507649611,0.9950816084923504,0.3653564460458029,0.3661857630454709
S5,3_5,20,0.2,0.7,0.9375,0.001329624784441874,0.9986703752155581,0.3851361437622155,0.4166045341886351
S5,3_5,20,0.2,0.7,0.7058823529411765,0.004221961326879908,0.9957780386731201,0.5122418051323995,0.17795066584325425
S5,3_5,20,0.2,0.7,0.7058823529411765,0.0004233796672679091,0.9995766203327321,0.5384865583313707,0.1568682310730668
S5,3_5,20,0.4,0.7,0.8,0.7494667639421008,0.25053323605789923,0.34247778343162194,0.3873947742420652
S5,3_5,20,0.4,0.7,0.7142857142857143,0.05359138971729349,0.9464086102827065,0.3936981578498513,0.2633243373911479
S5,3_5,20,0.4,0.7,0.7142857142857143,0.027385995843600464,0.9726140041563995,0.3946639748218987,0.26781930094049244
S5,3_5,20,0.4,0.7,0.7142857142857143,0.011099765022020036,0.98890023497798,0.39872959382967543,0.2737131098625022
S5,3_5,20,0.4,0.7,0.7142857142857143,0.005574425025938856,0.9944255749740611,0.43280648464360927,0.24779008173772446
S5,3_5,20,0.4,0.7,0.6875,0.3333777102400054,0.999933434639992,0.5935063570442769,0.12037042357380451
S5,3_5,20,0.6,0.7,0.4,0.70575607596002,0.14712196201999,-0.7275917174253849,0.0
S5,3_5,20,0.6,0.7,0.4444444444444444,0.07644841445755746,0.9235515855424425,0.6706264689475565,0.02624140284683914
S5,3_5,20,0.6,0.7,0.4444444444444444,0.03902726569584103,0.960972734304159,0.6578612638051144,0.04013712088529173
S5,3_5,20,0.6,0.7,0.4,0.024170034712683863,0.48791498264365807,-0.7356845875325755,0.0
S5,3_5,20,0.6,0.7,0.4,0.01215893723366801,0.493920531383166,-0.7344860621570992,0.0
S5,3_5,20,0.6,0.7,0.4,0.0012225981991315082,0.49938870090043425,-0.7202537412108883,0.0
S5,3_5,20,0.8,0.7,0.21052631578947367,0.8768775950777195,0.1231224049222806,0.24296228554553867,0.5179342312751551
S5,3_5,20,0.8,0.7,0.21052631578947367,0.1911776738519677,0.8088223261480323,0.38517307410314894,0.37159712458317895
S5,3_5,20,0.8,0.7,0.2857142857142857,0.08502042565840207,0.9149795743415979,0.43894074329855964,0.21912765506270893
S5,3_5,20,0.8,0.7,0.21428571428571427,0.04372042826171341,0.9562795717382866,0.517245395292919,0.15420014246290598
S5,3_5,20,0.8,0.7,0.21428571428571427,0.02211081635289902,0.977889183647101,0.5481098799886266,0.13402850428642735
S5,3_5,20,0.8,0.7,0.21428571428571427,0.002233972993042288,0.9977660270069577,0.58281517427602,0.10986412518222598
S5,4_5,20,0.0,0.7,0.9,0.536363222322731,0.46363677767726896,0.19377005969919492,0.46211589323563484
S5,4_5,20,0.0,0.7,0.9,0.07133476227208901,0.928665237727911,0.1926138650318041,0.48344207084867374
S5,4_5,20,0.0,0.7,0.9,0.03679943051879819,0.9632005694812018,0.19495376801083303,0.49522205107175876
S5,4_5,20,0.0,0.7,0.9,0.015001521854734579,0.9849984781452654,0.19941216659520267,0.5078109578483234
S5,4_5,20,0.0,0.7,0.9,0.006883328749824447,0.9931166712501756,0.20117718728674272,0.5112735773158087
S5,4_5,20,0.0,0.7,0.9,0.0006926346486426649,0.9993073653513573,0.19992611162650836,0.526694985545985
S5,4_5,20,0.2,0.7,0.9411764705882353,0.06232854957085876,0.9376714504291412,0.1862816664289298,0.6605851333949768
S5,4_5,20,0.2,0.7,0.9411764705882353,0.006612859781764957,0.993387140218235,0.19038586117042833,0.6724628215287969
S5,4_5,20,0.2,0.7,0.9411764705882353,0.003317435267637503,0.9966825647323625,0.19256397939830938,0.6785809485519442
S5,4_5,20,0.2,0.7,0.9411764705882353,0.001329624784441874,0.9986703752155581,0.19448186073401305,0.6838749732397131
S5,4_5,20,0.2,0.7,0.9411764705882353,0.0006652549563779253,0.9993347450436221,0.19525988499676336,0.6859994443320965
S5,4_5,20,0.2,0.7,0.9411764705882353,0.0007429620264265413,0.9992570379735735,0.19410018736290896,0.5188832948157438
S5,4_5,20,0.4,0.7,0.7058823529411765,0.4235258012068721,0.5764741987931279,0.11427472843004632,0.791924474316519
S5,4_5,20,0.4,0.7,0.7058823529411765,0.0855954668696488,0.9144045331303512,0.11340113404505822,0.7931056095819365
S5,4_5,20,0.4,0.7,0.7058823529411765,0.04480524325825597,0.955194756741744,0.11235857016170382,0.7945151985058596
S5,4_5,20,0.4,0.7,0.7058823529411765,0.01842836024003769,0.9815716397599623,0.11046100658104505,0.7970807819184849
S5,4_5,20,0.4,0.7,0.7058823529411765,0.009300682820954864,0.9906993171790451,0.10935747867302345,0.7985727966920855
S5,4_5,20,0.4,0.7,0.7058823529411765,0.0009379464971930318,0.999062053502807,0.10806619995383454,0.8003186582256827
S5,4_5,20,0.6,0.7,0.4,0.6057730579204177,0.39422694207958225,0.36775844477907266,0.08932478040865818
S5,4_5,20,0.6,0.7,0.5333333333333333,0.44636463956992134,0.5536353604300787,0.4214068724694427,0.273130573777519
S5,4_5,20,0.6,0.7,0.42105263157894735,0.36063826352317196,0.639361736476828,0.43737006044514304,0.1782131732693672
S5,4_5,20,0.6,0.7,0.42105263157894735,0.18151046564243845,0.8184895343575616,0.45912834714895023,0.16249278168523196
S5,4_5,20,0.6,0.7,0.42105263157894735,0.04254450057202863,0.9574554994279714,0.44045414868563204,0.0637071928590591
S5,4_5,20,0.6,0.7,0.42105263157894735,0.004361024048862738,0.9956389759511373,0.44848333631841286,0.07062216260147128
S5,4_5,20,0.8,0.7,0.16666666666666666,0.8764655543901086,0.18530166841483708,0.6121086248918125,0.013047339579966491
S5,4_5,20,0.8,0.7,0.10526315789473684,0.5881162953241988,0.41188370467580115,0.610572082811963,0.06240321747090417
S5,4_5,20,0.8,0.7,0.2,0.5397573608457984,0.6903639587313024,0.6525480236067659,0.015602208974059338
S5,4_5,20,0.8,0.7,0.1111111111111111,0.07771523101455091,0.46114238449272454,-0.8187900494742107,0.322305091615275
S5,4_5,20,0.8,0.7,0.1111111111111111,0.039643415711929864,0.48017829214403507,-0.7861964368319168,0.24518071079515888
S5,4_5,20,0.8,0.7,0.1111111111111111,0.004036891908287155,0.4979815540458564,-0.7857133717996605,0.25570224938635155
