Scene,Sindex,Num,Noise_Rate,Jaccard,Precisiom,Recall,best_argminC,best_avgConf
S2,1,10,0.0,1.0,0.5,1.0,0.7303106159855037,0.6591613159621296
S2,1,10,0.2,0.8,0.976512101163987,0.976512101163987,0.2871947345820745,0.40708741204380017
S2,1,10,0.4,0.75,0.5,1.0,0.532883343000501,0.5094340477524864
S2,1,10,0.6,0.2,0.4882560505819935,0.976512101163987,0.5602271885427414,0.4453637224412218
S2,1,10,0.8,0.1111111111111111,0.4882560505819935,0.976512101163987,0.7601564913517889,0.4273416784576164
S2,1,20,0.0,1.0,0.3333333333333333,1.0,0.7380984618607469,0.8285704874867408
S2,1,20,0.2,0.8,0.325504033721329,0.976512101163987,0.6180458867320067,0.523305820477632
S2,1,20,0.4,1.0,1.0,1.0,0.0,0.41490068958507476
S2,1,20,0.6,0.4,0.4882560505819935,0.976512101163987,0.7025655125279522,0.508625470939019
S2,1,20,0.8,0.2,0.325504033721329,0.976512101163987,0.6517698801140743,0.4893060684741984
S2,1,40,0.0,1.0,0.5,1.0,0.6890920608369488,0.7738037614290503
S2,1,40,0.2,0.8,0.325504033721329,0.976512101163987,0.6864316548389829,0.597877684921146
S2,1,40,0.4,0.8571428571428571,0.5,1.0,0.566019450353052,0.8028520306377229
S2,1,40,0.6,0.5,0.4895403101570874,0.9790806203141748,0.021191718079005738,0.5928048644946248
S2,1,40,0.8,0.2,0.4882560505819935,0.976512101163987,0.4038107767817328,0.506391891421925
S2,1,60,0.0,1.0,0.3333333333333333,1.0,0.6761367544891154,0.7303439401620978
S2,1,60,0.2,0.8,0.325504033721329,0.976512101163987,0.678415268493327,0.5536701861320288
S2,1,60,0.4,0.8372093023255814,0.4987512969000005,0.997502593800001,0.11248255990802586,0.7476436371146425
S2,1,60,0.6,0.4,0.4882560505819935,0.976512101163987,0.7034900412942293,0.5117704016062832
S2,1,60,0.8,0.2,0.4882560505819935,0.976512101163987,0.36966835987114444,0.47171070117119535
S2,1,80,0.0,1.0,0.3333333333333333,1.0,0.7200238006517299,0.772887416176958
S2,1,80,0.2,0.9014084507042254,0.4987512969000005,0.997502593800001,0.22547434111726322,0.7394714925812216
S2,1,80,0.4,0.8571428571428571,0.4987512969000005,0.997502593800001,0.20143689294960032,0.7381166243531204
S2,1,80,0.6,0.4,0.4882560505819935,0.976512101163987,0.3917742086775567,0.48647576041693613
S2,1,80,0.8,0.2,0.4882560505819935,0.976512101163987,0.4538766851001136,0.5151314845910757
S2,1,100,0.0,1.0,0.3333333333333333,1.0,0.7047047777104261,0.7934797193577979
S2,1,100,0.2,0.9090909090909091,0.4987512969000005,0.997502593800001,0.07528349657746,0.772246974428034
S2,1,100,0.4,0.8571428571428571,0.5,1.0,0.3060084390736133,0.8312936673817568
S2,1,100,0.6,0.4,0.4882560505819935,0.976512101163987,0.36186949867742346,0.49901195551494626
S2,1,100,0.8,0.2,0.4882560505819935,0.976512101163987,0.36888432800513704,0.4744647887701411
S2,2,10,0.0,1.0,0.5,1.0,0.6971847149852197,0.957319285766324
S2,2,10,0.2,0.75,1.0,1.0,0.8308589285892407,0.84
S2,2,10,0.4,0.75,0.5,1.0,0.7406022240071558,0.7649431509089031
S2,2,10,0.6,0.4444444444444444,0.3255372683807252,0.9766118051421756,0.7880652840949249,0.5578128105058096
S2,2,10,0.8,0.25,0.4883059025710878,0.9766118051421756,0.7668205841747742,0.6910846010795527
S2,2,20,0.0,1.0,0.5,1.0,0.6898546590591941,0.92662718727844
S2,2,20,0.2,0.8,0.5,1.0,0.6968474314078099,0.8795411627414289
S2,2,20,0.4,0.7058823529411765,0.5,1.0,0.7466640403946386,0.7959868852694262
S2,2,20,0.6,0.4,0.3333333333333333,1.0,0.7900802438982897,0.827187667164754
S2,2,20,0.8,0.21052631578947367,0.3255372683807252,0.9766118051421756,0.7256696299563936,0.656976449592343
S2,2,40,0.0,1.0,0.5,1.0,0.7055156954224965,0.9270786062643228
S2,2,40,0.2,0.71875,1.0,1.0,0.8019229510190204,0.6243008058175799
S2,2,40,0.4,0.6666666666666666,0.9766118051421756,0.9766118051421756,0.8215761937157267,0.9
S2,2,40,0.6,0.4,0.3333333333333333,1.0,0.790285815145803,0.8277492471460178
S2,2,40,0.8,0.2,0.3255372683807252,0.9766118051421756,0.6523085575257288,0.8109518613332137
S2,2,60,0.0,1.0,0.5,1.0,0.7574572527655696,0.9326290978604758
S2,2,60,0.2,1.0,0.5,1.0,0.7940763692448894,0.8047487866638259
S2,2,60,0.4,0.8611111111111112,1.0,1.0,0.8336060720983702,0.5369309438751299
S2,2,60,0.6,0.41379310344827586,0.3333333333333333,1.0,0.7960957848937401,0.6566520721057314
S2,2,60,0.8,0.2,0.3255372683807252,0.9766118051421756,0.6648890631235105,0.801616379184718
S2,2,80,0.0,1.0,0.5,1.0,0.7652709555721449,0.9355435469720661
S2,2,80,0.2,1.0,0.5,1.0,0.7243652393834079,0.8323086822031323
S2,2,80,0.4,0.7164179104477612,0.4883059025710878,0.9766118051421756,0.7856646934685957,0.7385770047423394
S2,2,80,0.6,0.4,0.3255372683807252,0.9766118051421756,0.7991278885174431,0.8287689789182799
S2,2,80,0.8,0.2,0.3255372683807252,0.9766118051421756,0.6683973550097773,0.8220041939552152
S2,2,100,0.0,1.0,0.5,1.0,0.7773312453444298,0.9375603627694677
S2,2,100,0.2,1.0,0.5,1.0,0.7296370525541165,0.8385289372605331
S2,2,100,0.4,1.0,1.0,1.0,0.8458488540562678,0.8
S2,2,100,0.6,0.43010752688172044,0.3333333333333333,1.0,0.7946537635825557,0.6613205409419681
S2,2,100,0.8,0.21505376344086022,0.4883059025710878,0.9766118051421756,0.5479037857927191,0.7552713256597652
S2,3,10,0.0,1.0,1.0,1.0,1.0,1.0
S2,3,10,0.2,1.0,1.0,1.0,0.47138047138047134,0.9166666666666666
S2,3,10,0.4,0.75,0.1347956168956519,0.2695912337913038,0.7622904747494317,0.2580679219322408
S2,3,10,0.6,0.6666666666666666,0.1347956168956519,0.2695912337913038,0.7463980699479454,0.4230191021423164
S2,3,10,0.8,0.2222222222222222,0.10736339226142354,0.21472678452284708,0.29627586262939554,0.30795736184063455
S2,3,20,0.0,1.0,1.0,1.0,1.0,1.0
S2,3,20,0.2,1.0,0.743947655766029,0.743947655766029,0.7238084667867599,0.713400323663891
S2,3,20,0.4,0.8571428571428571,0.5,1.0,0.3277310924369748,0.925
S2,3,20,0.6,0.4444444444444444,0.08986374459710127,0.2695912337913038,0.6887012834424839,0.2882257610220577
S2,3,20,0.8,0.23529411764705882,0.10736339226142354,0.21472678452284708,0.42005529674420083,0.26709694998600714
S2,3,40,0.0,1.0,1.0,1.0,1.0,1.0
S2,3,40,0.2,0.9375,0.6967869399687315,0.6967869399687315,0.4957620261283595,0.6328393964523901
S2,3,40,0.4,0.8518518518518519,0.45575727218502116,0.9115145443700423,0.3407708886407369,0.8357393476838092
S2,3,40,0.6,0.7272727272727273,0.09285618149736996,0.18571236299473992,0.555676640962029,0.7452406343665046
S2,3,40,0.8,0.2962962962962963,0.1347956168956519,0.2695912337913038,0.49062050954861924,0.293901919856168
S2,3,60,0.0,0.9666666666666667,1.0,1.0,0.9933333333333333,0.9933333333333333
S2,3,60,0.2,0.9791666666666666,0.873391894492963,0.873391894492963,0.6791406371362603,0.7028067895568274
S2,3,60,0.4,0.7727272727272727,0.3719738278830145,0.743947655766029,0.4835757854617534,0.5298281853570661
S2,3,60,0.6,0.7058823529411765,0.1347956168956519,0.2695912337913038,0.3524431761000473,0.2651503275035129
S2,3,60,0.8,0.24489795918367346,0.08986374459710127,0.2695912337913038,0.5946875415491383,0.30675565191697624
S2,3,80,0.0,0.975,1.0,1.0,0.995,0.995
S2,3,80,0.2,0.8732394366197183,0.5,1.0,0.36484512489214727,0.9799013064677253
S2,3,80,0.4,0.8421052631578947,0.3719738278830145,0.743947655766029,0.5188968808422909,0.5576321234477397
S2,3,80,0.6,0.6530612244897959,0.1347956168956519,0.2695912337913038,0.5272436585946793,0.2665299134127367
S2,3,80,0.8,0.35555555555555557,0.1347956168956519,0.2695912337913038,0.4255199009569912,0.2738446392850933
S2,3,100,0.0,0.98,1.0,1.0,0.996,0.996
S2,3,100,0.2,0.8333333333333334,0.24798255192200966,0.743947655766029,0.7396193151003645,0.5776469250894751
S2,3,100,0.4,0.8529411764705882,0.10736339226142354,0.21472678452284708,0.5757074773620332,0.548067808560873
S2,3,100,0.6,0.47619047619047616,0.09285618149736996,0.18571236299473992,0.5734811314824342,0.46201662265156473
S2,3,100,0.8,0.24096385542168675,0.08986374459710127,0.2695912337913038,0.6373075257428974,0.3301718485893044
S2,4,10,0.0,1.0,0.5,1.0,0.7783549194093521,1.0
S2,4,10,0.2,1.0,1.0,1.0,0.845307678041698,0.9
S2,4,10,0.4,0.6,0.4823505889183323,0.9647011778366646,0.7488379255579951,0.8763549984432446
S2,4,10,0.6,0.5,0.4823505889183323,0.9647011778366646,0.7526743197162227,0.7988752986565575
S2,4,10,0.8,0.25,0.32156705927888823,0.9647011778366646,0.742026794838837,0.5153632552036089
S2,4,20,0.0,1.0,0.5,1.0,0.7999999999999999,1.0
S2,4,20,0.2,1.0,1.0,1.0,0.8456451265937854,0.9
S2,4,20,0.4,0.8,0.5,1.0,0.7180020448183769,0.8873626373626373
S2,4,20,0.6,0.4,0.5,1.0,0.7977989943925698,0.6498700190831259
S2,4,20,0.8,0.2,0.32156705927888823,0.9647011778366646,0.715126050420168,1.0
S2,4,40,0.0,1.0,1.0,1.0,0.8008203654023089,1.0
S2,4,40,0.2,1.0,0.5,1.0,0.7507608306480487,0.9152421652421653
S2,4,40,0.4,0.8,0.5,1.0,0.7337850627980614,0.8866666666666667
S2,4,40,0.6,0.4,0.32156705927888823,0.9647011778366646,0.7903336935520844,0.9583333333333334
S2,4,40,0.8,0.2,0.32156705927888823,0.9647011778366646,0.7536520457088309,0.786662388375948
S2,4,60,0.0,1.0,1.0,1.0,0.8232558139534883,1.0
S2,4,60,0.2,1.0,1.0,1.0,0.8267612023185368,0.9
S2,4,60,0.4,1.0,0.5,1.0,0.7716876775125816,0.8339208773991382
S2,4,60,0.6,0.4,0.32156705927888823,0.9647011778366646,0.7993104678573,1.0
S2,4,60,0.8,0.2222222222222222,0.32156705927888823,0.9647011778366646,0.7813760197329025,0.8607818112735511
S2,4,80,0.0,1.0,0.5,1.0,0.775,1.0
S2,4,80,0.2,1.0,0.5,1.0,0.7776822829880904,0.9166666666666666
S2,4,80,0.4,0.6956521739130435,0.5,1.0,0.7714492287313535,0.9144144144144144
S2,4,80,0.6,0.4,0.3333333333333333,1.0,0.7853085176325765,0.9375
S2,4,80,0.8,0.2318840579710145,0.32156705927888823,0.9647011778366646,0.7284978251494032,0.638724072920705
S2,4,100,0.0,1.0,1.0,1.0,0.8139814814814816,1.0
S2,4,100,0.2,1.0,0.5,1.0,0.7617534319344591,0.9153645833333333
S2,4,100,0.4,1.0,0.5,1.0,0.7581582111845271,0.8330881322684601
S2,4,100,0.6,0.4,0.32156705927888823,0.9647011778366646,0.7540396825396827,0.9611111111111111
S2,4,100,0.8,0.21978021978021978,0.32156705927888823,0.9647011778366646,0.676988455138386,0.8386941424881256
S2,5,10,0.0,0.8,0.3805380755937097,0.7610761511874194,0.25810826216981564,0.5279335094374183
S2,5,10,0.2,0.875,0.2536920503958065,0.7610761511874194,0.5386823787511076,0.5345359547937795
S2,5,10,0.4,0.5555555555555556,0.3805380755937097,0.7610761511874194,0.700631916248782,0.6544134205056793
S2,5,10,0.6,0.2,0.7610761511874194,0.7610761511874194,0.15855578116074898,0.04514754239627786
S2,5,10,0.8,0.2,0.7610761511874194,0.7610761511874194,0.018052220014862178,0.0
S2,5,20,0.0,0.5,0.3805380755937097,0.7610761511874194,0.2964450287802747,0.7136550360945093
S2,5,20,0.2,0.8888888888888888,0.2536920503958065,0.7610761511874194,0.484417451925508,0.2116808232235422
S2,5,20,0.4,0.631578947368421,0.3805380755937097,0.7610761511874194,0.2146383326829033,0.5
S2,5,20,0.6,0.5,0.2536920503958065,0.7610761511874194,0.3810392762892922,0.3663699730519609
S2,5,20,0.8,0.2727272727272727,0.7610761511874194,0.7610761511874194,0.0,1.0
S2,5,40,0.0,0.75,0.3805380755937097,0.7610761511874194,0.1359802608721119,0.5278098427392403
S2,5,40,0.2,0.9142857142857143,0.2536920503958065,0.7610761511874194,0.3896785261410293,0.3647582541050533
S2,5,40,0.4,0.6333333333333333,0.3805380755937097,0.7610761511874194,0.1739361494308446,0.29231428408702387
S2,5,40,0.6,0.6153846153846154,0.3805380755937097,0.7610761511874194,0.0,0.5351245172568434
S2,5,40,0.8,0.36363636363636365,0.3805380755937097,0.7610761511874194,0.1262079325376738,0.28029797615160723
S2,5,60,0.0,0.7,0.3805380755937097,0.7610761511874194,0.1547333610325998,0.5246537262173488
S2,5,60,0.2,0.75,0.3805380755937097,0.7610761511874194,0.18764863277000815,0.5324469327592091
S2,5,60,0.4,0.8780487804878049,0.3805380755937097,0.7610761511874194,0.13523331073695316,0.5303248079077689
S2,5,60,0.6,0.5128205128205128,0.3805380755937097,0.7610761511874194,0.06454842310055559,0.5215226056138618
S2,5,60,0.8,0.3157894736842105,0.3805380755937097,0.7610761511874194,0.09321261936892647,0.2835644065701343
S2,5,80,0.0,0.725,0.3805380755937097,0.7610761511874194,0.10304016377994357,0.5374886785834168
S2,5,80,0.2,0.84375,0.3805380755937097,0.7610761511874194,0.15152736898506794,0.5304744978779911
S2,5,80,0.4,0.8363636363636363,0.3805380755937097,0.7610761511874194,0.17395932125416744,0.2952717344420074
S2,5,80,0.6,0.21875,0.7610761511874194,0.7610761511874194,1.0,1.0
S2,5,80,0.8,0.3125,0.3805380755937097,0.7610761511874194,0.07478165903671931,0.26085064505819033
S2,5,100,0.0,0.72,0.3805380755937097,0.7610761511874194,0.14306116438531558,0.5199335723027537
S2,5,100,0.2,0.7073170731707317,0.3805380755937097,0.7610761511874194,0.11054941888980649,0.2777414591800347
S2,5,100,0.4,0.9523809523809523,0.3805380755937097,0.7610761511874194,0.12216632602902072,0.5383654762673801
S2,5,100,0.6,0.15,0.7610761511874194,0.7610761511874194,1.0,1.0
S2,5,100,0.8,0.325,0.3805380755937097,0.7610761511874194,0.08030628669110362,0.5118384933578265
Scene,Sindex,Num,Noise_Rate,Jaccard,Precisiom,Recall,best_argminC,best_avgConf
S3,1,10,0.0,1.0,0.9911945579217408,0.9911945579217408,0.8444539687906047,0.9604136815425494
S3,1,10,0.2,0.7777777777777778,0.3508142338800037,0.7016284677600074,0.7726063541524599,0.6190772452469597
S3,1,10,0.4,0.75,0.4653471512235227,0.9306943024470454,0.7749535786438856,0.7287467009836603
S3,1,10,0.6,0.5714285714285714,0.41102108903093654,0.8220421780618731,0.5789604312893861,0.5386295558731431
S3,1,10,0.8,0.25,0.3637643020631239,0.7275286041262478,0.5927763770935479,0.6123395202390476
S3,1,20,0.0,1.0,0.9911945579217408,0.9911945579217408,0.8590501322772279,0.9582144416282464
S3,1,20,0.2,1.0,0.8220421780618731,0.8220421780618731,0.8179134738919418,0.585588888546382
S3,1,20,0.4,0.9166666666666666,0.37431050275603617,0.7486210055120723,0.7884300199368705,0.42282511277343915
S3,1,20,0.6,0.6666666666666666,0.3872388164189587,0.7744776328379174,0.7444862597456605,0.5897923908667563
S3,1,20,0.8,0.23529411764705882,0.25815921094597244,0.7744776328379174,0.6136129372331458,0.3514443817227049
S3,1,40,0.0,1.0,0.9911945579217408,0.9911945579217408,0.8300632206458429,0.957114821671095
S3,1,40,0.2,1.0,0.8220421780618731,0.8220421780618731,0.8306923127247365,0.6141523601178065
S3,1,40,0.4,0.96,0.37431050275603617,0.7486210055120723,0.7863470289403736,0.6351514171022888
S3,1,40,0.6,0.48484848484848486,0.2740140593539577,0.8220421780618731,0.7899506856301864,0.643353980597895
S3,1,40,0.8,0.2413793103448276,0.3872388164189587,0.7744776328379174,0.48741551122370436,0.2955863580424846
S3,1,60,0.0,1.0,0.9911945579217408,0.9911945579217408,0.8347937263314942,0.9567482816853778
S3,1,60,0.2,0.7708333333333334,0.7486210055120723,0.7486210055120723,0.8290242529788496,0.44683035648803027
S3,1,60,0.4,0.972972972972973,0.8220421780618731,0.8220421780618731,0.8223195459210826,0.5170336838791165
S3,1,60,0.6,0.5,0.4014080477100058,0.8028160954200116,0.7176572410258724,0.3264881882466949
S3,1,60,0.8,0.2222222222222222,0.25815921094597244,0.7744776328379174,0.6632682324220378,0.5291955359189443
S3,1,80,0.0,1.0,0.9911945579217408,0.9911945579217408,0.8311689871852364,0.9565650116925192
S3,1,80,0.2,0.765625,0.7486210055120723,0.7486210055120723,0.8243899914241024,0.44656191445394355
S3,1,80,0.4,1.0,0.41102108903093654,0.8220421780618731,0.7920851307099082,0.4904528950914948
S3,1,80,0.6,0.5333333333333333,0.3872388164189587,0.7744776328379174,0.7695385792182583,0.585697750041326
S3,1,80,0.8,0.2191780821917808,0.25815921094597244,0.7744776328379174,0.6037088674022183,0.47283863675871224
S3,1,100,0.0,1.0,0.9911945579217408,0.9911945579217408,0.8152508550436831,0.956455049696804
S3,1,100,0.2,0.9876543209876543,0.8220421780618731,0.8220421780618731,0.8336049778822963,0.5938037532826
S3,1,100,0.4,0.9836065573770492,0.8220421780618731,0.8220421780618731,0.8197112436996937,0.5183841496970623
S3,1,100,0.6,0.49382716049382713,0.3965125287038531,0.7930250574077062,0.7764010730703719,0.28660292050508474
S3,1,100,0.8,0.23255813953488372,0.3872388164189587,0.7744776328379174,0.5939413323898968,0.5345774610157136
S3,2,10,0.0,1.0,0.935807995491435,0.935807995491435,0.9999999999999999,0.7254669841473056
S3,2,10,0.2,0.875,0.787060015931389,0.787060015931389,0.0,0.6152923963258442
S3,2,10,0.4,0.625,0.23583446990962917,0.47166893981925834,0.5981448133757614,0.7513130094875253
S3,2,10,0.6,0.5,0.4036654389842086,0.4036654389842086,0.4907614733679605,0.5059871820154546
S3,2,10,0.8,0.2,0.16623199597787244,0.49869598793361736,0.632800201814895,0.8052210131371972
S3,2,20,0.0,1.0,0.935807995491435,0.935807995491435,1.0,0.7186379347810425
S3,2,20,0.2,0.9375,0.47166893981925834,0.47166893981925834,0.0,0.5037644308761853
S3,2,20,0.4,0.6875,0.304814646347117,0.609629292694234,0.39915947439348737,0.51733983527587
S3,2,20,0.6,0.5333333333333333,0.36955424000161013,0.7391084800032203,0.5119097295485353,0.7769707446385916
S3,2,20,0.8,0.15789473684210525,0.1267695916285201,0.38030877488556036,0.44701695553693516,0.12836768724217937
S3,2,40,0.0,1.0,0.935807995491435,0.935807995491435,1.0,0.7152234100979112
S3,2,40,0.2,1.0,0.8736472651117186,0.8736472651117186,0.624726346810102,0.8806087629570984
S3,2,40,0.4,0.7272727272727273,0.44574424866415496,0.8914884973283099,0.37402157186864554,0.8951186337409522
S3,2,40,0.6,0.6956521739130435,0.25847174202271606,0.5169434840454321,0.41938987782690107,0.6937963357462105
S3,2,40,0.8,0.2857142857142857,0.19015438744278018,0.38030877488556036,0.2764865707922623,0.5051958925891759
S3,2,60,0.0,1.0,0.935807995491435,0.935807995491435,0.9999999999999999,0.7140852352035338
S3,2,60,0.2,0.9411764705882353,0.44574424866415496,0.8914884973283099,0.4012412105989948,0.920385022842152
S3,2,60,0.4,0.8181818181818182,0.44574424866415496,0.8914884973283099,0.2029705483847997,0.8932121030154673
S3,2,60,0.6,0.71875,0.2634360557578629,0.5268721115157258,0.32740764010049467,0.728802739975389
S3,2,60,0.8,0.3,0.19015438744278018,0.38030877488556036,0.13541353416998445,0.5042105117394415
S3,2,80,0.0,1.0,1.0,1.0,1.0,0.841059829364748
S3,2,80,0.2,0.9696969696969697,0.44574424866415496,0.8914884973283099,0.3320881954318423,0.8969411702627795
S3,2,80,0.4,0.8421052631578947,0.44574424866415496,0.8914884973283099,0.30466774162480637,0.8757186816289751
S3,2,80,0.6,0.5740740740740741,0.22317012257789534,0.4463402451557907,0.3940294498108069,0.6534262503734406
S3,2,80,0.8,0.2807017543859649,0.19015438744278018,0.38030877488556036,0.32055348373105397,0.5094824049142567
S3,2,100,0.0,1.0,1.0,1.0,0.9999999999999997,0.8413724470585291
S3,2,100,0.2,0.9302325581395349,0.44574424866415496,0.8914884973283099,0.39205907220806036,0.9220027304024772
S3,2,100,0.4,0.8108108108108109,0.44574424866415496,0.8914884973283099,0.39422684915838435,0.8820913651574861
S3,2,100,0.6,0.5714285714285714,0.16481893415912627,0.32963786831825254,0.4781498142934676,0.880281690140845
S3,2,100,0.8,0.30303030303030304,0.19015438744278018,0.38030877488556036,0.23080450687107215,0.5059442687341561
S3,3,10,0.0,1.0,1.0,1.0,0.9073054882550511,1.0
S3,3,10,0.2,1.0,1.0,1.0,0.9079812507354138,0.875
S3,3,10,0.4,1.0,0.9724169370282558,0.9724169370282558,0.8591861388232003,0.6827466863743212
S3,3,10,0.6,0.5,0.9060429401289432,0.9060429401289432,0.8065272196746733,0.9
S3,3,10,0.8,0.3333333333333333,0.4748369301109951,0.9496738602219902,0.7028905534276519,0.7785655468899801
S3,3,20,0.0,1.0,1.0,1.0,0.828683162997802,0.988705345654429
S3,3,20,0.2,1.0,1.0,1.0,0.9154483773586007,0.8649106913088582
S3,3,20,0.4,0.8571428571428571,0.9936064272834809,0.9936064272834809,0.881625573711956,0.7965613698503138
S3,3,20,0.6,0.5333333333333333,0.9060429401289432,0.9060429401289432,0.8688880501341264,0.75
S3,3,20,0.8,0.3333333333333333,0.9060429401289432,0.9060429401289432,0.835084353225843,0.775
S3,3,40,0.0,1.0,1.0,1.0,0.8420807274206665,0.9943526728272145
S3,3,40,0.2,1.0,0.9724169370282558,0.9724169370282558,0.8667537939137224,0.7943858327467218
S3,3,40,0.4,0.8275862068965517,0.9060429401289432,0.9060429401289432,0.8963777901847119,0.85
S3,3,40,0.6,0.6153846153846154,0.9060429401289432,0.9060429401289432,0.8508900648337083,0.8125
S3,3,40,0.8,0.2857142857142857,0.8848522312956514,0.8848522312956514,0.8207282878864337,0.717948717948718
S3,3,60,0.0,1.0,1.0,1.0,0.8466899156624431,0.996235115218143
S3,3,60,0.2,1.0,1.0,1.0,0.9004619266862116,0.883735115218143
S3,3,60,0.4,0.5531914893617021,0.8424478952176939,0.8424478952176939,0.9028625931968507,0.6137718139667298
S3,3,60,0.6,0.47058823529411764,0.9060429401289432,0.9060429401289432,0.8521226506564568,0.85
S3,3,60,0.8,0.22580645161290322,0.8424478952176939,0.8424478952176939,0.8772393619130239,0.5270765498013202
S3,3,80,0.0,1.0,1.0,1.0,0.8743848502111498,0.9971763364136074
S3,3,80,0.2,1.0,0.9724169370282558,0.9724169370282558,0.9585280558539079,0.8100730200525987
S3,3,80,0.4,0.9230769230769231,0.9060429401289432,0.9060429401289432,0.9036182425310727,0.8059071729957806
S3,3,80,0.6,0.45714285714285713,0.9060429401289432,0.9060429401289432,0.8898937188354439,0.875
S3,3,80,0.8,0.25806451612903225,0.9060429401289432,0.9060429401289432,0.8008343890018675,0.7848101265822784
S3,3,100,0.0,1.0,1.0,1.0,0.8991920223998389,0.9977410691308859
S3,3,100,0.2,1.0,0.9724169370282558,0.9724169370282558,0.856782499748754,0.8073339850615215
S3,3,100,0.4,0.8823529411764706,0.9060429401289432,0.9060429401289432,0.9125191547803191,0.8148148148148148
S3,3,100,0.6,0.625,0.9060429401289432,0.9060429401289432,0.846404197322632,0.79
S3,3,100,0.8,0.22727272727272727,0.4530214700644716,0.9060429401289432,0.7593534415905677,0.9253731343283582
S3,4,10,0.0,1.0,1.0,1.0,1.0,1.0
S3,4,10,0.2,1.0,1.0,1.0,0.0,1.0
S3,4,10,0.4,0.6,0.14367369489655876,0.14367369489655876,0.48333333333333334,1.0
S3,4,10,0.6,0.6666666666666666,0.09285618149736996,0.18571236299473992,0.6904324166285298,0.6880788970067986
S3,4,10,0.8,0.25,0.07183684744827938,0.14367369489655876,0.7288621263316913,0.8541666666666667
S3,4,20,0.0,1.0,1.0,1.0,1.0,1.0
S3,4,20,0.2,0.8421052631578947,0.5,1.0,0.3854251012145749,0.9779411764705883
S3,4,20,0.4,1.0,1.0,1.0,0.4846153846153846,0.8125
S3,4,20,0.6,0.5,0.34839346998436577,0.6967869399687315,0.749559036376035,0.8456007942300032
S3,4,20,0.8,0.26666666666666666,0.0699015708817442,0.2097047126452326,0.5621721687182765,0.47585834520066234
S3,4,40,0.0,1.0,1.0,1.0,1.0,1.0
S3,4,40,0.2,0.8205128205128205,0.2322623133229105,0.6967869399687315,0.7166008242966151,0.5782567923478804
S3,4,40,0.4,0.8571428571428571,0.24048683210281196,0.48097366420562393,0.44026515429499713,0.704404815811013
S3,4,40,0.6,0.5161290322580645,0.13164299074171568,0.26328598148343135,0.5950345321217729,0.5061878123357054
S3,4,40,0.8,0.25806451612903225,0.08986374459710127,0.2695912337913038,0.6628722374934258,0.42141184080336247
S3,4,60,0.0,1.0,1.0,1.0,1.0,1.0
S3,4,60,0.2,0.8135593220338984,0.24798255192200966,0.743947655766029,0.7285696766323337,0.5780892602139902
S3,4,60,0.4,0.8372093023255814,0.5,1.0,0.454236807024585,0.872853056296391
S3,4,60,0.6,0.5853658536585366,0.1347956168956519,0.2695912337913038,0.4973980732645048,0.6730364717473903
S3,4,60,0.8,0.25,0.08986374459710127,0.2695912337913038,0.6510440081014363,0.321646075982112
S3,4,80,0.0,1.0,1.0,1.0,1.0,1.0
S3,4,80,0.2,0.9552238805970149,0.5,1.0,0.42116373266863993,0.9121376811594203
S3,4,80,0.4,0.8135593220338984,0.3719738278830145,0.743947655766029,0.5611010433767175,0.7738274150649214
S3,4,80,0.6,0.5333333333333333,0.13164299074171568,0.26328598148343135,0.5403909511640584,0.5120463449002413
S3,4,80,0.8,0.34782608695652173,0.13164299074171568,0.26328598148343135,0.6980643952593246,0.40501914705969844
S3,4,100,0.0,1.0,1.0,1.0,1.0,1.0
S3,4,100,0.2,0.8791208791208791,0.3333333333333333,1.0,0.7357509448606757,0.9484478935698447
S3,4,100,0.4,0.8333333333333334,0.3719738278830145,0.743947655766029,0.5291639332050171,0.7401555857398019
S3,4,100,0.6,0.6779661016949152,0.1347956168956519,0.2695912337913038,0.631682522173121,0.5608718436565341
S3,4,100,0.8,0.24691358024691357,0.0699015708817442,0.2097047126452326,0.6724874209147473,0.4701094326668833
S3,5,10,0.0,1.0,0.493387140218235,0.98677428043647,0.7883017941507205,0.9199412696434035
S3,5,10,0.2,0.8888888888888888,0.493387140218235,0.98677428043647,0.7622280400416572,0.8978758424195883
S3,5,10,0.4,0.5,0.4817985129817993,0.9635970259635986,0.6036655888548866,0.35291418339246755
S3,5,10,0.6,0.42857142857142855,0.4635952129019673,0.9271904258039346,0.4695436664396823,0.48680657884006984
S3,5,10,0.8,0.2222222222222222,0.40471235915953274,0.8094247183190655,0.6320025815229326,0.9166666666666667
S3,5,20,0.0,0.8,0.493387140218235,0.98677428043647,0.7939167732221255,0.9161220879541411
S3,5,20,0.2,0.7222222222222222,0.4817985129817993,0.9635970259635986,0.7355217525573925,0.7077414735934933
S3,5,20,0.4,0.9230769230769231,0.4817985129817993,0.9635970259635986,0.7538222438818837,0.6246866115805082
S3,5,20,0.6,0.6666666666666666,0.48184770564246615,0.9636954112849323,0.7083539665736179,0.8647050013279208
S3,5,20,0.8,0.2,0.3480756636590127,0.6961513273180254,0.3154774345625255,0.20507231526074854
S3,5,40,0.0,0.875,0.493387140218235,0.98677428043647,0.7899303923211807,0.9094766493247328
S3,5,40,0.2,0.9696969696969697,0.4817985129817993,0.9635970259635986,0.7368471197249999,0.7342147709933562
S3,5,40,0.4,0.7272727272727273,0.3211990086545329,0.9635970259635986,0.7917391410450576,0.7870218741395653
S3,5,40,0.6,0.3235294117647059,0.40471235915953274,0.8094247183190655,0.5496590161652648,0.5028083562297634
S3,5,40,0.8,0.3076923076923077,0.40471235915953274,0.8094247183190655,0.3094137909522957,0.5314581238135834
S3,5,60,0.0,0.8,0.493387140218235,0.98677428043647,0.7754298532278732,0.8913288303620548
S3,5,60,0.2,0.7959183673469388,0.493387140218235,0.98677428043647,0.7426391421120492,0.8515878070211087
S3,5,60,0.4,0.7317073170731707,0.4817985129817993,0.9635970259635986,0.749997702951384,0.7069386418210946
S3,5,60,0.6,0.5853658536585366,0.4705301154779709,0.9410602309559418,0.7264851046578795,0.6922972705163315
S3,5,60,0.8,0.225,0.4527525577274615,0.905505115454923,0.46875848927665853,0.43401174778162205
S3,5,80,0.0,0.8125,0.493387140218235,0.98677428043647,0.766852025940975,0.9032028536633804
S3,5,80,0.2,0.859375,0.493387140218235,0.98677428043647,0.7269052342494666,0.8556419211520537
S3,5,80,0.4,0.8888888888888888,0.4817985129817993,0.9635970259635986,0.711734864216624,0.6567681406580506
S3,5,80,0.6,0.7111111111111111,0.4817985129817993,0.9635970259635986,0.5448995594175701,0.5673279572815473
S3,5,80,0.8,0.2909090909090909,0.2698082394396885,0.8094247183190655,0.7530137342226442,0.3866321099029075
S3,5,100,0.0,0.81,0.493387140218235,0.98677428043647,0.7603169406133343,0.9017166617203842
S3,5,100,0.2,0.8125,0.4817985129817993,0.9635970259635986,0.7095928062392131,0.7266600981824702
S3,5,100,0.4,0.7285714285714285,0.493387140218235,0.98677428043647,0.6784332116799083,0.8931906923886384
S3,5,100,0.6,0.5970149253731343,0.3211990086545329,0.9635970259635986,0.7116974067616766,0.698436340407235
S3,5,100,0.8,0.21978021978021978,0.40471235915953274,0.8094247183190655,0.32967269688926737,0.5
Scene,Sindex,Num,Noise_Rate,Jaccard,Precisiom,Recall,best_argminC,best_avgConf
S4,1_2,10,0.0,1.0,1.0,1.0,0.5081453989033231,0.8896226054612117
S4,1_2,10,0.2,0.875,0.9882560505819935,0.9882560505819935,0.7204688805492742,0.6432224672640681
S4,1_2,10,0.4,0.6666666666666666,0.6510413021020542,0.9765619531530814,0.7472740985690847,0.38740128797194234
S4,1_2,10,0.6,0.4444444444444444,0.6510413021020542,0.9765619531530814,0.6951923906208339,0.7502778118384689
S4,1_2,10,0.8,0.5,0.8962783109891883,0.8962783109891883,0.6932743909023216,0.28516082489747296
S4,1_2,20,0.0,0.85,0.6666666666666666,1.0,0.7716110234760318,0.8174742515957565
S4,1_2,20,0.2,0.8,0.6510413021020542,0.9765619531530814,0.6822111752895048,0.5415935652643425
S4,1_2,20,0.4,0.6,0.9765619531530814,0.9765619531530814,0.677294197352941,0.6097142228495195
S4,1_2,20,0.6,0.42105263157894735,0.6510413021020542,0.9765619531530814,0.7121643430723276,0.5845730224885602
S4,1_2,20,0.8,0.16666666666666666,0.9765619531530814,0.9765619531530814,0.5199725909414978,0.7022234869520665
S4,1_2,40,0.0,0.925,0.6666666666666666,1.0,0.7634089316853729,0.7232182309930679
S4,1_2,40,0.2,0.7631578947368421,0.9882560505819935,0.9882560505819935,0.7863772620486981,0.4365153197668677
S4,1_2,40,0.4,0.631578947368421,0.6510413021020542,0.9765619531530814,0.7598657735020855,0.5143705442700695
S4,1_2,40,0.6,0.42105263157894735,0.6510413021020542,0.9765619531530814,0.6902599449905358,0.636990231953341
S4,1_2,40,0.8,0.21875,0.9430952464077356,0.9430952464077356,0.43957330590494637,0.3207717181662775
S4,1_2,60,0.0,1.0,0.6666666666666666,1.0,0.7801610159116047,0.7192589597411051
S4,1_2,60,0.2,0.7413793103448276,0.976512101163987,0.4882560505819935,0.8222030469842903,0.17650953041975795
S4,1_2,60,0.4,0.6481481481481481,0.6510413021020542,0.9765619531530814,0.7400896525233405,0.4251615831452648
S4,1_2,60,0.6,0.43137254901960786,0.9430952464077356,0.9430952464077356,0.4965513030234756,0.27842114815691466
S4,1_2,60,0.8,0.2127659574468085,0.9430952464077356,0.9430952464077356,0.39179410262439807,0.30761157593576505
S4,1_2,80,0.0,0.875,1.0,1.0,0.6512415987958935,0.615574748454101
S4,1_2,80,0.2,0.7435897435897436,0.976512101163987,0.4882560505819935,0.8224300768261654,0.22015614037082515
S4,1_2,80,0.4,0.6233766233766234,0.6510413021020542,0.9765619531530814,0.7742435211169061,0.5522916283792983
S4,1_2,80,0.6,0.463768115942029,0.6510413021020542,0.9765619531530814,0.6071223509266424,0.6140894959125871
S4,1_2,80,0.8,0.2191780821917808,0.6510413021020542,0.9765619531530814,0.6229674414552443,0.5670299804330202
S4,1_2,100,0.0,1.0,0.6666666666666666,1.0,0.7815714684421637,0.7613134089470588
S4,1_2,100,0.2,0.6190476190476191,0.9765619531530814,0.9765619531530814,0.7801007181701293,0.4331972050234776
S4,1_2,100,0.4,0.6185567010309279,0.6510413021020542,0.9765619531530814,0.7001634312493563,0.5758819129163621
S4,1_2,100,0.6,0.43902439024390244,0.9430952464077356,0.9430952464077356,0.4781430783279935,0.2707732923122674
S4,1_2,100,0.8,0.273972602739726,0.6287301642718237,0.9430952464077356,0.711374838777452,0.39881273626491587
S4,1_3,10,0.0,1.0,1.0,1.0,0.4488647803534116,0.8736479868580757
S4,1_3,10,0.2,0.6666666666666666,0.8399175806387085,0.41995879031935424,0.4717083837546965,0.7777777777777778
S4,1_3,10,0.4,0.75,0.6230516674776454,0.6230516674776454,0.4799063696516682,0.33122136560272764
S4,1_3,10,0.6,0.3333333333333333,0.4916421499707702,0.4916421499707702,0.5826034068178906,0.43531174151885577
S4,1_3,10,0.8,0.1111111111111111,0.5273221825807778,0.5273221825807778,0.7043746238617207,0.5375836324593957
S4,1_3,20,0.0,1.0,1.0,1.0,0.45115120444171486,0.8549528745114002
S4,1_3,20,0.2,0.8888888888888888,0.6230516674776454,0.6230516674776454,0.6143744049493436,0.36283539308150836
S4,1_3,20,0.4,0.8,0.6230516674776454,0.6230516674776454,0.5306767561024344,0.5239719531357098
S4,1_3,20,0.6,0.4444444444444444,0.5956194428434171,0.5956194428434171,0.46882518568072246,0.4112232375058066
S4,1_3,20,0.8,0.2,0.49179563776763363,0.49179563776763363,0.433754716248436,0.5
S4,1_3,40,0.0,1.0,0.9352780975096759,0.9352780975096759,0.5238675309025986,0.7423639631591323
S4,1_3,40,0.2,0.8888888888888888,0.3874081547195756,0.5811122320793635,0.4074750088532905,0.43377311263734764
S4,1_3,40,0.4,0.6666666666666666,0.6230516674776454,0.6230516674776454,0.5654212968690525,0.33862305133261483
S4,1_3,40,0.6,0.4,0.5269303924453566,0.5269303924453566,0.6051820993423255,0.2512354153563431
S4,1_3,40,0.8,0.2,0.5273221825807778,0.5273221825807778,0.3369008901484718,0.2660457052883948
S4,1_3,60,0.0,1.0,0.6457649849613437,0.9686474774420155,0.5683089699600732,0.7676564396807932
S4,1_3,60,0.2,0.8571428571428571,0.5811122320793635,0.5811122320793635,0.48156731630004285,0.42793175064631866
S4,1_3,60,0.4,0.6666666666666666,0.41536777831843025,0.6230516674776454,0.5424468304697574,0.532964251995023
S4,1_3,60,0.6,0.4,0.5269303924453566,0.5269303924453566,0.5994257843742961,0.28185458382003786
S4,1_3,60,0.8,0.23529411764705882,0.41536777831843025,0.6230516674776454,0.48385740651927217,0.2946591718682935
S4,1_3,80,0.0,0.9875,0.6666666666666666,1.0,0.558059313154391,0.8289106667831172
S4,1_3,80,0.2,0.8421052631578947,0.41536777831843025,0.6230516674776454,0.47146005708760463,0.3717416298381382
S4,1_3,80,0.4,0.676056338028169,0.41536777831843025,0.6230516674776454,0.5331861976619575,0.5168967865254381
S4,1_3,80,0.6,0.463768115942029,0.41536777831843025,0.6230516674776454,0.3660963210742403,0.4358622914124984
S4,1_3,80,0.8,0.2,0.49179563776763363,0.49179563776763363,0.5016511196933274,0.5
S4,1_3,100,0.0,1.0,0.6457649849613437,0.9686474774420155,0.5268352817414512,0.7532920378768456
S4,1_3,100,0.2,0.8494623655913979,0.41536777831843025,0.6230516674776454,0.6398347542888322,0.4366266060860655
S4,1_3,100,0.4,0.75,0.41536777831843025,0.6230516674776454,0.514371638034595,0.3940967403574947
S4,1_3,100,0.6,0.4,0.5273221825807778,0.5273221825807778,0.4092986874367842,0.25884907421274456
S4,1_3,100,0.8,0.22988505747126436,0.41536777831843025,0.6230516674776454,0.46240288532101703,0.27754650594596036
S4,1_4,10,0.0,0.7,1.0,0.5,0.8354822602820122,0.6960536382233786
S4,1_4,10,0.2,0.6666666666666666,0.9882560505819935,0.9882560505819935,0.6314968510969713,0.7232251268927696
S4,1_4,10,0.4,0.6,0.6470710930002173,0.9706066395003259,0.6952646521351854,0.7861693560745745
S4,1_4,10,0.6,0.3333333333333333,0.8530119776494193,0.8530119776494193,0.7928154907577236,0.7586726771710615
S4,1_4,10,0.8,0.125,0.9706066395003259,0.9706066395003259,0.66621606182462,0.6140558837134342
S4,1_4,20,0.0,0.75,0.6666666666666666,1.0,0.7655067506649675,0.7095244424363877
S4,1_4,20,0.2,0.8,0.6588373670546623,0.9882560505819935,0.7623487217841795,0.7068892149319174
S4,1_4,20,0.4,0.55,0.6340564800348187,0.9510847200522281,0.6476145334216392,0.719377418670351
S4,1_4,20,0.6,0.3684210526315789,0.6470710930002173,0.9706066395003259,0.6249342758121461,0.6025128298101414
S4,1_4,20,0.8,0.2857142857142857,0.9213092379120585,0.9213092379120585,0.2494161145407564,0.41512527279990474
S4,1_4,40,0.0,1.0,1.0,1.0,0.6125170905635491,0.8361702414174312
S4,1_4,40,0.2,0.7647058823529411,0.6666666666666666,1.0,0.723161934201006,0.7970831877660335
S4,1_4,40,0.4,0.5789473684210527,0.9023093792376866,0.9023093792376866,0.6893897318199216,0.8813131313131313
S4,1_4,40,0.6,0.41025641025641024,0.6470710930002173,0.9706066395003259,0.5976566431464465,0.7760394862197425
S4,1_4,40,0.8,0.17142857142857143,0.6470710930002173,0.9706066395003259,0.6838503999821633,0.645780577765647
S4,1_4,60,0.0,1.0,1.0,1.0,0.6506131025507745,0.8094477393920056
S4,1_4,60,0.2,0.8113207547169812,0.6666666666666666,1.0,0.7679335424457774,0.8531632903192485
S4,1_4,60,0.4,0.6101694915254238,0.6470710930002173,0.9706066395003259,0.7246345474495776,0.7332764107685205
S4,1_4,60,0.6,0.2857142857142857,0.6470710930002173,0.9706066395003259,0.7007508838866507,0.5042610863384374
S4,1_4,60,0.8,0.20689655172413793,0.6470710930002173,0.9706066395003259,0.5737864873232086,0.5864124217012335
S4,1_4,80,0.0,0.825,0.6666666666666666,1.0,0.7403942879692836,0.8333303869314732
S4,1_4,80,0.2,0.8,0.6470710930002173,0.9706066395003259,0.7482925417021663,0.7437503065325163
S4,1_4,80,0.4,0.6075949367088608,0.6470710930002173,0.9706066395003259,0.7303937987348522,0.7307181952646872
S4,1_4,80,0.6,0.4266666666666667,0.6470710930002173,0.9706066395003259,0.6275715949386695,0.7643710011922377
S4,1_4,80,0.8,0.19117647058823528,0.9213092379120585,0.9213092379120585,0.3875530116436925,0.41193097450421157
S4,1_4,100,0.0,1.0,0.6666666666666666,1.0,0.7565062356540622,0.8694084108273081
S4,1_4,100,0.2,0.5595238095238095,0.9811018858183328,0.9811018858183328,0.4920362339315215,0.7335892841850412
S4,1_4,100,0.4,0.6122448979591837,0.6470710930002173,0.9706066395003259,0.7391811947774916,0.7690515772778929
S4,1_4,100,0.6,0.43010752688172044,0.6470710930002173,0.9706066395003259,0.5947869070792104,0.7700480813081317
S4,1_4,100,0.8,0.23376623376623376,0.9213092379120585,0.9213092379120585,0.3704700602770521,0.4399791379367889
S4,1_5,10,0.0,0.8,1.0,1.0,0.38496424632865134,0.44337505655089277
S4,1_5,10,0.2,0.8,0.6079222821659424,0.9118834232489136,0.6589725246857425,0.5787828140952547
S4,1_5,10,0.4,0.6,0.8399175806387085,0.41995879031935424,0.4115119222296501,0.0
S4,1_5,10,0.6,0.2222222222222222,0.821977190757156,0.821977190757156,0.4898034045125703,0.5678365790354829
S4,1_5,10,0.8,0.25,0.8792893724937102,0.8792893724937102,0.5509475447497976,0.7795992108952945
S4,1_5,20,0.0,0.65,0.8805380755937098,0.8805380755937098,0.21742091743261718,0.8000870328590896
S4,1_5,20,0.2,0.8421052631578947,0.5791960841171355,0.8687941261757033,0.2069715130701197,0.44524104715770924
S4,1_5,20,0.4,0.631578947368421,0.5791960841171355,0.8687941261757033,0.35651251347007207,0.4485415982919263
S4,1_5,20,0.6,0.42105263157894735,0.8399175806387085,0.41995879031935424,0.3815068640438931,0.0
S4,1_5,20,0.8,0.23529411764705882,0.5791960841171355,0.8687941261757033,0.6096182857785186,0.7825881240373738
S4,1_5,40,0.0,0.625,0.8805380755937098,0.8805380755937098,0.16944600157056988,0.8667038933708582
S4,1_5,40,0.2,0.71875,0.8687941261757033,0.8687941261757033,0.23691230135600622,0.6856591403185583
S4,1_5,40,0.4,1.0,0.8687941261757033,0.8687941261757033,0.2906607490080216,0.7083680071900464
S4,1_5,40,0.6,0.5238095238095238,0.8687941261757033,0.8687941261757033,0.30948748938453613,0.38127135364525544
S4,1_5,40,0.8,0.2857142857142857,0.8687941261757033,0.8687941261757033,0.347708231103553,0.48553618719539327
S4,1_5,60,0.0,0.6166666666666667,0.8805380755937098,0.8805380755937098,0.20441322376651702,0.812157201464748
S4,1_5,60,0.2,0.75,0.5791960841171355,0.8687941261757033,0.7204070003343762,0.426875787048306
S4,1_5,60,0.4,0.6481481481481481,0.5791960841171355,0.8687941261757033,0.45971364062260966,0.3286465100177411
S4,1_5,60,0.6,0.6153846153846154,0.8687941261757033,0.8687941261757033,0.3686711997031692,0.47474503791888
S4,1_5,60,0.8,0.3,0.8687941261757033,0.8687941261757033,0.332291564807467,0.5109202826011394
S4,1_5,80,0.0,0.925,0.5870253837291398,0.8805380755937098,0.4217052172738903,0.58192774256324
S4,1_5,80,0.2,0.8125,0.8687941261757033,0.8687941261757033,0.24329855977771833,0.6654796689208935
S4,1_5,80,0.4,0.9411764705882353,0.8687941261757033,0.8687941261757033,0.257167901805839,0.6563906920731226
S4,1_5,80,0.6,0.6078431372549019,0.8687941261757033,0.8687941261757033,0.3416884364048588,0.4742431437369288
S4,1_5,80,0.8,0.21052631578947367,0.8687941261757033,0.8687941261757033,0.37143429414563833,0.33378773933605344
S4,1_5,100,0.0,0.6,0.8805380755937098,0.8805380755937098,0.2475190116468749,0.8143801102889485
S4,1_5,100,0.2,0.7625,0.8687941261757033,0.8687941261757033,0.32648767472300283,0.5306894973452189
S4,1_5,100,0.4,0.9523809523809523,0.8687941261757033,0.8687941261757033,0.3130792826718004,0.6787927638141684
S4,1_5,100,0.6,0.5846153846153846,0.8687941261757033,0.8687941261757033,0.2840493471239295,0.4656700865861029
S4,1_5,100,0.8,0.21978021978021978,0.8687941261757033,0.8687941261757033,0.36891679132579314,0.3199699391752704
S4,2_3,10,0.0,1.0,1.0,1.0,0.10119047619047619,1.0
S4,2_3,10,0.2,0.7777777777777778,0.6838266731861059,0.6838266731861059,0.37924104233351935,0.6058504964405798
S4,2_3,10,0.4,0.5555555555555556,0.589634812721394,0.589634812721394,0.3915685275998897,0.19004547116953724
S4,2_3,10,0.6,0.3333333333333333,0.7287927346738998,0.7287927346738998,0.7240843477886166,0.45209615910507034
S4,2_3,10,0.8,0.125,0.6231015194667398,0.6231015194667398,0.32752244039288153,0.6425786745695179
S4,2_3,20,0.0,1.0,1.0,1.0,0.05519480519480519,1.0
S4,2_3,20,0.2,0.8888888888888888,0.6231015194667398,0.6231015194667398,0.13323885179249664,0.6691536179668487
S4,2_3,20,0.4,0.6875,0.6493522999971997,0.6493522999971997,0.41700906849882363,0.21716526256427549
S4,2_3,20,0.6,0.4444444444444444,0.3748017253914437,0.5622025880871655,0.6160524072105382,0.1628996969373795
S4,2_3,20,0.8,0.23529411764705882,0.3971128632216742,0.5956692948325113,0.667351133316542,0.5294522926063162
S4,2_3,40,0.0,1.0,1.0,1.0,0.08091787439613526,1.0
S4,2_3,40,0.2,0.8285714285714286,0.6838266731861059,0.6838266731861059,0.22454366302557532,0.26142390551511735
S4,2_3,40,0.4,0.8,0.6231015194667398,0.6231015194667398,0.40014281072739144,0.41251272437687253
S4,2_3,40,0.6,0.43243243243243246,0.3971128632216742,0.5956692948325113,0.5476857201196634,0.5160874255827671
S4,2_3,40,0.8,0.2222222222222222,0.37342850001291145,0.5601427500193672,0.5699677253662042,0.9523809523809524
S4,2_3,60,0.0,1.0,1.0,1.0,0.1194213972615015,0.9965313446961965
S4,2_3,60,0.2,0.7692307692307693,0.6231015194667398,0.6231015194667398,0.29743348064849406,0.512742348171991
S4,2_3,60,0.4,0.631578947368421,0.4154010129778265,0.6231015194667398,0.5742499247099185,0.536398771194729
S4,2_3,60,0.6,0.40350877192982454,0.5622025880871655,0.5622025880871655,0.18362095180915308,0.02126292476427952
S4,2_3,60,0.8,0.2558139534883721,0.5476953773231119,0.5476953773231119,0.2857941177636486,0.2579527294967023
S4,2_3,80,0.0,1.0,1.0,1.0,0.06277056277056277,1.0
S4,2_3,80,0.2,0.7941176470588235,0.589634812721394,0.589634812721394,0.08164588575580548,0.3892567017985164
S4,2_3,80,0.4,0.7241379310344828,0.589634812721394,0.589634812721394,0.2993887739565997,0.2627358791117549
S4,2_3,80,0.6,0.5384615384615384,0.589634812721394,0.589634812721394,0.25918685955453863,0.5087017513447551
S4,2_3,80,0.8,0.30434782608695654,0.589634812721394,0.589634812721394,0.2075297229528043,0.5146920276219339
S4,2_3,100,0.0,1.0,1.0,1.0,0.06505102040816325,1.0
S4,2_3,100,0.2,0.7951807228915663,0.589634812721394,0.589634812721394,0.017769810683860087,0.38121560041522373
S4,2_3,100,0.4,0.7228915662650602,0.6231015194667398,0.6231015194667398,0.3741102263485799,0.4736925318284616
S4,2_3,100,0.6,0.4878048780487805,0.5476953773231119,0.5476953773231119,0.31976893402067835,0.503602919833032
S4,2_3,100,0.8,0.20202020202020202,0.5266760432740214,0.5266760432740214,0.4632478186584009,0.5
S4,2_4,10,0.0,0.9,1.0,1.0,0.7416404959123155,0.7893877851189908
S4,2_4,10,0.2,0.8,0.909678391651484,0.454839195825742,0.8035194089869064,0.0
S4,2_4,10,0.4,0.5555555555555556,0.9706564914894201,0.9706564914894201,0.5599703611628553,0.8512510438507455
S4,2_4,10,0.6,0.5,0.887892383155807,0.887892383155807,0.6487741781705536,0.25179066892635155
S4,2_4,10,0.8,0.2857142857142857,0.9371897847440743,0.9371897847440743,0.7915108206831385,0.6650298483742403
S4,2_4,20,0.0,1.0,0.6666666666666666,1.0,0.7839389014948226,0.9629629629629629
S4,2_4,20,0.2,0.8235294117647058,0.9883059025710879,0.9883059025710879,0.6217749651173698,0.6185267210163219
S4,2_4,20,0.4,0.6,0.909678391651484,0.454839195825742,0.8112682526581763,0.0
S4,2_4,20,0.6,0.4444444444444444,0.9706564914894201,0.9706564914894201,0.5554641436994379,0.95
S4,2_4,20,0.8,0.25,0.5919282554372046,0.887892383155807,0.7679942026401667,0.18605367770294923
S4,2_4,40,0.0,0.925,0.6666666666666666,1.0,0.7199629084118467,0.8900765392733865
S4,2_4,40,0.2,0.8333333333333334,0.9823505889183324,0.9823505889183324,0.7053291176729432,0.8216465318485653
S4,2_4,40,0.4,0.6153846153846154,0.6471043276596135,0.9706564914894201,0.686904000320643,0.8375678554340807
S4,2_4,40,0.6,0.45714285714285713,0.6471043276596135,0.9706564914894201,0.765503827324223,0.8072418636645532
S4,2_4,40,0.8,0.2857142857142857,0.5919282554372046,0.887892383155807,0.7117257964358943,0.21048890916364318
S4,2_4,60,0.0,1.0,0.6666666666666666,1.0,0.7788248114131842,0.8397183970789356
S4,2_4,60,0.2,0.7884615384615384,0.9823505889183324,0.9823505889183324,0.7335222172759613,0.6899007791945728
S4,2_4,60,0.4,0.5925925925925926,0.6471043276596135,0.9706564914894201,0.7618249856537588,0.6113747948745001
S4,2_4,60,0.6,0.45652173913043476,0.9213590899011528,0.9213590899011528,0.6131027221256691,0.6194875045330287
S4,2_4,60,0.8,0.23529411764705882,0.5919282554372046,0.887892383155807,0.6634564420439613,0.36559357134266457
S4,2_4,80,0.0,1.0,0.6666666666666666,1.0,0.7876236785309894,0.899261108202551
S4,2_4,80,0.2,0.8714285714285714,0.6588706017140585,0.9883059025710879,0.7693235875006047,0.6644539395857499
S4,2_4,80,0.4,0.6923076923076923,0.9706564914894201,0.9706564914894201,0.6380589311601161,0.6906520737840314
S4,2_4,80,0.6,0.4383561643835616,0.6142393932674352,0.9213590899011528,0.6703234253216716,0.67327048701882
S4,2_4,80,0.8,0.5714285714285714,0.909678391651484,0.454839195825742,1.0,1.0
S4,2_4,100,0.0,0.87,1.0,1.0,0.6310980038474805,0.7614537622626323
S4,2_4,100,0.2,0.8080808080808081,0.6471043276596135,0.9706564914894201,0.754942854066294,0.856159962575526
S4,2_4,100,0.4,0.6382978723404256,0.6142393932674352,0.9213590899011528,0.6932515185284784,0.6733172483225278
S4,2_4,100,0.6,0.45977011494252873,0.6142393932674352,0.9213590899011528,0.6522403059854858,0.671026144801749
S4,2_4,100,0.8,0.3076923076923077,0.887892383155807,0.887892383155807,0.3382958566250695,0.5151650941283579
S4,2_5,10,0.0,0.9,0.5870253837291398,0.8805380755937098,0.6657631692175399,0.6449496780087809
S4,2_5,10,0.2,0.6666666666666666,0.8688439781647975,0.8688439781647975,0.4026631870812933,0.38195297314347487
S4,2_5,10,0.4,0.6666666666666666,0.8688439781647975,0.8688439781647975,0.6072458354842951,0.5068410031917451
S4,2_5,10,0.6,0.5,0.8688439781647975,0.8688439781647975,0.7258066872614298,0.5418586403299478
S4,2_5,10,0.8,0.25,0.8688439781647975,0.8688439781647975,0.5603654026017497,0.3310187359292427
S4,2_5,20,0.0,0.75,0.8805380755937098,0.8805380755937098,0.7581699346405228,1.0
S4,2_5,20,0.2,0.7647058823529411,0.5792293187765317,0.8688439781647975,0.7826196057807009,0.7650899253668176
S4,2_5,20,0.4,0.625,0.8353772714194517,0.8353772714194517,0.5273590389816326,0.163129582183531
S4,2_5,20,0.6,0.4117647058823529,0.5792293187765317,0.8688439781647975,0.7185073464353431,0.4985787076313993
S4,2_5,20,0.8,0.1875,0.5569181809463012,0.8353772714194517,0.6199657260569141,0.24277032679726265
S4,2_5,40,0.0,0.65,0.8688439781647975,0.8688439781647975,0.7572364204341737,0.39898644629787644
S4,2_5,40,0.2,0.8421052631578947,0.5792293187765317,0.8688439781647975,0.7400867878414237,0.5421026888251407
S4,2_5,40,0.4,0.6111111111111112,0.8688439781647975,0.8688439781647975,0.6410464433601075,0.5379643267234833
S4,2_5,40,0.6,0.5833333333333334,0.5792293187765317,0.8688439781647975,0.7922077922077921,0.9583333333333334
S4,2_5,40,0.8,0.3333333333333333,0.8353772714194517,0.8353772714194517,0.28837286739147583,0.2844554466252156
S4,2_5,60,0.0,0.45,1.0,0.5,0.8744878638553335,0.505425577103027
S4,2_5,60,0.2,0.7307692307692307,0.8688439781647975,0.8688439781647975,0.7968418105435121,0.634593930305666
S4,2_5,60,0.4,0.6,0.5792293187765317,0.8688439781647975,0.6765239758163126,0.491569790754445
S4,2_5,60,0.6,0.42105263157894735,0.5792293187765317,0.8688439781647975,0.663041745135521,0.43006565457896406
S4,2_5,60,0.8,0.28205128205128205,0.8353772714194517,0.8353772714194517,0.20962517907413541,0.2787099913202467
S4,2_5,80,0.0,0.675,0.9766118051421756,0.4883059025710878,0.8215411087080946,0.7297297297297297
S4,2_5,80,0.2,0.8970588235294118,0.5792293187765317,0.8688439781647975,0.7667797577686847,0.4960534434993162
S4,2_5,80,0.4,0.6935483870967742,0.8688439781647975,0.8688439781647975,0.6262386814225573,0.6058384564013249
S4,2_5,80,0.6,0.46875,0.5792293187765317,0.8688439781647975,0.6512134169496628,0.472136528395868
S4,2_5,80,0.8,0.24242424242424243,0.5792293187765317,0.8688439781647975,0.586201834703054,0.5111186638724537
S4,2_5,100,0.0,0.7,0.9766118051421756,0.4883059025710878,0.8225482440497378,0.7291666666666666
S4,2_5,100,0.2,0.7111111111111111,0.8688439781647975,0.8688439781647975,0.7780349569964639,0.5166919564662151
S4,2_5,100,0.4,0.6521739130434783,0.5792293187765317,0.8688439781647975,0.7012481973722524,0.494363324227266
S4,2_5,100,0.6,0.4634146341463415,0.5792293187765317,0.8688439781647975,0.6451549359710966,0.496438691604071
S4,2_5,100,0.8,0.2345679012345679,0.5792293187765317,0.8688439781647975,0.581145391808032,0.4592548922521155
S4,3_4,10,0.0,1.0,1.0,1.0,0.27465986394557823,1.0
S4,3_4,10,0.2,0.8888888888888888,0.6778713595333504,0.6778713595333504,0.49794841081752134,0.7409156078309332
S4,3_4,10,0.4,0.75,0.6171462058139843,0.6171462058139843,0.7072405318255653,0.6358021555708546
S4,3_4,10,0.6,0.5,0.4114308038759895,0.6171462058139843,0.6762641522791922,0.5434587563720209
S4,3_4,10,0.8,0.1111111111111111,0.5897139811797558,0.5897139811797558,0.6990612021978653,0.43610755251468003
S4,3_4,20,0.0,1.0,1.0,1.0,0.24291300097751709,1.0
S4,3_4,20,0.2,0.8888888888888888,0.4114308038759895,0.6171462058139843,0.7700829240050062,0.5157237518789701
S4,3_4,20,0.4,0.631578947368421,0.5897139811797558,0.5897139811797558,0.6117005908903103,0.7310898548875104
S4,3_4,20,0.6,0.3333333333333333,0.5678488042257169,0.5678488042257169,0.5719619129327869,0.17515052454220886
S4,3_4,20,0.8,0.17647058823529413,0.5404165795914886,0.5404165795914886,0.4388275361576879,0.40439334063119076
S4,3_4,40,0.0,1.0,1.0,1.0,0.1963276836158192,1.0
S4,3_4,40,0.2,0.6388888888888888,0.5678488042257169,0.5678488042257169,0.5197545864123077,0.2603533677350503
S4,3_4,40,0.4,0.6666666666666666,0.525909368827435,0.525909368827435,0.6304712892128455,0.5055213726768608
S4,3_4,40,0.6,0.43243243243243246,0.35060624588495665,0.525909368827435,0.6570121909439113,0.504846959526763
S4,3_4,40,0.8,0.25,0.4114308038759895,0.6171462058139843,0.6007790595219474,0.47565728480649666
S4,3_4,60,0.0,0.9666666666666667,1.0,1.0,0.23513504430528637,0.9916666666666667
S4,3_4,60,0.2,0.7058823529411765,0.5678488042257169,0.5678488042257169,0.6100947043779592,0.5822677268493596
S4,3_4,60,0.4,0.6078431372549019,0.37856586948381127,0.5678488042257169,0.5796619493864966,0.4543976666328801
S4,3_4,60,0.6,0.35,0.5678488042257169,0.5678488042257169,0.170502757294881,0.5054672543972006
S4,3_4,60,0.8,0.2558139534883721,0.36027771972765904,0.5404165795914886,0.6984445577983802,0.37826276414160126
S4,3_4,80,0.0,0.9875,1.0,1.0,0.2208902711590659,0.996875
S4,3_4,80,0.2,0.6805555555555556,0.5678488042257169,0.5678488042257169,0.5817436629281183,0.5076300371260702
S4,3_4,80,0.4,0.5555555555555556,0.5678488042257169,0.5678488042257169,0.5427391536937483,0.5086940756221184
S4,3_4,80,0.6,0.5081967213114754,0.525909368827435,0.525909368827435,0.6093476616895087,0.5042578018412246
S4,3_4,80,0.8,0.23529411764705882,0.5678488042257169,0.5678488042257169,0.2962253301358337,0.5138097470217928
S4,3_4,100,0.0,1.0,1.0,1.0,0.26432431317548055,1.0
S4,3_4,100,0.2,0.8021978021978022,0.525909368827435,0.525909368827435,0.5637573993606049,0.43389481695439724
S4,3_4,100,0.4,0.6309523809523809,0.37856586948381127,0.5678488042257169,0.6948123465325833,0.42759161351267877
S4,3_4,100,0.6,0.36619718309859156,0.5678488042257169,0.5678488042257169,0.6153970664874119,0.437727830530761
S4,3_4,100,0.8,0.17333333333333334,0.5404165795914886,0.5404165795914886,0.2667170529788276,0.2780735971845295
S4,3_5,10,0.0,1.0,0.9236273726669201,0.9236273726669201,0.530060243347373,0.6221887948226428
S4,3_5,10,0.2,0.6666666666666666,0.4879014678551333,0.4879014678551333,0.5109496701123365,0.6895561386075806
S4,3_5,10,0.4,0.4,0.4733942570910797,0.4733942570910797,0.6999454216823762,0.67934329124716
S4,3_5,10,0.6,0.3,0.4879014678551333,0.4879014678551333,0.624733981330095,0.23709333096190888
S4,3_5,10,0.8,0.14285714285714285,0.5153336924893617,0.5153336924893617,0.5300119089351382,0.3272594124508644
S4,3_5,20,0.0,0.65,0.8805380755937098,0.8805380755937098,0.3797373358348968,0.9659090909090908
S4,3_5,20,0.2,0.875,0.5153336924893617,0.5153336924893617,0.5627222541504373,0.2728122979858362
S4,3_5,20,0.4,0.5555555555555556,0.4879014678551333,0.4879014678551333,0.4549454682344316,0.2591911753268485
S4,3_5,20,0.6,0.4166666666666667,0.5153336924893617,0.5153336924893617,0.6074277193086443,0.24025047274909797
S4,3_5,20,0.8,0.2,0.4879014678551333,0.4879014678551333,0.28718435034179257,0.266436519306612
S4,3_5,40,0.0,0.65,0.4879014678551333,0.4879014678551333,0.5103484672094151,0.6862740034585204
S4,3_5,40,0.2,0.6,0.5153336924893617,0.5153336924893617,0.6649687423821931,0.34818312117212324
S4,3_5,40,0.4,0.6363636363636364,0.5153336924893617,0.5153336924893617,0.535099257331835,0.1924544612219708
S4,3_5,40,0.6,0.4,0.4523749230419891,0.4523749230419891,0.6065893721347846,0.4375
S4,3_5,40,0.8,0.2962962962962963,0.4879014678551333,0.4879014678551333,0.2880631875390586,0.28034390950395566
S4,3_5,60,0.0,0.6166666666666667,0.4879014678551333,0.4879014678551333,0.4546866372706796,0.6937415967634337
S4,3_5,60,0.2,0.6938775510204082,0.5153336924893617,0.5153336924893617,0.5466678050392423,0.2598813567665923
S4,3_5,60,0.4,0.5740740740740741,0.5153336924893617,0.5153336924893617,0.6054067429788069,0.18733319529960135
S4,3_5,60,0.6,0.5476190476190477,0.4879014678551333,0.4879014678551333,0.08758293997096789,0.26447933350558583
S4,3_5,60,0.8,0.2391304347826087,0.4879014678551333,0.4879014678551333,0.14656611630571778,0.2739447091708376
S4,3_5,80,0.0,0.6625,0.4879014678551333,0.4879014678551333,0.5131289929778281,0.6882345466253499
S4,3_5,80,0.2,0.696969696969697,0.5153336924893617,0.5153336924893617,0.42939086596902587,0.5086931698087916
S4,3_5,80,0.4,0.6885245901639344,0.4733942570910797,0.4733942570910797,0.5026613102311694,0.5102909692869597
S4,3_5,80,0.6,0.5217391304347826,0.5153336924893617,0.5153336924893617,0.11836487562790808,0.5108762380900231
S4,3_5,80,0.8,0.27586206896551724,0.4733942570910797,0.4733942570910797,0.16782587170074456,0.5077870024674574
S4,3_5,100,0.0,0.56,0.8805380755937098,0.8805380755937098,0.48671526239938134,0.8702256944444444
S4,3_5,100,0.2,0.6395348837209303,0.5153336924893617,0.5153336924893617,0.538157402122029,0.2694108947937715
S4,3_5,100,0.4,0.6835443037974683,0.3435557949929078,0.5153336924893617,0.5941747359240979,0.34026150669430866
S4,3_5,100,0.6,0.4090909090909091,0.5153336924893617,0.5153336924893617,0.16181435623430623,0.27310210717087846
S4,3_5,100,0.8,0.21739130434782608,0.4879014678551333,0.4879014678551333,0.1927989498829816,0.2584026262071043
S4,4_5,10,0.0,1.0,0.5870253837291398,0.8805380755937098,0.751114374240716,1.0
S4,4_5,10,0.2,0.6,0.8805380755937098,0.8805380755937098,0.5768444454024212,0.4319593078667174
S4,4_5,10,0.4,0.4,0.8135912629237747,0.8135912629237747,0.6887392307287625,0.6541322735972945
S4,4_5,10,0.6,0.4,0.5423941752825164,0.8135912629237747,0.570770354943535,0.40319262919459137
S4,4_5,10,0.8,0.125,0.5752591096746947,0.862888664512042,0.5935675856347822,0.3865390777686746
S4,4_5,20,0.0,0.75,0.5870253837291398,0.8805380755937098,0.7771555265738885,0.5849585988062982
S4,4_5,20,0.2,0.8421052631578947,0.8661063746601301,0.43305318733006504,0.8418325218335199,0.0
S4,4_5,20,0.4,0.6666666666666666,0.5752591096746947,0.862888664512042,0.5156256337476052,0.4719307342884172
S4,4_5,20,0.6,0.47058823529411764,0.5752591096746947,0.862888664512042,0.7359523863242956,0.6781994127138695
S4,4_5,20,0.8,0.3076923076923077,0.8135912629237747,0.8135912629237747,0.10374971438041611,0.5083675608043436
S4,4_5,40,0.0,0.525,1.0,0.5,0.8351711269585667,0.8333333333333334
S4,4_5,40,0.2,0.78125,0.8805380755937098,0.8805380755937098,0.7621372377622377,0.8708333333333333
S4,4_5,40,0.4,0.5428571428571428,0.5752591096746947,0.862888664512042,0.6815998585970713,0.46436277001708876
S4,4_5,40,0.6,0.47058823529411764,0.5752591096746947,0.862888664512042,0.5846646346625772,0.6786904127652499
S4,4_5,40,0.8,0.2916666666666667,0.8135912629237747,0.8135912629237747,0.45330421704555934,0.2804912677848579
S4,4_5,60,0.0,0.8333333333333334,0.9236273726669201,0.9236273726669201,0.7270755727168075,0.5233341694116272
S4,4_5,60,0.2,0.5625,0.8805380755937098,0.8805380755937098,0.7434349910738078,0.81875
S4,4_5,60,0.4,0.6111111111111112,0.5752591096746947,0.862888664512042,0.5585660075247204,0.6391649421383061
S4,4_5,60,0.6,0.5833333333333334,0.862888664512042,0.862888664512042,0.6842619745845553,0.9558823529411764
S4,4_5,60,0.8,0.24,0.5752591096746947,0.862888664512042,0.5292553426825946,0.6812058081121797
S4,4_5,80,0.0,0.8875,0.5752591096746947,0.862888664512042,0.6910579830200372,0.6277531984645155
S4,4_5,80,0.2,0.609375,0.8805380755937098,0.8805380755937098,0.7537650528760926,0.851044226044226
S4,4_5,80,0.4,0.6388888888888888,0.5752591096746947,0.862888664512042,0.639842387670339,0.6359100765291382
S4,4_5,80,0.6,0.6037735849056604,0.5752591096746947,0.862888664512042,0.7970811051693405,1.0
S4,4_5,80,0.8,0.3333333333333333,0.8135912629237747,0.8135912629237747,0.24960607575258176,0.5309691627199833
S4,4_5,100,0.0,0.5,0.8805380755937098,0.8805380755937098,0.7566303974001765,0.8400865460267506
S4,4_5,100,0.2,0.55,0.8805380755937098,0.8805380755937098,0.7478403171295709,0.8248620961386919
S4,4_5,100,0.4,0.8307692307692308,0.862888664512042,0.862888664512042,0.7890276538804639,0.9318181818181819
S4,4_5,100,0.6,0.5263157894736842,0.5752591096746947,0.862888664512042,0.5776277732005399,0.6711115777351452
S4,4_5,100,0.8,0.32786885245901637,0.8135912629237747,0.8135912629237747,0.20272455572048495,0.5186992651811535
Scene,Sindex,Num,Noise_Rate,Jaccard,Precisiom,Recall,best_argminC,best_avgConf
S5,1_2,10,0.0,0.9,0.8759044073284694,0.8759044073284694,0.29402125927525496,0.6949508622147369
S5,1_2,10,0.2,0.7,0.5719188438785189,0.5719188438785189,0.7480703775069191,0.5113221544274111
S5,1_2,10,0.4,0.6,0.7018477013104557,0.35092385065522785,0.15571833709630967,0.0
S5,1_2,10,0.6,0.42857142857142855,0.6500352201194929,0.32501761005974644,0.5872205361807894,0.45920958787896343
S5,1_2,10,0.8,0.2222222222222222,0.36803850038538993,0.5520577505780849,0.6992895062393112,0.6920511970731993
S5,1_2,20,0.0,0.95,0.8350187951956328,0.8350187951956328,0.30456520173121127,0.8389296869560259
S5,1_2,20,0.2,0.9411764705882353,0.6272003578209868,0.6272003578209868,0.5273143747167348,0.739123162791699
S5,1_2,20,0.4,0.6875,0.5842679054632776,0.5842679054632776,0.6079388135248458,0.34377430081238475
S5,1_2,20,0.6,0.47058823529411764,0.5520577505780849,0.5520577505780849,0.7896264545908929,0.7396575060321813
S5,1_2,20,0.8,0.25,0.5102315995584165,0.5102315995584165,0.45225710232126914,0.19327106128433866
S5,1_2,40,0.0,0.875,0.8759044073284694,0.8759044073284694,0.32260679383920665,0.7003647136582409
S5,1_2,40,0.2,0.7222222222222222,0.3829104026843701,0.5743656040265551,0.7672290987351742,0.3616159583655376
S5,1_2,40,0.4,0.6470588235294118,0.5607424811784463,0.5607424811784463,0.7608190843546598,0.7437384005857758
S5,1_2,40,0.6,0.47058823529411764,0.36803850038538993,0.5520577505780849,0.6441748290115359,0.501815031594301
S5,1_2,40,0.8,0.2692307692307692,0.5165129019583585,0.5165129019583585,0.7728981057824038,0.29696456344765393
S5,1_2,60,0.0,0.85,0.8759044073284694,0.8759044073284694,0.31700214214344075,0.6980631665491808
S5,1_2,60,0.2,0.8148148148148148,0.3829104026843701,0.5743656040265551,0.7702624598317334,0.40583318819572556
S5,1_2,60,0.4,0.8780487804878049,0.5901325336380738,0.5901325336380738,0.6047647203063405,0.60567840495215
S5,1_2,60,0.6,0.4888888888888889,0.389567355292598,0.584351032938897,0.6552752785820262,0.34979306680031247
S5,1_2,60,0.8,0.21818181818181817,0.5462398363320515,0.5462398363320515,0.4537000003090194,0.26683925068783115
S5,1_2,80,0.0,0.875,0.8759044073284694,0.8759044073284694,0.3275469771317031,0.7000523621292725
S5,1_2,80,0.2,0.8289473684210527,0.40693929266456935,0.610408938996854,0.7652947258503866,0.29732965713090437
S5,1_2,80,0.4,0.6153846153846154,0.389567355292598,0.584351032938897,0.740728281608544,0.3467981699117511
S5,1_2,80,0.6,0.5660377358490566,0.5497645740964688,0.5497645740964688,0.5393265603020421,0.35999603540329955
S5,1_2,80,0.8,0.25396825396825395,0.3849288025744926,0.5773932038617389,0.5663790439823834,0.15149743230833154
S5,1_2,100,0.0,0.88,0.8935300079656945,0.8935300079656945,0.31336934306297903,0.7140944061222687
S5,1_2,100,0.2,0.8494623655913979,0.40693929266456935,0.610408938996854,0.7405892882954459,0.28488648936000843
S5,1_2,100,0.4,0.7195121951219512,0.40693929266456935,0.610408938996854,0.748981359123407,0.28589611251883035
S5,1_2,100,0.6,0.4642857142857143,0.584351032938897,0.584351032938897,0.5896438570913212,0.2798591753500138
S5,1_2,100,0.8,0.1917808219178082,0.5022298510984259,0.5022298510984259,0.42852964702804563,0.28139027949877804
S5,1_3,10,0.0,0.9,1.0,1.0,0.20169936546318368,0.803037322886246
S5,1_3,10,0.2,0.7,0.8848522312956514,0.4424261156478257,0.8158726819485504,0.9
S5,1_3,10,0.4,0.75,0.7651910230106174,0.7651910230106174,0.6761836384008285,0.3952447753958936
S5,1_3,10,0.6,0.4444444444444444,0.8544295177744774,0.8544295177744774,0.5355964839772399,0.7041434365405874
S5,1_3,10,0.8,0.25,0.8296649320667844,0.8296649320667844,0.19363804420278774,0.5501723401176382
S5,1_3,20,0.0,0.95,1.0,1.0,0.2007730485582398,0.8642884517999216
S5,1_3,20,0.2,0.8823529411764706,0.48916035315552087,0.7337405297332813,0.7494347931496104,0.4364558765777575
S5,1_3,20,0.4,0.75,0.5101273486737449,0.7651910230106174,0.7736420595726928,0.43378393431969653
S5,1_3,20,0.6,0.375,0.8227445596867784,0.4113722798433892,0.8154377983223667,0.05693983678927736
S5,1_3,20,0.8,0.16666666666666666,0.6976793201063792,0.6976793201063792,0.68272908350679,0.08091114750709236
S5,1_3,40,0.0,1.0,1.0,1.0,0.1696356891514701,0.9943526728272145
S5,1_3,40,0.2,0.8888888888888888,0.5696196785163182,0.8544295177744774,0.7082008530472057,0.6656927456669467
S5,1_3,40,0.4,0.40625,0.8227445596867784,0.4113722798433892,0.8306295424371292,0.3801267715712201
S5,1_3,40,0.6,0.4666666666666667,0.8084627640278057,0.8084627640278057,0.7989542576230969,0.33594853096724153
S5,1_3,40,0.8,0.20512820512820512,0.8848522312956514,0.4424261156478257,0.8020521936441066,0.0
S5,1_3,60,0.0,0.9166666666666666,0.9823743993627749,0.9823743993627749,0.21919904262723838,0.8597661165751409
S5,1_3,60,0.2,0.8571428571428571,0.5601735243222868,0.8402602864834303,0.76522798262605,0.43075372312826943
S5,1_3,60,0.4,0.5925925925925926,0.8227445596867784,0.4113722798433892,0.8315218429151396,0.07133248431150832
S5,1_3,60,0.6,0.43636363636363634,0.5601735243222868,0.8402602864834303,0.7546633523948852,0.6462300416027755
S5,1_3,60,0.8,0.23404255319148937,0.8227445596867784,0.4113722798433892,0.8156575964074745,0.06925295160955859
S5,1_3,80,0.0,0.875,0.9823743993627749,0.9823743993627749,0.20297617744696364,0.8565950051445828
S5,1_3,80,0.2,0.8028169014084507,0.7651910230106174,0.7651910230106174,0.7917385633175681,0.4898893182576717
S5,1_3,80,0.4,0.7058823529411765,0.5601735243222868,0.8402602864834303,0.7932770803247053,0.418558883073263
S5,1_3,80,0.6,0.4492753623188406,0.5601735243222868,0.8402602864834303,0.7632114108353858,0.5199320124460779
S5,1_3,80,0.8,0.24615384615384617,0.5531099547111896,0.8296649320667844,0.7387818672686106,0.5028809708351027
S5,1_3,100,0.0,0.87,1.0,1.0,0.18988280677467323,0.8734378977222368
S5,1_3,100,0.2,0.851063829787234,0.5592924295677859,0.8389386443516789,0.7619046388760349,0.5205212457009082
S5,1_3,100,0.4,0.6976744186046512,0.5601735243222868,0.8402602864834303,0.7527863838276747,0.439074684640748
S5,1_3,100,0.6,0.425531914893617,0.5601735243222868,0.8402602864834303,0.779519502409947,0.529869435125473
S5,1_3,100,0.8,0.24691358024691357,0.8402602864834303,0.8402602864834303,0.7138661005162695,0.5297056690626579
S5,1_4,10,0.0,1.0,0.9955972789608705,0.9955972789608705,0.2680845866774567,0.9824060806855774
S5,1_4,10,0.2,1.0,0.7512662646521144,0.7512662646521144,0.6976444137572342,0.6248998717862542
S5,1_4,10,0.4,0.75,0.2882540015474467,0.43238100232117,0.7334104185853123,0.5920934412196761
S5,1_4,10,0.6,0.5714285714285714,0.43172516532958904,0.43172516532958904,0.7983379392622026,0.7182175287754542
S5,1_4,10,0.8,0.1,0.2944055291239892,0.4416082936859838,0.6576053466324602,0.8338308295638687
S5,1_4,20,0.0,1.0,0.9955972789608705,0.9955972789608705,0.2728746984910866,0.9802068407712747
S5,1_4,20,0.2,0.7368421052631579,0.4433368006072865,0.4433368006072865,0.603133092114593,0.4162827421356161
S5,1_4,20,0.4,0.6666666666666666,0.2955578670715243,0.4433368006072865,0.6998834138590122,0.3456377416987439
S5,1_4,20,0.6,0.42105263157894735,0.33918095998095293,0.5087714399714294,0.7553272134315587,0.5532045000581648
S5,1_4,20,0.8,0.23529411764705882,0.42986996638236274,0.42986996638236274,0.5032159833493022,0.25427554918905376
S5,1_4,40,0.0,1.0,0.8675711068438849,0.8675711068438849,0.31562157362903,0.8554006276584751
S5,1_4,40,0.2,1.0,0.40131265450937237,0.6019689817640586,0.6957911416088309,0.5259625425295037
S5,1_4,40,0.4,0.5384615384615384,0.28657997758824183,0.42986996638236274,0.5686143194416973,0.34788647392086164
S5,1_4,40,0.6,0.42424242424242425,0.2967919079893406,0.44518786198401084,0.6034945035294706,0.2714156798560525
S5,1_4,40,0.8,0.2413793103448276,0.3120415144282717,0.46806227164240755,0.6596771326250941,0.39973212849683715
S5,1_4,60,0.0,1.0,0.8675711068438849,0.8675711068438849,0.31671004292043137,0.855123474712526
S5,1_4,60,0.2,0.7543859649122807,0.28657997758824183,0.42986996638236274,0.7686607575400004,0.3787177304516584
S5,1_4,60,0.4,0.5263157894736842,0.32286356554549744,0.48429534831824617,0.6708458581273918,0.24037402214490625
S5,1_4,60,0.6,0.5945945945945946,0.4191672933948472,0.4191672933948472,0.6910195336182443,0.3891076164207141
S5,1_4,60,0.8,0.23529411764705882,0.3200633319442191,0.48009499791632865,0.6699849991275142,0.3766493241933351
S5,1_4,80,0.0,1.0,0.8675711068438849,0.8675711068438849,0.31328627051338287,0.8547602672379885
S5,1_4,80,0.2,0.75,0.313605608068576,0.47040841210286405,0.7471779106619318,0.32387119461229963
S5,1_4,80,0.4,0.7619047619047619,0.35746910973710516,0.5362036646056577,0.7705978344412954,0.38629041538763104
S5,1_4,80,0.6,0.47692307692307695,0.47792325944971464,0.47792325944971464,0.591573221249555,0.2729378592480395
S5,1_4,80,0.8,0.2222222222222222,0.30493035312076394,0.4573955296811459,0.5776417806484213,0.5185483000180077
S5,1_4,100,0.0,1.0,0.8719738278830145,0.8719738278830145,0.30832057003764457,0.8761004950333243
S5,1_4,100,0.2,0.851063829787234,0.3186155062998098,0.47792325944971464,0.7409130857462407,0.33808000129785865
S5,1_4,100,0.4,0.6582278481012658,0.47792325944971464,0.47792325944971464,0.6210770221036099,0.4392934264389839
S5,1_4,100,0.6,0.5066666666666667,0.3297348057869215,0.49460220868038224,0.7701857164199419,0.4575344313352992
S5,1_4,100,0.8,0.2857142857142857,0.4416082936859838,0.4416082936859838,0.3557596962996333,0.5062524266388407
S5,1_5,10,0.0,0.9,0.9415659428736802,0.9415659428736802,0.7098884846210181,0.6596604681981331
S5,1_5,10,0.2,0.8888888888888888,0.8288090662607023,0.41440453313035114,0.8455268380538331,0.9
S5,1_5,10,0.4,0.6666666666666666,0.5245869151395874,0.7868803727093812,0.7204778522623158,0.7526833214792846
S5,1_5,10,0.6,0.25,0.8497736013846227,0.8497736013846227,0.4669391604921854,0.5117736627078713
S5,1_5,10,0.8,0.3333333333333333,0.7315851681665055,0.7315851681665055,0.6399999999999999,1.0
S5,1_5,20,0.0,0.9,0.97576153958101,0.97576153958101,0.5661608134212555,0.8376181380216785
S5,1_5,20,0.2,0.9411764705882353,0.5695162350405529,0.8542743525608294,0.7581976652127227,0.6642998419556465
S5,1_5,20,0.4,0.6666666666666666,0.5544185989089021,0.8316278983633532,0.7687869579724274,0.5520132779135338
S5,1_5,20,0.6,0.5714285714285714,0.765328383785579,0.765328383785579,0.2727272727272727,1.0
S5,1_5,20,0.8,0.26666666666666666,0.6616205349013079,0.6616205349013079,0.19545364086307998,0.27726139126179067
S5,1_5,40,0.0,0.875,0.97576153958101,0.97576153958101,0.688654689225079,0.7986220185024365
S5,1_5,40,0.2,0.9411764705882353,0.5952130680084906,0.8928196020127359,0.7891699612429515,0.7459595970696172
S5,1_5,40,0.4,0.7272727272727273,0.5632270788226714,0.8448406182340071,0.7992438549833556,0.673937097620629
S5,1_5,40,0.6,0.41025641025641024,0.7556362098147607,0.7556362098147607,0.6125710967199661,0.5
S5,1_5,40,0.8,0.25,0.527967450385661,0.7919511755784914,0.7162195770970796,0.6992180736133106
S5,1_5,60,0.0,0.8666666666666667,0.930097565335723,0.930097565335723,0.6601656507474282,0.6641638956140217
S5,1_5,60,0.2,0.96,0.7755023160157333,0.7755023160157333,0.7472046235756358,0.6567577305592793
S5,1_5,60,0.4,0.8181818181818182,0.7737324142879419,0.7737324142879419,0.6498469991204334,0.8208333333333333
S5,1_5,60,0.6,0.5,0.8016433495493098,0.8016433495493098,0.5641032400090836,0.5249793096398689
S5,1_5,60,0.8,0.21818181818181817,0.7919511755784914,0.7919511755784914,0.5276592976213839,0.2704187521920803
S5,1_5,80,0.0,1.0,0.6622580934788234,0.993387140218235,0.753614263744766,0.8750810695010092
S5,1_5,80,0.2,0.9846153846153847,0.5952130680084906,0.8928196020127359,0.769808293359403,0.582178731965845
S5,1_5,80,0.4,0.75,0.5438750538935713,0.8158125808403569,0.7895271733796991,0.75872759475608
S5,1_5,80,0.6,0.43243243243243246,0.765328383785579,0.765328383785579,0.6201176569715422,0.5
S5,1_5,80,0.8,0.2711864406779661,0.7919511755784914,0.7919511755784914,0.35695653178581743,0.5384438391010343
S5,1_5,100,0.0,0.88,0.9415659428736802,0.9415659428736802,0.731314792949272,0.6547238342425572
S5,1_5,100,0.2,0.963855421686747,0.5952130680084906,0.8928196020127359,0.7749411321730092,0.5843434712266379
S5,1_5,100,0.4,0.7692307692307693,0.5438750538935713,0.8158125808403569,0.7786119903146609,0.6711168358750568
S5,1_5,100,0.6,0.40816326530612246,0.7919511755784914,0.7919511755784914,0.5455223214438397,0.25956835660195515
S5,1_5,100,0.8,0.29850746268656714,0.8016433495493098,0.8016433495493098,0.5121618275979364,0.6209449207606476
S5,2_3,10,0.0,0.8,0.8935300079656945,0.8935300079656945,0.19504841757540253,0.7332364974854684
S5,2_3,10,0.2,1.0,0.8064147056368336,0.8064147056368336,0.5770983605912093,0.6772145597591739
S5,2_3,10,0.4,0.8571428571428571,0.7619248041673922,0.7619248041673922,0.7574982968750554,0.6766479673372114
S5,2_3,10,0.6,0.375,0.645974279568557,0.645974279568557,0.5601728045145167,0.43900641040554483
S5,2_3,10,0.8,0.2222222222222222,0.6502780734967956,0.6502780734967956,0.23442468386123128,0.6770120215900032
S5,2_3,20,0.0,0.95,0.8619448922876232,0.8619448922876232,0.2137085992201891,0.8352636560287655
S5,2_3,20,0.2,0.8333333333333334,0.4740555889935663,0.7110833834903495,0.7709189549462696,0.40098165763664423
S5,2_3,20,0.4,0.8,0.5300745350780324,0.7951118026170485,0.7808339169116344,0.5633230237405313
S5,2_3,20,0.6,0.47058823529411764,0.4439007529725882,0.6658511294588823,0.7520007735606942,0.8620699443822929
S5,2_3,20,0.8,0.1875,0.4481014339716469,0.6721521509574704,0.7586424693139694,0.35905940977233414
S5,2_3,40,0.0,0.975,0.8619448922876232,0.8619448922876232,0.18748052467307486,0.8302312577259103
S5,2_3,40,0.2,0.8378378378378378,0.48487652094978034,0.7273147814246705,0.7822559873464341,0.6544666660049023
S5,2_3,40,0.4,0.6764705882352942,0.4816366145956548,0.7224549218934823,0.73919853085081,0.7264337332667111
S5,2_3,40,0.6,0.41379310344827586,0.6365164277176955,0.6365164277176955,0.565890758047774,0.2720735337114682
S5,2_3,40,0.8,0.2962962962962963,0.6325805030906059,0.6325805030906059,0.7263749481702215,0.5046193973426416
S5,2_3,60,0.0,0.9833333333333333,0.8935300079656945,0.8935300079656945,0.18138816228008542,0.834589134450693
S5,2_3,60,0.2,0.8703703703703703,0.6967404880588206,0.6967404880588206,0.7060294960587108,0.4839462656233623
S5,2_3,60,0.4,0.6730769230769231,0.45582836357181306,0.6837425453577196,0.7582001457214935,0.7214763782389996
S5,2_3,60,0.6,0.5227272727272727,0.6947294119389025,0.6947294119389025,0.6493485165954742,0.5409097631597862
S5,2_3,60,0.8,0.2222222222222222,0.8848522312956514,0.4424261156478257,0.8090620565796491,0.0
S5,2_3,80,0.0,0.9875,0.8935300079656945,0.8935300079656945,0.1870057997240944,0.8319582109139902
S5,2_3,80,0.2,0.875,0.5070011865828845,0.7605017798743268,0.7750204773134814,0.7281646863246554
S5,2_3,80,0.4,0.734375,0.48487652094978034,0.7273147814246705,0.730887049278518,0.7358114768672525
S5,2_3,80,0.6,0.5,0.48059970400692015,0.7208995560103802,0.7365763670444573,0.6800375194135017
S5,2_3,80,0.8,0.2112676056338028,0.6431758575072517,0.6431758575072517,0.7643580402409735,0.3919532514638477
S5,2_3,100,0.0,0.99,0.8935300079656945,0.8935300079656945,0.18254127815578677,0.834734373937125
S5,2_3,100,0.2,0.9753086419753086,0.749130241471194,0.749130241471194,0.6793452242071484,0.5756659634455137
S5,2_3,100,0.4,0.7468354430379747,0.7035226443905458,0.7035226443905458,0.7155736365700804,0.6687207674530266
S5,2_3,100,0.6,0.5064935064935064,0.48059970400692015,0.7208995560103802,0.749611410419762,0.5786180790547778
S5,2_3,100,0.8,0.2127659574468085,0.40801499331837626,0.6120224899775644,0.6818238030055022,0.625
S5,2_4,10,0.0,1.0,0.9679039977457176,0.9679039977457176,0.3899565564788412,0.8695625414399157
S5,2_4,10,0.2,0.7,0.3019645728425546,0.3019645728425546,0.33963349016658273,0.5042887090232504
S5,2_4,10,0.4,0.6666666666666666,0.1997430340365188,0.2996145510547782,0.7119944193192639,0.7824120878204442
S5,2_4,10,0.6,0.42857142857142855,0.39422443303987664,0.19711221651993832,0.7180683484803072,0.5095912142180851
S5,2_4,10,0.8,0.2857142857142857,0.26385337623570915,0.26385337623570915,0.7966665755325915,0.7598358818851766
S5,2_4,20,0.0,1.0,0.9679039977457176,0.9679039977457176,0.3838319002476992,0.8627334920736528
S5,2_4,20,0.2,0.9375,0.35796573947354726,0.35796573947354726,0.6029444703120383,0.41571518969025173
S5,2_4,20,0.4,0.6111111111111112,0.2672689297821255,0.2672689297821255,0.48662898702872476,0.7340222250052271
S5,2_4,20,0.6,0.5,0.2689490639682177,0.2689490639682177,0.4802055360315908,0.6370363479082898
S5,2_4,20,0.8,0.21052631578947367,0.2115803185553138,0.2115803185553138,0.2849514496768092,0.26242465094261397
S5,2_4,40,0.0,1.0,0.9679039977457176,0.9679039977457176,0.3807335982611645,0.8593189673905213
S5,2_4,40,0.2,0.8857142857142857,0.2689490639682177,0.2689490639682177,0.4872843746595813,0.7186107483601689
S5,2_4,40,0.4,0.71875,0.2689490639682177,0.2689490639682177,0.5353368239001605,0.6428322562038121
S5,2_4,40,0.6,0.5,0.2603111007049674,0.2603111007049674,0.0037006257049593838,0.5024408958775388
S5,2_4,40,0.8,0.22580645161290322,0.2603111007049674,0.2603111007049674,0.20171003176614502,0.509717330031356
S5,2_4,60,0.0,1.0,0.9679039977457176,0.9679039977457176,0.37969543140655476,0.8581807924961442
S5,2_4,60,0.2,0.8392857142857143,0.3019645728425546,0.3019645728425546,0.3487975335713328,0.49523276242950787
S5,2_4,60,0.4,0.7,0.2672689297821255,0.2672689297821255,0.032483741685072134,0.7264005507872393
S5,2_4,60,0.6,0.6216216216216216,0.2672689297821255,0.2672689297821255,0.14850603448053626,0.6949726019405521
S5,2_4,60,0.8,0.34375,0.12123558945441386,0.18185338418162078,0.7835863860509595,0.24553275856427237
S5,2_4,80,0.0,1.0,0.9679039977457176,0.9679039977457176,0.3791753295744331,0.8576117050489555
S5,2_4,80,0.2,0.9,0.2672689297821255,0.2672689297821255,0.19684365348694155,0.723870971261929
S5,2_4,80,0.4,0.7580645161290323,0.2672689297821255,0.2672689297821255,0.32075912599648704,0.7070817815364158
S5,2_4,80,0.6,0.5344827586206896,0.2672689297821255,0.2672689297821255,0.21588049326049008,0.6786660769202604
S5,2_4,80,0.8,0.27586206896551724,0.2603111007049674,0.2603111007049674,0.2981201448993432,0.5145189053563367
S5,2_4,100,0.0,1.0,0.9679039977457176,0.9679039977457176,0.37886294181354485,0.8572702525806424
S5,2_4,100,0.2,0.8681318681318682,0.2672689297821255,0.2672689297821255,0.19619841683861022,0.7422960049351435
S5,2_4,100,0.4,0.7283950617283951,0.2672689297821255,0.2672689297821255,0.3048947023480242,0.7277447769495178
S5,2_4,100,0.6,0.5,0.2603111007049674,0.2603111007049674,0.25979365019261336,0.5051422006628481
S5,2_4,100,0.8,0.20408163265306123,0.23083786736137218,0.23083786736137218,0.5524726921855827,0.4636363636363636
S5,2_5,10,0.0,0.9,0.8757971036077821,0.8757971036077821,0.322247919624456,0.6904472214168321
S5,2_5,10,0.2,0.7777777777777778,0.6929785882431294,0.6929785882431294,0.4083902134183645,0.7159788148664572
S5,2_5,10,0.4,0.75,0.7198781094447796,0.7198781094447796,0.6660020607006553,0.42299325284410977
S5,2_5,10,0.6,0.3333333333333333,0.56743989197871,0.56743989197871,0.43846198702284356,0.46931790999156375
S5,2_5,10,0.8,0.25,0.4629294259422359,0.6943941389133539,0.6772012072165826,0.4565997553146075
S5,2_5,20,0.0,0.95,0.8869171481839295,0.8869171481839295,0.2989430734142041,0.7774813589855513
S5,2_5,20,0.2,0.7777777777777778,0.5221648711547734,0.7832473067321601,0.6029174405088906,0.607612577881475
S5,2_5,20,0.4,0.6,0.66804503783631,0.66804503783631,0.3853493429557541,0.264127659686365
S5,2_5,20,0.6,0.6153846153846154,0.6540603531263414,0.6540603531263414,0.4405794943621838,0.6441074880963642
S5,2_5,20,0.8,0.15384615384615385,0.5119117582142482,0.5119117582142482,0.04710885259204143,0.26790197296413903
S5,2_5,40,0.0,0.975,0.8869171481839295,0.8869171481839295,0.2298165695164719,0.7905214480608207
S5,2_5,40,0.2,0.8611111111111112,0.506318913899266,0.759478370848899,0.5389801741528586,0.6771698362115982
S5,2_5,40,0.4,0.7058823529411765,0.6540603531263414,0.6540603531263414,0.39242074918137404,0.620998571987476
S5,2_5,40,0.6,0.35294117647058826,0.40436493712115257,0.6065474056817288,0.5199307766782175,0.36194545791749994
S5,2_5,40,0.8,0.3333333333333333,0.519703393839,0.519703393839,0.41128153884753094,0.5143721569714066
S5,2_5,60,0.0,0.9833333333333333,0.8869171481839295,0.8869171481839295,0.23985094915462557,0.7803815987920824
S5,2_5,60,0.2,0.8888888888888888,0.7198781094447796,0.7198781094447796,0.3121680127388654,0.465540872550832
S5,2_5,60,0.4,0.5333333333333333,0.6200048392683812,0.6200048392683812,0.19123110702708396,0.5645323059683988
S5,2_5,60,0.6,0.4166666666666667,0.8094247183190655,0.40471235915953274,1.0,1.0
S5,2_5,60,0.8,0.24489795918367346,0.4404563352805007,0.6606845029207511,0.5796437099547481,0.4006959639103052
S5,2_5,80,0.0,0.9875,0.8284059354138678,0.8284059354138678,0.2300057239704813,0.8087636067082833
S5,2_5,80,0.2,0.9264705882352942,0.506318913899266,0.759478370848899,0.589866552363261,0.5774554500583653
S5,2_5,80,0.4,0.7868852459016393,0.6540603531263414,0.6540603531263414,0.3659538522261636,0.5941131638182802
S5,2_5,80,0.6,0.5,0.7021005516942702,0.7021005516942702,0.4087261515456406,0.347559353558124
S5,2_5,80,0.8,0.26229508196721313,0.3725004786362369,0.5587507179543554,0.6011338758763153,0.2112543708339446
S5,2_5,100,0.0,0.99,0.8869171481839295,0.8869171481839295,0.25370507126919,0.7875568947331344
S5,2_5,100,0.2,0.9411764705882353,0.7198781094447796,0.7198781094447796,0.27566215169867636,0.41917346725225846
S5,2_5,100,0.4,0.7228915662650602,0.6540603531263414,0.6540603531263414,0.19683928102428627,0.6398914355106475
S5,2_5,100,0.6,0.4918032786885246,0.6200048392683812,0.6200048392683812,0.32399619643727656,0.5650233620846487
S5,2_5,100,0.8,0.2898550724637681,0.594866746602313,0.594866746602313,0.27602816066230634,0.5103949946140379
S5,3_4,10,0.0,1.0,1.0,1.0,0.25,1.0
S5,3_4,10,0.2,1.0,0.5878170869601235,0.5878170869601235,0.6906357493032013,0.6217200321516918
S5,3_4,10,0.4,0.8571428571428571,0.6315988305373923,0.6315988305373923,0.7955299271238422,0.5965291891036268
S5,3_4,10,0.6,0.4,0.9060429401289432,0.4530214700644716,0.8050509494059009,1.0
S5,3_4,10,0.8,0.2857142857142857,0.5248583175127509,0.5248583175127509,0.7619047619047619,0.95
S5,3_4,20,0.0,1.0,1.0,1.0,0.25288892234502935,0.9887053456544291
S5,3_4,20,0.2,0.9411764705882353,0.5878170869601235,0.5878170869601235,0.5977811588740424,0.637035944883296
S5,3_4,20,0.4,0.6666666666666666,0.3719158842580586,0.5578738263870879,0.7765631082632023,0.49143187970480895
S5,3_4,20,0.6,0.4375,0.5042284613407592,0.5042284613407592,0.7865785023961169,0.29376075875932006
S5,3_4,20,0.8,0.23529411764705882,0.3379066357677867,0.50685995365168,0.7302604368047731,0.5618497492482842
S5,3_4,40,0.0,1.0,1.0,1.0,0.25,1.0
S5,3_4,40,0.2,0.9411764705882353,0.5878170869601235,0.5878170869601235,0.741005434949221,0.640988281377824
S5,3_4,40,0.4,0.5128205128205128,0.3717331825908758,0.5575997738863137,0.7482352026967871,0.3319337061837198
S5,3_4,40,0.6,0.48484848484848486,0.363918434374561,0.5458776515618415,0.7486125502725043,0.4888643643622348
S5,3_4,40,0.8,0.21621621621621623,0.34878545555110585,0.5231781833266588,0.7836180440570717,0.6713769955591449
S5,3_4,60,0.0,1.0,1.0,1.0,0.26502932551319647,1.0
S5,3_4,60,0.2,0.7068965517241379,0.3717331825908758,0.5575997738863137,0.759903237000196,0.38513803193186763
S5,3_4,60,0.4,0.782608695652174,0.5878170869601235,0.5878170869601235,0.7447565613605309,0.6077419641728203
S5,3_4,60,0.6,0.5454545454545454,0.5458776515618415,0.5458776515618415,0.7678947466412975,0.6430129820237127
S5,3_4,60,0.8,0.21818181818181817,0.3624706087301517,0.5437059130952275,0.7716913688471956,0.5454895078939743
S5,3_4,80,0.0,1.0,1.0,1.0,0.2507099250757692,0.9971763364136073
S5,3_4,80,0.2,0.927536231884058,0.5878170869601235,0.5878170869601235,0.7291371784362088,0.6488848002751121
S5,3_4,80,0.4,0.7619047619047619,0.5458776515618415,0.5458776515618415,0.7394016090229178,0.7119327501157133
S5,3_4,80,0.6,0.3611111111111111,0.3706797096696659,0.5560195645044989,0.7895244088264105,0.3404966345347363
S5,3_4,80,0.8,0.2191780821917808,0.3624706087301517,0.5437059130952275,0.7649841434728547,0.6433907645123954
S5,3_4,100,0.0,1.0,1.0,1.0,0.2505672956807289,0.9977410691308858
S5,3_4,100,0.2,0.9302325581395349,0.5458776515618415,0.5458776515618415,0.6694186194074631,0.6836796081980279
S5,3_4,100,0.4,0.759493670886076,0.5458776515618415,0.5458776515618415,0.7587093302716803,0.685036321345374
S5,3_4,100,0.6,0.5882352941176471,0.5458776515618415,0.5458776515618415,0.7093584348483104,0.6539842754736238
S5,3_4,100,0.8,0.2,0.3735899082172634,0.5603848623258951,0.792541161158395,0.47662767853006965
S5,3_5,10,0.0,0.9,0.993387140218235,0.993387140218235,0.36707661569163474,0.9088366841274698
S5,3_5,10,0.2,0.7,0.5718225528160029,0.8577338292240043,0.7812324929971988,0.9791666666666666
S5,3_5,10,0.4,0.5,0.8917540630868179,0.8917540630868179,0.6824439408914853,0.5587477859627503
S5,3_5,10,0.6,0.4,0.8848522312956514,0.4424261156478257,0.8441237829704109,0.0
S5,3_5,10,0.8,0.14285714285714285,0.8470056968047959,0.8470056968047959,0.5933772597426428,0.745411657665546
S5,3_5,20,0.0,1.0,0.993387140218235,0.993387140218235,0.2462101309642185,0.9770166973178555
S5,3_5,20,0.2,1.0,0.9680069814959272,0.9680069814959272,0.5981935979387148,0.7149183316212349
S5,3_5,20,0.4,0.6,0.8848522312956514,0.4424261156478257,0.8194120861312482,0.0
S5,3_5,20,0.6,0.4444444444444444,0.6086374874171977,0.9129562311257966,0.6956591967764744,0.5873747174249547
S5,3_5,20,0.8,0.21428571428571427,0.7281447145202589,0.7281447145202589,0.5218426326371107,0.39072645206927265
S5,3_5,40,0.0,0.975,0.993387140218235,0.993387140218235,0.2930438990186434,0.9400221341540572
S5,3_5,40,0.2,0.9696969696969697,0.9235515855424425,0.9235515855424425,0.7203899439496013,0.5546310783357616
S5,3_5,40,0.4,0.6666666666666666,0.615701057028295,0.9235515855424425,0.7690797508843166,0.6856102052260952
S5,3_5,40,0.6,0.3939393939393939,0.5533308795037156,0.8299963192555735,0.7260965077600661,0.6269342012118612
S5,3_5,40,0.8,0.22857142857142856,0.5450852600931991,0.8176278901397986,0.6619019229055141,0.36769265514209265
S5,3_5,60,0.0,0.9333333333333333,0.993387140218235,0.993387140218235,0.26599163341336124,0.9396219495101233
S5,3_5,60,0.2,0.7719298245614035,0.6378257226613991,0.9567385839920988,0.7860658065897488,0.8281781676049101
S5,3_5,60,0.4,0.6181818181818182,0.615701057028295,0.9235515855424425,0.7507695844863447,0.7257841161290334
S5,3_5,60,0.6,0.48,0.615701057028295,0.9235515855424425,0.7084174849642721,0.7371260244817046
S5,3_5,60,0.8,0.21153846153846154,0.6038493518612887,0.9057740277919331,0.7692515272744982,0.6639883473168823
S5,3_5,80,0.0,0.925,0.993387140218235,0.993387140218235,0.28648594476507594,0.9393816430902902
S5,3_5,80,0.2,0.8985507246376812,0.6378257226613991,0.9567385839920988,0.7970238334640307,0.5887036472728844
S5,3_5,80,0.4,0.8,0.9235515855424425,0.9235515855424425,0.5053085101760637,0.5456026786902
S5,3_5,80,0.6,0.45714285714285713,0.8848522312956514,0.4424261156478257,0.8455426325299213,0.0
S5,3_5,80,0.8,0.21875,0.5533308795037156,0.8299963192555735,0.7718028398279444,0.6398071486421318
S5,3_5,100,0.0,0.89,0.993387140218235,0.993387140218235,0.2234637356145328,0.924047864872394
S5,3_5,100,0.2,0.9302325581395349,0.9235515855424425,0.9235515855424425,0.6622115028165064,0.570871111391893
S5,3_5,100,0.4,0.7317073170731707,0.9129562311257966,0.9129562311257966,0.7974548866930933,0.6668978815166458
S5,3_5,100,0.6,0.43902439024390244,0.5533308795037156,0.8299963192555735,0.784294273836915,0.6531318152630835
S5,3_5,100,0.8,0.24390243902439024,0.5718225528160029,0.8577338292240043,0.7517289794927915,0.6983935147900676
S5,4_5,10,0.0,1.0,0.993387140218235,0.993387140218235,0.18768254130299616,0.9644183420637349
S5,4_5,10,0.2,0.8888888888888888,0.6634532227568803,0.6634532227568803,0.32834480295085905,0.6397650984222121
S5,4_5,10,0.4,0.7142857142857143,0.5395079760551846,0.5395079760551846,0.4276492168179543,0.6447912783085049
S5,4_5,10,0.6,0.5,0.475180031781388,0.475180031781388,0.3430027697880903,0.4632260535035123
S5,4_5,10,0.8,0.2,0.33970981032143266,0.509564715482149,0.585198722181616,0.6837805072443505
S5,4_5,20,0.0,1.0,0.993387140218235,0.993387140218235,0.1576760827901144,0.9770166973178555
S5,4_5,20,0.2,0.8888888888888888,0.6165941298774512,0.6165941298774512,0.2850610004171148,0.5845416774732841
S5,4_5,20,0.4,0.6,0.5363553499012484,0.5363553499012484,0.0973719445339891,0.5121705947239641
S5,4_5,20,0.6,0.5833333333333334,0.5363553499012484,0.5363553499012484,0.28129633784967806,0.5355772635081633
S5,4_5,20,0.8,0.2857142857142857,0.509564715482149,0.509564715482149,0.09828478405159202,0.5211152199337089
S5,4_5,40,0.0,1.0,0.8653609681012495,0.8653609681012495,0.18724468372666242,0.8390874111177467
S5,4_5,40,0.2,0.8888888888888888,0.6021731062196866,0.6021731062196866,0.226533667538875,0.39195629097284673
S5,4_5,40,0.4,0.6857142857142857,0.36403168258137786,0.5460475238720668,0.4388576670105997,0.5068743954215948
S5,4_5,40,0.6,0.4827586206896552,0.5363553499012484,0.5363553499012484,0.10302765728884003,0.5083831990372223
S5,4_5,40,0.8,0.21621621621621623,0.33970981032143266,0.509564715482149,0.4544630220366977,0.3742426205072695
S5,4_5,60,0.0,1.0,0.993387140218235,0.993387140218235,0.14711767752368732,0.9486965339212292
S5,4_5,60,0.2,0.68,0.5363553499012484,0.5363553499012484,0.43968375079997646,0.6357148707090293
S5,4_5,60,0.4,0.9,0.4953968021902887,0.4953968021902887,0.09980418603332908,0.5164688152403981
S5,4_5,60,0.6,0.5,0.4953968021902887,0.4953968021902887,0.19819402526259283,0.5035919779923458
S5,4_5,60,0.8,0.2553191489361702,0.4953968021902887,0.4953968021902887,0.22441026621126675,0.5036546937736514
S5,4_5,80,0.0,1.0,0.993387140218235,0.993387140218235,0.15281773588220532,0.9389841594649492
S5,4_5,80,0.2,0.671875,0.5363553499012484,0.5363553499012484,0.018502349333139042,0.6289980113590979
S5,4_5,80,0.4,0.603448275862069,0.5363553499012484,0.5363553499012484,0.2144803319254524,0.6271846446967045
S5,4_5,80,0.6,0.4074074074074074,0.5363553499012484,0.5363553499012484,0.19248947235644712,0.5113551198899857
S5,4_5,80,0.8,0.25,0.509564715482149,0.509564715482149,0.34525201202587985,0.5276997506994139
S5,4_5,100,0.0,1.0,0.928665237727911,0.928665237727911,0.18113629209202844,0.8338399759213144
S5,4_5,100,0.2,0.65,0.5363553499012484,0.5363553499012484,0.22047886736879418,0.6350507502929855
S5,4_5,100,0.4,0.6956521739130435,0.5363553499012484,0.5363553499012484,0.21030237740595276,0.5153966825756834
S5,4_5,100,0.6,0.532258064516129,0.5363553499012484,0.5363553499012484,0.22862516693150464,0.5104084429558666
S5,4_5,100,0.8,0.2,0.32121813700914553,0.48182720551371827,0.6105401605952676,0.6499291022750443
