Path,Edge,Graph,Cluster,Total,Jac,Precision,Recall,CC,avgConf,OriNum
"Samples\AvailableSamples\S2\1\P[0.8, 1.0]_Q[0, 1].json",0.001994133,0.000998497,0.091753721,0.094746351,1,0.351416471,0.702832941,0.383333333,0.738095238,111
"Samples\AvailableSamples\S2\2\P[0.8, 1.0]_Q[0, 1].json",0.001994371,0.000996828,0.080784559,0.083775759,0.5,0.222064169,0.444128339,0.364912281,0.81,103
"Samples\AvailableSamples\S2\3\P[0.8, 1.0]_Q[0, 1].json",0.000997066,0,0.008975267,0.009972334,1,1,1,-1,1,85
"Samples\AvailableSamples\S2\4\P[0.8, 1.0]_Q[0, 1].json",0.002991915,0.000997543,0.079786301,0.083775759,1,0.393396721,0.786793442,0,0.875,1087
"Samples\AvailableSamples\S2\5\P[0.8, 1.0]_Q[0, 1].json",0.002992153,0.000996828,0.078790188,0.082779169,1,0.286994005,0.57398801,0.715148116,0.352161673,126
noiseRate,0,SamNum,10,min_support,0.3,gamma,1,avgRecall,0.701548546,
"Samples\AvailableSamples\S2\1\P[0.8, 1.0]_Q[0, 1].json",0.000997066,0.000997066,0.087766647,0.08976078,1,0.351416471,0.702832941,0.383333333,0.738095238,111
"Samples\AvailableSamples\S2\2\P[0.8, 1.0]_Q[0, 1].json",0.00199461,0,0.081781864,0.083776474,0.5,0.222064169,0.444128339,0.364912281,0.81,103
"Samples\AvailableSamples\S2\3\P[0.8, 1.0]_Q[0, 1].json",0.000997066,0.000997066,0.009973288,0.011967421,1,1,1,-1,1,85
"Samples\AvailableSamples\S2\4\P[0.8, 1.0]_Q[0, 1].json",0.002992153,0.000997782,0.076793671,0.080783606,1,0.393396721,0.786793442,0,0.875,1087
"Samples\AvailableSamples\S2\5\P[0.8, 1.0]_Q[0, 1].json",0.002991676,0.001994133,0.078790426,0.083776236,1,0.254371284,0.508742568,0.714923585,0.302952721,126
noiseRate,0,SamNum,10,min_support,0.3,gamma,0.9,avgRecall,0.688499458,
"Samples\AvailableSamples\S2\1\P[0.8, 1.0]_Q[0, 1].json",0.001995802,0,0.090755939,0.092751741,1,0.351416471,0.702832941,0.383333333,0.738095238,111
"Samples\AvailableSamples\S2\2\P[0.8, 1.0]_Q[0, 1].json",0.001994371,0.000997543,0.076794863,0.079786777,0.5,0.222064169,0.444128339,0.364912281,0.81,103
"Samples\AvailableSamples\S2\3\P[0.8, 1.0]_Q[0, 1].json",0.000997066,0.000997066,0.009974241,0.011968374,1,1,1,-1,1,85
"Samples\AvailableSamples\S2\4\P[0.8, 1.0]_Q[0, 1].json",0.002992153,0.000997543,0.076794624,0.080784321,1,0.393396721,0.786793442,0,0.816018237,1087
"Samples\AvailableSamples\S2\5\P[0.8, 1.0]_Q[0, 1].json",0.003989697,0.001994371,0.075797319,0.081781387,1,0.286994005,0.57398801,0.715148116,0.352161673,126
noiseRate,0,SamNum,10,min_support,0.3,gamma,0.85,avgRecall,0.701548546,
"Samples\AvailableSamples\S2\1\P[0.8, 1.0]_Q[0, 1].json",0.001000166,0.000996828,0.092752457,0.094749451,1,0.351416471,0.702832941,0.383333333,0.738095238,111
"Samples\AvailableSamples\S2\2\P[0.8, 1.0]_Q[0, 1].json",0.00199461,0.000996113,0.080785513,0.083776236,0.5,0.222064169,0.444128339,0.364912281,0.81,103
"Samples\AvailableSamples\S2\3\P[0.8, 1.0]_Q[0, 1].json",0.000997543,0.000997305,0.008975983,0.010970831,1,1,1,-1,1,85
"Samples\AvailableSamples\S2\4\P[0.8, 1.0]_Q[0, 1].json",0.002991915,0,0.078789234,0.081781149,1,0.393396721,0.786793442,0,0.875,1087
"Samples\AvailableSamples\S2\5\P[0.8, 1.0]_Q[0, 1].json",0.00398922,0.001994848,0.079786539,0.085770607,1,0.286994005,0.57398801,0.715148116,0.352161673,126
noiseRate,0,SamNum,10,min_support,0.3,gamma,0.8,avgRecall,0.701548546,
"Samples\AvailableSamples\S2\1\P[0.8, 1.0]_Q[0, 1].json",0.001028299,0.000996828,0.091726065,0.093751192,1,0.351416471,0.702832941,0.383333333,0.738095238,111
"Samples\AvailableSamples\S2\2\P[0.8, 1.0]_Q[0, 1].json",0.001994371,0.000997543,0.078788996,0.08178091,0.5,0.222064169,0.444128339,0.364912281,0.81,103
"Samples\AvailableSamples\S2\3\P[0.8, 1.0]_Q[0, 1].json",0.000997305,0,0.010970831,0.011968136,1,1,1,-1,1,85
"Samples\AvailableSamples\S2\4\P[0.8, 1.0]_Q[0, 1].json",0.002992153,0.000997305,0.081781626,0.085771084,1,0.393396721,0.786793442,0,0.816018237,1087
"Samples\AvailableSamples\S2\5\P[0.8, 1.0]_Q[0, 1].json",0.003988981,0.001995087,0.047871828,0.053855896,1,0.385462683,0.385462683,-0.788658171,0.339906939,126
noiseRate,0,SamNum,10,min_support,0.3,gamma,0.75,avgRecall,0.663843481,
"Samples\AvailableSamples\S2\1\P[0.8, 1.0]_Q[0, 1].json",0.001994848,0.001994133,0.084773302,0.088762283,1,0.351416471,0.702832941,0.383333333,0.738095238,111
"Samples\AvailableSamples\S2\2\P[0.8, 1.0]_Q[0, 1].json",0.001994848,0.000996828,0.086769342,0.089761019,0.5,0.14804278,0.444128339,0.617063492,0.822222222,103
"Samples\AvailableSamples\S2\3\P[0.8, 1.0]_Q[0, 1].json",0.000997543,0.000997066,0.010971069,0.012965679,1,1,1,-1,1,85
"Samples\AvailableSamples\S2\4\P[0.8, 1.0]_Q[0, 1].json",0.001991987,0,0.091754913,0.093746901,1,0.393396721,0.786793442,0,0.816018237,1087
"Samples\AvailableSamples\S2\5\P[0.8, 1.0]_Q[0, 1].json",0.003988504,0.001995087,0.019947052,0.025930643,1,0.385462683,0.385462683,-0.788658171,0.339906939,126
noiseRate,0,SamNum,10,min_support,0.3,gamma,0.7,avgRecall,0.663843481,
"Samples\AvailableSamples\S2\1\P[0.8, 1.0]_Q[0, 1].json",0.002700567,0,0.097738981,0.100439548,1,0.5,1,0.575951008,0.764316536,111
"Samples\AvailableSamples\S2\2\P[0.8, 1.0]_Q[0, 1].json",0.001993895,0,0.077791691,0.079785585,0.5,0.222064169,0.444128339,0.364912281,0.81,103
"Samples\AvailableSamples\S2\3\P[0.8, 1.0]_Q[0, 1].json",0.000997066,0,0.010971308,0.011968374,1,1,1,-1,1,85
"Samples\AvailableSamples\S2\4\P[0.8, 1.0]_Q[0, 1].json",0.001993895,0.001994371,0.077792168,0.081780434,1,0.393396721,0.786793442,0,0.875,1087
"Samples\AvailableSamples\S2\5\P[0.8, 1.0]_Q[0, 1].json",0.00299263,0.001995325,0.019946814,0.024934769,1,0.385462683,0.385462683,-0.788658171,0.339906939,126
noiseRate,0,SamNum,10,min_support,0.3,gamma,0.6,avgRecall,0.723276893,
"Samples\AvailableSamples\S2\1\P[0.8, 1.0]_Q[0, 1].json",0.001993895,0.00199461,0.125664473,0.129652977,1,1,1,-0.575951008,0.612441385,111
"Samples\AvailableSamples\S2\2\P[0.8, 1.0]_Q[0, 1].json",0.001994133,0.001995802,0.061833858,0.065823793,0.5,0.326036496,0.326036496,-0.550661713,0.598079668,103
"Samples\AvailableSamples\S2\3\P[0.8, 1.0]_Q[0, 1].json",0.00099659,0.000997782,0.012965202,0.014959574,1,1,1,-1,1,85
"Samples\AvailableSamples\S2\4\P[0.8, 1.0]_Q[0, 1].json",0.002991438,0.000997066,0.084773064,0.088761568,1,0.393396721,0.786793442,0,0.875,1087
"Samples\AvailableSamples\S2\5\P[0.8, 1.0]_Q[0, 1].json",0.002991915,0.001993895,0.020944357,0.025930166,1,0.385462683,0.385462683,-0.788658171,0.339906939,126
noiseRate,0,SamNum,10,min_support,0.3,gamma,0.5,avgRecall,0.699658524,
"Samples\AvailableSamples\S2\1\P[0.8, 1.0]_Q[0, 1].json",0.001993895,0.000996828,0.056849003,0.059839725,1,1,1,-0.575951008,0.612441385,111
"Samples\AvailableSamples\S2\2\P[0.8, 1.0]_Q[0, 1].json",0.00199461,0.000996828,0.049867153,0.052858591,0.5,0.326036496,0.326036496,-0.550661713,0.598079668,103
"Samples\AvailableSamples\S2\3\P[0.8, 1.0]_Q[0, 1].json",0.000996828,0,0.00897646,0.009973288,1,1,1,-1,1,85
"Samples\AvailableSamples\S2\4\P[0.8, 1.0]_Q[0, 1].json",0.002991915,0,0.078789473,0.081781387,1,0.393396721,0.786793442,0,0.875,1087
"Samples\AvailableSamples\S2\5\P[0.8, 1.0]_Q[0, 1].json",0.003989458,0.000997782,0.019946098,0.024933338,1,0.385462683,0.385462683,-0.788658171,0.339906939,126
noiseRate,0,SamNum,10,min_support,0.3,gamma,0.4,avgRecall,0.699658524,
"Samples\AvailableSamples\S2\1\P[0.8, 1.0]_Q[0, 1].json",0.000997305,0.000997543,0.021941423,0.023936272,1,1,1,-0.575951008,0.612441385,111
"Samples\AvailableSamples\S2\2\P[0.8, 1.0]_Q[0, 1].json",0.00199461,0.000998259,0.02094388,0.023936749,0.5,0.326036496,0.326036496,-0.550661713,0.598079668,103
"Samples\AvailableSamples\S2\3\P[0.8, 1.0]_Q[0, 1].json",0.000997305,0.000997305,0.012965441,0.014960051,1,1,1,-1,1,85
"Samples\AvailableSamples\S2\4\P[0.8, 1.0]_Q[0, 1].json",0.002991676,0,0.081781387,0.084773064,1,0.393396721,0.786793442,0,0.875,1087
"Samples\AvailableSamples\S2\5\P[0.8, 1.0]_Q[0, 1].json",0.003989458,0.00199461,0.019946814,0.025930882,1,0.385462683,0.385462683,-0.788658171,0.339906939,126
noiseRate,0,SamNum,10,min_support,0.3,gamma,0.3,avgRecall,0.699658524,
"Samples\AvailableSamples\S2\1\P[0.8, 1.0]_Q[0, 1].json",0.001965761,0,0.025930882,0.027896643,1,1,1,-0.575951008,0.612441385,111
"Samples\AvailableSamples\S2\2\P[0.8, 1.0]_Q[0, 1].json",0.001994371,0.001993895,0.019948006,0.023936272,0.5,0.326036496,0.326036496,-0.550661713,0.598079668,103
"Samples\AvailableSamples\S2\3\P[0.8, 1.0]_Q[0, 1].json",0.000997782,0,0.010970116,0.011967897,1,1,1,-1,1,85
"Samples\AvailableSamples\S2\4\P[0.8, 1.0]_Q[0, 1].json",0.002991676,0.000997066,0.079787493,0.083776236,1,0.393396721,0.786793442,0,0.875,1087
"Samples\AvailableSamples\S2\5\P[0.8, 1.0]_Q[0, 1].json",0.003988504,0.001995087,0.018948793,0.024932384,1,0.385462683,0.385462683,-0.788658171,0.339906939,126
noiseRate,0,SamNum,10,min_support,0.3,gamma,0.2,avgRecall,0.699658524,
"Samples\AvailableSamples\S2\1\P[0.8, 1.0]_Q[0, 1].json",0.001993179,0.000997066,0.023907423,0.026897669,1,1,1,-0.575951008,0.612441385,111
"Samples\AvailableSamples\S2\2\P[0.8, 1.0]_Q[0, 1].json",0.002991676,0,0.022939682,0.025931358,0.5,0.326036496,0.326036496,-0.550661713,0.598079668,103
"Samples\AvailableSamples\S2\3\P[0.8, 1.0]_Q[0, 1].json",0.00099659,0,0.011968851,0.012965441,1,1,1,-1,1,85
"Samples\AvailableSamples\S2\4\P[0.8, 1.0]_Q[0, 1].json",0.002991676,0.000997305,0.083381891,0.087370872,1,0.393396721,0.786793442,0,0.816018237,1087
"Samples\AvailableSamples\S2\5\P[0.8, 1.0]_Q[0, 1].json",0.003988743,0.001993656,0.019948006,0.025930405,1,0.385462683,0.385462683,-0.788658171,0.339906939,126
noiseRate,0,SamNum,10,min_support,0.3,gamma,0.1,avgRecall,0.699658524,
"Samples\AvailableSamples\S3\1\P[0.8, 1.0]_Q[0, 1].json",0.000997066,0.000998259,0.04285574,0.044851065,1,0.5,1,0.947634185,0.947291613,12
"Samples\AvailableSamples\S3\2\P[0.8, 1.0]_Q[0, 1].json",0.001994133,0.000997305,0.120676279,0.123667717,1,0.286994005,0.57398801,0.90625,0.888888889,89
"Samples\AvailableSamples\S3\4\P[0.8, 1.0]_Q[0, 1].json",0.001995087,0,0.058426857,0.060421944,1,1,1,0.944940476,1,8
"Samples\AvailableSamples\S3\5\P[0.8, 1.0]_Q[0, 1].json",0.000997066,0.000996828,0.035904169,0.037898064,1,0.5,1,0.95,1,68
"Samples\AvailableSamples\S3\6\P[0.8, 1.0]_Q[0, 1].json",0.000997066,0,0.036901474,0.03789854,1,0.414386392,0.414386392,0.974074074,1,23
"Samples\AvailableSamples\S3\7\P[0.8, 1.0]_Q[0, 1].json",0.000996828,0,0.036901236,0.037898064,1,0.411585627,0.823171254,0.666666667,1,29
noiseRate,0,SamNum,10,min_support,0.3,gamma,1,avgRecall,0.801924276,
"Samples\AvailableSamples\S3\1\P[0.8, 1.0]_Q[0, 1].json",0.000997305,0.000996828,0.010970831,0.012964964,1,1,1,-0.947634185,0.904821383,12
"Samples\AvailableSamples\S3\2\P[0.8, 1.0]_Q[0, 1].json",0.002991915,0.002992392,0.031913996,0.037898302,1,0.4080139,0.4080139,-0.916266998,0.64490701,89
"Samples\AvailableSamples\S3\4\P[0.8, 1.0]_Q[0, 1].json",0.001994848,0,0.010970592,0.012965441,1,1,1,-0.93422619,0.895833333,8
"Samples\AvailableSamples\S3\5\P[0.8, 1.0]_Q[0, 1].json",0.000997782,0,0.009973288,0.010971069,1,1,1,-0.95,0.95,68
"Samples\AvailableSamples\S3\6\P[0.8, 1.0]_Q[0, 1].json",0.000998259,0.000996828,0.009973049,0.011968136,1,0.414386392,0.414386392,-0.973121693,0.95,23
"Samples\AvailableSamples\S3\7\P[0.8, 1.0]_Q[0, 1].json",0.000997066,0,0.038896322,0.039893389,1,0.411585627,0.823171254,0.666666667,1,29
noiseRate,0,SamNum,10,min_support,0.3,gamma,0.9,avgRecall,0.774261924,
"Samples\AvailableSamples\S3\1\P[0.8, 1.0]_Q[0, 1].json",0.000996828,0,0.012843847,0.013840675,1,1,1,-0.947634185,0.904821383,12
"Samples\AvailableSamples\S3\2\P[0.8, 1.0]_Q[0, 1].json",0.00199461,0.001994371,0.02393651,0.027925491,1,0.317307526,0.317307526,-0.918536436,0.555392937,89
"Samples\AvailableSamples\S3\4\P[0.8, 1.0]_Q[0, 1].json",0.000997305,0.000997066,0.010971785,0.012966156,1,1,1,-0.93422619,0.895833333,8
"Samples\AvailableSamples\S3\5\P[0.8, 1.0]_Q[0, 1].json",0.000996828,0.000997543,0.009973049,0.011967421,1,1,1,-0.95,0.95,68
"Samples\AvailableSamples\S3\6\P[0.8, 1.0]_Q[0, 1].json",0.000997543,0.000997543,0.010970831,0.012965918,1,0.414386392,0.414386392,-0.973121693,0.95,23
"Samples\AvailableSamples\S3\7\P[0.8, 1.0]_Q[0, 1].json",0.000997305,0,0.038896084,0.039893389,1,0.411585627,0.823171254,0.666666667,1,29
noiseRate,0,SamNum,10,min_support,0.3,gamma,0.8,avgRecall,0.759144195,
"Samples\AvailableSamples\S3\1\P[0.8, 1.0]_Q[0, 1].json",0.001029491,0.000997543,0.011936665,0.013963699,1,1,1,-0.947634185,0.904821383,12
"Samples\AvailableSamples\S3\2\P[0.8, 1.0]_Q[0, 1].json",0.001995087,0.000997066,0.033597946,0.036590099,1,0.4080139,0.4080139,-0.916266998,0.64490701,89
"Samples\AvailableSamples\S3\4\P[0.8, 1.0]_Q[0, 1].json",0.00099659,0,0.010971308,0.011967897,1,1,1,-0.93422619,0.895833333,8
"Samples\AvailableSamples\S3\5\P[0.8, 1.0]_Q[0, 1].json",0.00099659,0,0.008976936,0.009973526,1,1,1,-0.95,0.95,68
"Samples\AvailableSamples\S3\6\P[0.8, 1.0]_Q[0, 1].json",0.00099659,0,0.010971308,0.011967897,1,0.414386392,0.414386392,-0.973121693,0.95,23
"Samples\AvailableSamples\S3\7\P[0.8, 1.0]_Q[0, 1].json",0.000997066,0,0.037898779,0.038895845,1,0.411585627,0.823171254,0.666666667,1,29
noiseRate,0,SamNum,10,min_support,0.3,gamma,0.7,avgRecall,0.774261924,
"Samples\AvailableSamples\S3\1\P[0.8, 1.0]_Q[0, 1].json",0.001003265,0.000999212,0.01193738,0.013939857,1,1,1,-0.947634185,0.904821383,12
"Samples\AvailableSamples\S3\2\P[0.8, 1.0]_Q[0, 1].json",0.002991676,0.00299263,0.029919863,0.035904169,1,0.4080139,0.4080139,-0.916266998,0.64490701,89
"Samples\AvailableSamples\S3\4\P[0.8, 1.0]_Q[0, 1].json",0.000997066,0.000997305,0.009973526,0.011967897,1,1,1,-0.93422619,0.895833333,8
"Samples\AvailableSamples\S3\5\P[0.8, 1.0]_Q[0, 1].json",0.000997066,0,0.008975744,0.009972811,1,1,1,-0.95,0.95,68
"Samples\AvailableSamples\S3\6\P[0.8, 1.0]_Q[0, 1].json",0.000996113,0.000997305,0.010970592,0.01296401,1,0.414386392,0.414386392,-0.973121693,0.95,23
"Samples\AvailableSamples\S3\7\P[0.8, 1.0]_Q[0, 1].json",0.000997543,0.000996828,0.00897646,0.010970831,1,0.823171254,0.823171254,-0.666666667,0.9,29
noiseRate,0,SamNum,10,min_support,0.3,gamma,0.6,avgRecall,0.774261924,
"Samples\AvailableSamples\S3\1\P[0.8, 1.0]_Q[0, 1].json",0,0,0.011936426,0.011936426,1,1,1,-0.947634185,0.904821383,12
"Samples\AvailableSamples\S3\2\P[0.8, 1.0]_Q[0, 1].json",0.002991438,0.00199461,0.033910036,0.038896084,1,0.4080139,0.4080139,-0.916266998,0.64490701,89
"Samples\AvailableSamples\S3\4\P[0.8, 1.0]_Q[0, 1].json",0.001993895,0,0.010971069,0.012964964,1,1,1,-0.93422619,0.895833333,8
"Samples\AvailableSamples\S3\5\P[0.8, 1.0]_Q[0, 1].json",0.000996828,0.000997305,0.008976936,0.010971069,1,1,1,-0.95,0.95,68
"Samples\AvailableSamples\S3\6\P[0.8, 1.0]_Q[0, 1].json",0.00099659,0,0.010971785,0.011968374,1,0.414386392,0.414386392,-0.973121693,0.95,23
"Samples\AvailableSamples\S3\7\P[0.8, 1.0]_Q[0, 1].json",0.000997305,0,0.009973288,0.010970592,1,0.823171254,0.823171254,-0.666666667,0.9,29
noiseRate,0,SamNum,10,min_support,0.3,gamma,0.5,avgRecall,0.774261924,
"Samples\AvailableSamples\S3\1\P[0.8, 1.0]_Q[0, 1].json",0.000995874,0.000999451,0.011936903,0.013932228,1,1,1,-0.947634185,0.904821383,12
"Samples\AvailableSamples\S3\2\P[0.8, 1.0]_Q[0, 1].json",0.00299263,0.001994371,0.031915426,0.036902428,1,0.4080139,0.4080139,-0.916266998,0.64490701,89
"Samples\AvailableSamples\S3\4\P[0.8, 1.0]_Q[0, 1].json",0.00099659,0.000997782,0.010971308,0.012965679,1,1,1,-0.93422619,0.895833333,8
"Samples\AvailableSamples\S3\5\P[0.8, 1.0]_Q[0, 1].json",0.000997543,0.000998259,0.008975029,0.010970831,1,1,1,-0.95,0.95,68
"Samples\AvailableSamples\S3\6\P[0.8, 1.0]_Q[0, 1].json",0.000996828,0,0.010970831,0.011967659,1,0.414386392,0.414386392,-0.973121693,0.95,23
"Samples\AvailableSamples\S3\7\P[0.8, 1.0]_Q[0, 1].json",0.000997782,0.000997066,0.008976221,0.010971069,1,0.823171254,0.823171254,-0.666666667,0.9,29
noiseRate,0,SamNum,10,min_support,0.3,gamma,0.4,avgRecall,0.774261924,
"Samples\AvailableSamples\S3\1\P[0.8, 1.0]_Q[0, 1].json",0.000997543,0.000997782,0.012936592,0.014931917,1,1,1,-0.947634185,0.904821383,12
"Samples\AvailableSamples\S3\2\P[0.8, 1.0]_Q[0, 1].json",0.002991676,0.00099659,0.044880867,0.048869133,1,0.4080139,0.4080139,-0.916266998,0.64490701,89
"Samples\AvailableSamples\S3\4\P[0.8, 1.0]_Q[0, 1].json",0.001995087,0.000997066,0.009973764,0.012965918,1,1,1,-0.93422619,0.895833333,8
"Samples\AvailableSamples\S3\5\P[0.8, 1.0]_Q[0, 1].json",0.000996351,0.000997305,0.00897646,0.010970116,1,1,1,-0.95,0.95,68
"Samples\AvailableSamples\S3\6\P[0.8, 1.0]_Q[0, 1].json",0.000997066,0.000997543,0.008976221,0.010970831,1,0.414386392,0.414386392,-0.973121693,0.95,23
"Samples\AvailableSamples\S3\7\P[0.8, 1.0]_Q[0, 1].json",0.00099659,0,0.007979155,0.008975744,1,0.823171254,0.823171254,-0.666666667,0.9,29
noiseRate,0,SamNum,10,min_support,0.3,gamma,0.3,avgRecall,0.774261924,
"Samples\AvailableSamples\S3\1\P[0.8, 1.0]_Q[0, 1].json",0.000998497,0.00099659,0.010941982,0.012937069,1,1,1,-0.947634185,0.904821383,12
"Samples\AvailableSamples\S3\2\P[0.8, 1.0]_Q[0, 1].json",0.001994371,0.00199461,0.031914473,0.035903454,1,0.4080139,0.4080139,-0.916266998,0.64490701,89
"Samples\AvailableSamples\S3\4\P[0.8, 1.0]_Q[0, 1].json",0.000997543,0.000997066,0.010971546,0.012966156,1,1,1,-0.93422619,0.895833333,8
"Samples\AvailableSamples\S3\5\P[0.8, 1.0]_Q[0, 1].json",0.000996828,0,0.008976221,0.009973049,1,1,1,-0.95,0.95,68
"Samples\AvailableSamples\S3\6\P[0.8, 1.0]_Q[0, 1].json",0.000997543,0.000997066,0.009973764,0.011968374,1,0.414386392,0.414386392,-0.973121693,0.95,23
"Samples\AvailableSamples\S3\7\P[0.8, 1.0]_Q[0, 1].json",0.000997066,0,0.008975983,0.009973049,1,0.823171254,0.823171254,-0.666666667,0.9,29
noiseRate,0,SamNum,10,min_support,0.3,gamma,0.2,avgRecall,0.774261924,
"Samples\AvailableSamples\S3\1\P[0.8, 1.0]_Q[0, 1].json",0.000995636,0,0.011939526,0.012935162,1,1,1,-0.947634185,0.904821383,12
"Samples\AvailableSamples\S3\2\P[0.8, 1.0]_Q[0, 1].json",0.002991438,0.001994848,0.033909082,0.038895369,1,0.4080139,0.4080139,-0.916266998,0.64490701,89
"Samples\AvailableSamples\S3\4\P[0.8, 1.0]_Q[0, 1].json",0.000998259,0.00099659,0.009973526,0.011968374,1,1,1,-0.93422619,0.895833333,8
"Samples\AvailableSamples\S3\5\P[0.8, 1.0]_Q[0, 1].json",0.000997305,0.000997066,0.008976221,0.010970592,1,1,1,-0.95,0.95,68
"Samples\AvailableSamples\S3\6\P[0.8, 1.0]_Q[0, 1].json",0.000997066,0.000997066,0.009973764,0.011967897,1,0.414386392,0.414386392,-0.973121693,0.95,23
"Samples\AvailableSamples\S3\7\P[0.8, 1.0]_Q[0, 1].json",0.000997543,0.000996828,0.007979393,0.009973764,1,0.823171254,0.823171254,-0.666666667,0.9,29
noiseRate,0,SamNum,10,min_support,0.3,gamma,0.1,avgRecall,0.774261924,
"Samples\AvailableSamples\S4\1_2\P[0.8, 1.0]_Q[0, 1].json",0.001994371,0.000968456,0.048869133,0.051831961,0.7,0.663018248,0.663018248,0.252094567,0.669231867,214
"Samples\AvailableSamples\S4\1_3\P[0.8, 1.0]_Q[0, 1].json",0.001994371,0.000997305,0.042885303,0.04587698,1,1,1,0.25,0.9,196
"Samples\AvailableSamples\S4\1_4\P[0.8, 1.0]_Q[0, 1].json",0.00199461,0.000997066,0.04288578,0.045877457,1,0.893396721,0.893396721,0.130325815,0.692460317,1198
"Samples\AvailableSamples\S4\1_5\P[0.8, 1.0]_Q[0, 1].json",0.002991676,0.001994133,0.079787731,0.08477354,1,0.670823495,0.670823495,0.362003944,0.587702259,237
"Samples\AvailableSamples\S4\2_3\P[0.8, 1.0]_Q[0, 1].json",0.001994371,0,0.077792168,0.079786539,0.7,0.663018248,0.663018248,0.365535634,0.858975823,188
"Samples\AvailableSamples\S4\2_4\P[0.8, 1.0]_Q[0, 1].json",0.00199461,0.001996279,0.077790737,0.081781626,0.7,0.556414969,0.556414969,0.39253012,0.708181493,1190
"Samples\AvailableSamples\S4\2_5\P[0.8, 1.0]_Q[0, 1].json",0.001994371,0.001995087,0.076794624,0.080784082,0.7,0.370211444,0.370211444,0.518325442,0.699017281,229
"Samples\AvailableSamples\S4\3_4\P[0.8, 1.0]_Q[0, 1].json",0.001994848,0.001993656,0.14220953,0.146198034,1,0.510890158,0.510890158,0,0.702776391,1172
"Samples\AvailableSamples\S4\3_5\P[0.8, 1.0]_Q[0, 1].json",0.002992392,0.004985571,0.227391958,0.235369921,1,0.707193196,0.707193196,0.487520507,0.834592984,211
"Samples\AvailableSamples\S4\4_5\P[0.8, 1.0]_Q[0, 1].json",0.002991915,0.000997305,0.039893389,0.043882608,1,0.564220216,0.564220216,0.350576412,0.430305837,1213
noiseRate,0,SamNum,10,min_support,0.3,gamma,1,avgRecall,0.659918669,
"Samples\AvailableSamples\S4\1_2\P[0.8, 1.0]_Q[0, 1].json",0.001994848,0,0.048868179,0.050863028,0.7,0.663018248,0.663018248,0.252094567,0.669231867,214
"Samples\AvailableSamples\S4\1_3\P[0.8, 1.0]_Q[0, 1].json",0.00199461,0.000997305,0.043883562,0.046875477,1,1,1,0.25,0.9,196
"Samples\AvailableSamples\S4\1_4\P[0.8, 1.0]_Q[0, 1].json",0.002991676,0.000997543,0.043883085,0.047872305,1,0.893396721,0.893396721,0.130325815,0.692460317,1198
"Samples\AvailableSamples\S4\1_5\P[0.8, 1.0]_Q[0, 1].json",0.002991915,0,0.077792645,0.080784559,1,0.670823495,0.670823495,0.362003944,0.587702259,237
"Samples\AvailableSamples\S4\2_3\P[0.8, 1.0]_Q[0, 1].json",0.001993179,0.001154184,0.086275816,0.08942318,0.7,0.663018248,0.663018248,0.365535634,0.858975823,188
"Samples\AvailableSamples\S4\2_4\P[0.8, 1.0]_Q[0, 1].json",0.002991915,0,0.080784082,0.083775997,0.7,0.556414969,0.556414969,0.39253012,0.708181493,1190
"Samples\AvailableSamples\S4\2_5\P[0.8, 1.0]_Q[0, 1].json",0.00199461,0.000997543,0.077791929,0.080784082,0.7,0.370211444,0.370211444,0.518325442,0.699017281,229
"Samples\AvailableSamples\S4\3_4\P[0.8, 1.0]_Q[0, 1].json",0.00299263,0.003988266,0.140624762,0.147605658,1,0.644703022,0.644703022,0,0.791176584,1172
"Samples\AvailableSamples\S4\3_5\P[0.8, 1.0]_Q[0, 1].json",0.003989697,0.004986286,0.224399805,0.233375788,1,0.707193196,0.707193196,0.487520507,0.834592984,211
"Samples\AvailableSamples\S4\4_5\P[0.8, 1.0]_Q[0, 1].json",0.002990961,0.000997782,0.039893627,0.04388237,1,0.564220216,0.564220216,0.350576412,0.430305837,1213
noiseRate,0,SamNum,10,min_support,0.3,gamma,0.9,avgRecall,0.673299956,
"Samples\AvailableSamples\S4\1_2\P[0.8, 1.0]_Q[0, 1].json",0.00199461,0,0.04787159,0.049866199,0.7,0.663018248,0.663018248,0.252094567,0.669231867,214
"Samples\AvailableSamples\S4\1_3\P[0.8, 1.0]_Q[0, 1].json",0.00099802,0,0.044879675,0.045877695,1,1,1,0.25,0.9,196
"Samples\AvailableSamples\S4\1_4\P[0.8, 1.0]_Q[0, 1].json",0.002992153,0.000997066,0.04247117,0.04646039,1,0.893396721,0.893396721,0.130325815,0.692460317,1198
"Samples\AvailableSamples\S4\1_5\P[0.8, 1.0]_Q[0, 1].json",0.002991915,0.00099802,0.079786301,0.083776236,1,0.670823495,0.670823495,0.362003944,0.587702259,237
"Samples\AvailableSamples\S4\2_3\P[0.8, 1.0]_Q[0, 1].json",0.00199461,0.001995087,0.076794147,0.080783844,0.7,0.663018248,0.663018248,0.365535634,0.858975823,188
"Samples\AvailableSamples\S4\2_4\P[0.8, 1.0]_Q[0, 1].json",0.002992153,0,0.079786539,0.082778692,0.7,0.556414969,0.556414969,0.39253012,0.708181493,1190
"Samples\AvailableSamples\S4\2_5\P[0.8, 1.0]_Q[0, 1].json",0.001995087,0.001994371,0.077792406,0.081781864,0.7,0.370211444,0.370211444,0.518325442,0.699017281,229
"Samples\AvailableSamples\S4\3_4\P[0.8, 1.0]_Q[0, 1].json",0.002991915,0.001994371,0.144613743,0.149600029,1,0.510890158,0.510890158,0,0.702776391,1172
"Samples\AvailableSamples\S4\3_5\P[0.8, 1.0]_Q[0, 1].json",0.003988743,0.003987551,0.230385542,0.238361835,1,0.707193196,0.707193196,0.487520507,0.834592984,211
"Samples\AvailableSamples\S4\4_5\P[0.8, 1.0]_Q[0, 1].json",0.002991915,0.000997543,0.040891171,0.044880629,1,0.564220216,0.564220216,0.350576412,0.430305837,1213
noiseRate,0,SamNum,10,min_support,0.3,gamma,0.8,avgRecall,0.659918669,
"Samples\AvailableSamples\S4\1_2\P[0.8, 1.0]_Q[0, 1].json",0.00199461,0.000997305,0.047872066,0.050863981,0.7,0.663018248,0.663018248,0.252094567,0.669231867,214
"Samples\AvailableSamples\S4\1_3\P[0.8, 1.0]_Q[0, 1].json",0.000997543,0.00099802,0.042884827,0.04488039,1,1,1,0.25,0.9,196
"Samples\AvailableSamples\S4\1_4\P[0.8, 1.0]_Q[0, 1].json",0.001994371,0.000997782,0.039893627,0.04288578,1,0.893396721,0.893396721,0.130325815,0.692460317,1198
"Samples\AvailableSamples\S4\1_5\P[0.8, 1.0]_Q[0, 1].json",0.003988743,0.000998497,0.081779957,0.086767197,1,0.670823495,0.670823495,0.362003944,0.587702259,237
"Samples\AvailableSamples\S4\2_3\P[0.8, 1.0]_Q[0, 1].json",0.001995087,0,0.078789473,0.080784559,0.7,0.442012165,0.663018248,0.631654424,0.852708505,188
"Samples\AvailableSamples\S4\2_4\P[0.8, 1.0]_Q[0, 1].json",0.001994848,0.000997305,0.079786777,0.082778931,0.7,0.556414969,0.556414969,0.39253012,0.708181493,1190
"Samples\AvailableSamples\S4\2_5\P[0.8, 1.0]_Q[0, 1].json",0.001994371,0.000997782,0.078788757,0.08178091,0.7,0.282435745,0.282435745,0.555891161,0.49882748,229
"Samples\AvailableSamples\S4\3_4\P[0.8, 1.0]_Q[0, 1].json",0.002992153,0.003988981,0.140624285,0.147605419,1,0.644703022,0.644703022,0,0.791176584,1172
"Samples\AvailableSamples\S4\3_5\P[0.8, 1.0]_Q[0, 1].json",0.002991438,0.00398922,0.229386568,0.236367226,1,0.467530802,0.467530802,0.533751177,0.599685149,211
"Samples\AvailableSamples\S4\4_5\P[0.8, 1.0]_Q[0, 1].json",0.002992392,0.000997305,0.036900759,0.040890455,1,0.564220216,0.564220216,0.350576412,0.430305837,1213
noiseRate,0,SamNum,10,min_support,0.3,gamma,0.7,avgRecall,0.640556147,
"Samples\AvailableSamples\S4\1_2\P[0.8, 1.0]_Q[0, 1].json",0.001965761,0,0.048869371,0.050835133,0.7,0.663018248,0.663018248,0.252094567,0.669231867,214
"Samples\AvailableSamples\S4\1_3\P[0.8, 1.0]_Q[0, 1].json",0.001994371,0.000996828,0.04488039,0.04787159,1,1,1,0.25,0.9,196
"Samples\AvailableSamples\S4\1_4\P[0.8, 1.0]_Q[0, 1].json",0.001994848,0,0.042885542,0.04488039,1,0.893396721,0.893396721,0.130325815,0.692460317,1198
"Samples\AvailableSamples\S4\1_5\P[0.8, 1.0]_Q[0, 1].json",0.002991915,0.000997066,0.091754436,0.095743418,1,0.548250595,0.548250595,0.540707418,0.54632435,237
"Samples\AvailableSamples\S4\2_3\P[0.8, 1.0]_Q[0, 1].json",0.001994133,0.000997782,0.076794624,0.079786539,0.7,0.663018248,0.663018248,0.365535634,0.858975823,188
"Samples\AvailableSamples\S4\2_4\P[0.8, 1.0]_Q[0, 1].json",0.002991915,0.00099659,0.080784798,0.084773302,0.7,0.336672647,0.505008971,0.516519829,0.687253214,1190
"Samples\AvailableSamples\S4\2_5\P[0.8, 1.0]_Q[0, 1].json",0.00199461,0.000997066,0.077791929,0.080783606,0.7,0.370211444,0.370211444,0.518325442,0.699017281,229
"Samples\AvailableSamples\S4\3_4\P[0.8, 1.0]_Q[0, 1].json",0.002991915,0.001995564,0.142618179,0.147605658,0.9,0.627162122,0.627162122,0,0.834366441,1172
"Samples\AvailableSamples\S4\3_5\P[0.8, 1.0]_Q[0, 1].json",0.003988743,0.003988981,0.165557861,0.173535585,1,0.26730662,0.13365331,-0.631476515,0.410505818,211
"Samples\AvailableSamples\S4\4_5\P[0.8, 1.0]_Q[0, 1].json",0.003988981,0.000997543,0.039892912,0.044879436,1,0.564220216,0.564220216,0.350576412,0.430305837,1213
noiseRate,0,SamNum,10,min_support,0.3,gamma,0.6,avgRecall,0.596793988,
"Samples\AvailableSamples\S4\1_2\P[0.8, 1.0]_Q[0, 1].json",0.001994133,0,0.04288578,0.044879913,0.7,0.663018248,0.663018248,0.252094567,0.669231867,214
"Samples\AvailableSamples\S4\1_3\P[0.8, 1.0]_Q[0, 1].json",0.00199461,0.00099802,0.04288435,0.04587698,1,1,1,0.25,0.9,196
"Samples\AvailableSamples\S4\1_4\P[0.8, 1.0]_Q[0, 1].json",0.002992392,0.000997305,0.044879913,0.04886961,1,0.595597814,0.893396721,0.426428571,0.700925926,1198
"Samples\AvailableSamples\S4\1_5\P[0.8, 1.0]_Q[0, 1].json",0.003988504,0.000997305,0.047872782,0.052858591,1,0.822826181,0.41141309,-0.540707418,0.511732268,237
"Samples\AvailableSamples\S4\2_3\P[0.8, 1.0]_Q[0, 1].json",0.001994371,0.000997782,0.075796843,0.078788996,0.7,0.663018248,0.663018248,0.365535634,0.858975823,188
"Samples\AvailableSamples\S4\2_4\P[0.8, 1.0]_Q[0, 1].json",0.001994848,0.00099802,0.079787016,0.082779884,0.7,0.556414969,0.556414969,0.39253012,0.708181493,1190
"Samples\AvailableSamples\S4\2_5\P[0.8, 1.0]_Q[0, 1].json",0.001995087,0.000997305,0.017951727,0.020944118,0.7,0.341646989,0.170823495,-0.555891161,0.392579908,229
"Samples\AvailableSamples\S4\3_4\P[0.8, 1.0]_Q[0, 1].json",0.001994848,0.001994848,0.142618418,0.146608114,1,0.510890158,0.510890158,0,0.702776391,1172
"Samples\AvailableSamples\S4\3_5\P[0.8, 1.0]_Q[0, 1].json",0.002992153,0.005984068,0.077791929,0.08676815,1,0.26730662,0.13365331,-0.631476515,0.410505818,211
"Samples\AvailableSamples\S4\4_5\P[0.8, 1.0]_Q[0, 1].json",0.004127026,0.000504017,0.039895058,0.0445261,1,0.564220216,0.564220216,0.350576412,0.430305837,1213
noiseRate,0,SamNum,10,min_support,0.3,gamma,0.5,avgRecall,0.556684845,
"Samples\AvailableSamples\S4\1_2\P[0.8, 1.0]_Q[0, 1].json",0.001995564,0,0.045560122,0.047555685,0.7,0.663018248,0.663018248,0.252094567,0.669231867,214
"Samples\AvailableSamples\S4\1_3\P[0.8, 1.0]_Q[0, 1].json",0.001994371,0.000997543,0.040890932,0.043882847,1,1,1,0.25,0.9,196
"Samples\AvailableSamples\S4\1_4\P[0.8, 1.0]_Q[0, 1].json",0.002991676,0,0.039893627,0.042885303,1,0.893396721,0.893396721,0.130325815,0.692460317,1198
"Samples\AvailableSamples\S4\1_5\P[0.8, 1.0]_Q[0, 1].json",0.002991199,0.001994848,0.048869848,0.053855896,1,0.822826181,0.41141309,-0.540707418,0.511732268,237
"Samples\AvailableSamples\S4\2_3\P[0.8, 1.0]_Q[0, 1].json",0.001994133,0.001995087,0.047872305,0.051861525,0.7,0.502612602,0.251306301,-0.497673689,0.475517593,188
"Samples\AvailableSamples\S4\2_4\P[0.8, 1.0]_Q[0, 1].json",0.001994848,0.000997305,0.047872066,0.05086422,0.7,1,0.5,-0.420750423,0.374843219,1190
"Samples\AvailableSamples\S4\2_5\P[0.8, 1.0]_Q[0, 1].json",0.001994371,0.000996828,0.018950701,0.0219419,0.7,0.341646989,0.170823495,-0.555891161,0.392579908,229
"Samples\AvailableSamples\S4\3_4\P[0.8, 1.0]_Q[0, 1].json",0.00299263,0.002991199,0.142618418,0.148602247,0.9,0.627162122,0.627162122,0,0.834366441,1172
"Samples\AvailableSamples\S4\3_5\P[0.8, 1.0]_Q[0, 1].json",0.003989697,0.006981373,0.057845354,0.068816423,1,0.26730662,0.13365331,-0.631476515,0.410505818,211
"Samples\AvailableSamples\S4\4_5\P[0.8, 1.0]_Q[0, 1].json",0.003988981,0.000997782,0.04388237,0.048869133,1,0.586128063,0.586128063,0.385475138,0.455154808,1213
noiseRate,0,SamNum,10,min_support,0.3,gamma,0.4,avgRecall,0.523690135,
"Samples\AvailableSamples\S4\1_2\P[0.8, 1.0]_Q[0, 1].json",0.00099659,0,0.045877218,0.046873808,0.7,0.663018248,0.663018248,0.252094567,0.669231867,214
"Samples\AvailableSamples\S4\1_3\P[0.8, 1.0]_Q[0, 1].json",0.000996351,0.00099802,0.040891409,0.04288578,1,1,1,0.25,0.9,196
"Samples\AvailableSamples\S4\1_4\P[0.8, 1.0]_Q[0, 1].json",0.001994371,0.000997543,0.039893389,0.042885303,1,0.893396721,0.893396721,0.130325815,0.692460317,1198
"Samples\AvailableSamples\S4\1_5\P[0.8, 1.0]_Q[0, 1].json",0.002991676,0.001994848,0.017951727,0.022938251,1,0.822826181,0.41141309,-0.540707418,0.511732268,237
"Samples\AvailableSamples\S4\2_3\P[0.8, 1.0]_Q[0, 1].json",0.001995087,0.000997066,0.018949509,0.021941662,0.7,0.502612602,0.251306301,-0.497673689,0.475517593,188
"Samples\AvailableSamples\S4\2_4\P[0.8, 1.0]_Q[0, 1].json",0.002992153,0.000997543,0.018948793,0.02293849,0.7,1,0.5,-0.420750423,0.374843219,1190
"Samples\AvailableSamples\S4\2_5\P[0.8, 1.0]_Q[0, 1].json",0.001994848,0.000997066,0.018949986,0.0219419,0.7,0.341646989,0.170823495,-0.555891161,0.392579908,229
"Samples\AvailableSamples\S4\3_4\P[0.8, 1.0]_Q[0, 1].json",0.002991676,0.001994848,0.140623808,0.145610332,0.9,0.627162122,0.627162122,0,0.834366441,1172
"Samples\AvailableSamples\S4\3_5\P[0.8, 1.0]_Q[0, 1].json",0.002992868,0.005982161,0.051862478,0.060837507,1,0.26730662,0.13365331,-0.631476515,0.410505818,211
"Samples\AvailableSamples\S4\4_5\P[0.8, 1.0]_Q[0, 1].json",0.003988981,0.000997782,0.008975983,0.013962746,0.9,0.786793442,0.393396721,-0.350576412,0.274440178,1213
noiseRate,0,SamNum,10,min_support,0.3,gamma,0.3,avgRecall,0.504417001,
"Samples\AvailableSamples\S4\1_2\P[0.8, 1.0]_Q[0, 1].json",0.001993418,0,0.012936354,0.014929771,0.7,1,0.5,-0.252094567,0.412821245,214
"Samples\AvailableSamples\S4\1_3\P[0.8, 1.0]_Q[0, 1].json",0.00199461,0,0.010971785,0.012966394,1,1,0.5,-0.25,0.533333333,196
"Samples\AvailableSamples\S4\1_4\P[0.8, 1.0]_Q[0, 1].json",0.002991676,0,0.04787302,0.050864697,1,0.893396721,0.893396721,0.130325815,0.692460317,1198
"Samples\AvailableSamples\S4\1_5\P[0.8, 1.0]_Q[0, 1].json",0.002991676,0.001993656,0.01952672,0.024512053,1,0.822826181,0.41141309,-0.540707418,0.511732268,237
"Samples\AvailableSamples\S4\2_3\P[0.8, 1.0]_Q[0, 1].json",0.000997066,0.001995087,0.017952442,0.020944595,0.7,0.502612602,0.251306301,-0.497673689,0.475517593,188
"Samples\AvailableSamples\S4\2_4\P[0.8, 1.0]_Q[0, 1].json",0.001994371,0.000997782,0.019946575,0.022938728,0.7,1,0.5,-0.420750423,0.374843219,1190
"Samples\AvailableSamples\S4\2_5\P[0.8, 1.0]_Q[0, 1].json",0.001994371,0,0.017952442,0.019946814,0.7,0.341646989,0.170823495,-0.555891161,0.392579908,229
"Samples\AvailableSamples\S4\3_4\P[0.8, 1.0]_Q[0, 1].json",0.001994848,0.003988981,0.141623259,0.147607088,1,0.510890158,0.510890158,0,0.702776391,1172
"Samples\AvailableSamples\S4\3_5\P[0.8, 1.0]_Q[0, 1].json",0.002991676,0.003988743,0.054854155,0.061834574,1,0.26730662,0.13365331,-0.631476515,0.410505818,211
"Samples\AvailableSamples\S4\4_5\P[0.8, 1.0]_Q[0, 1].json",0.002991915,0.000997305,0.008975983,0.012965202,0.9,0.786793442,0.393396721,-0.350576412,0.274440178,1213
noiseRate,0,SamNum,10,min_support,0.3,gamma,0.2,avgRecall,0.42648798,
"Samples\AvailableSamples\S4\1_2\P[0.8, 1.0]_Q[0, 1].json",0.001995087,0.000996828,0.011968374,0.014960289,0.7,1,0.5,-0.252094567,0.412821245,214
"Samples\AvailableSamples\S4\1_3\P[0.8, 1.0]_Q[0, 1].json",0.00099802,0,0.010971785,0.011969805,1,1,0.5,-0.25,0.533333333,196
"Samples\AvailableSamples\S4\1_4\P[0.8, 1.0]_Q[0, 1].json",0.001993895,0.000997066,0.009974003,0.012964964,0.7,1,0.5,-0.130325815,0.425,1198
"Samples\AvailableSamples\S4\1_5\P[0.8, 1.0]_Q[0, 1].json",0.002991199,0.00099802,0.01994586,0.02393508,1,0.822826181,0.41141309,-0.540707418,0.511732268,237
"Samples\AvailableSamples\S4\2_3\P[0.8, 1.0]_Q[0, 1].json",0.001994133,0.000997543,0.01994729,0.022938967,0.7,0.502612602,0.251306301,-0.497673689,0.475517593,188
"Samples\AvailableSamples\S4\2_4\P[0.8, 1.0]_Q[0, 1].json",0.002992153,0.000996828,0.021941662,0.025930643,0.7,1,0.5,-0.420750423,0.374843219,1190
"Samples\AvailableSamples\S4\2_5\P[0.8, 1.0]_Q[0, 1].json",0.002991199,0.000997305,0.018949986,0.02293849,0.7,0.341646989,0.170823495,-0.555891161,0.392579908,229
"Samples\AvailableSamples\S4\3_4\P[0.8, 1.0]_Q[0, 1].json",0.002991676,0.001994848,0.132645607,0.137632132,0.9,1,0.5,-0.160714286,0.5,1172
"Samples\AvailableSamples\S4\3_5\P[0.8, 1.0]_Q[0, 1].json",0.002992392,0.003989697,0.051860809,0.058842897,1,0.26730662,0.13365331,-0.631476515,0.410505818,211
"Samples\AvailableSamples\S4\4_5\P[0.8, 1.0]_Q[0, 1].json",0.003988981,0.000997543,0.009973288,0.014959812,0.9,0.786793442,0.393396721,-0.350576412,0.274440178,1213
noiseRate,0,SamNum,10,min_support,0.3,gamma,0.1,avgRecall,0.386059292,
"Samples\AvailableSamples\S5\1_2\P[0.8, 1.0]_Q[0, 1].json",0.005988121,0.003988981,0.236367226,0.246344328,1,0.766421995,0.766421995,0,0.825524719,101
"Samples\AvailableSamples\S5\1_4\P[0.8, 1.0]_Q[0, 1].json",0.002992153,0.000997066,0.035903931,0.03989315,1,1,1,0.214285714,0.966666667,20
"Samples\AvailableSamples\S5\1_5\P[0.8, 1.0]_Q[0, 1].json",0.000997066,0.000997066,0.036901474,0.038895607,1,1,1,0.95,1,80
"Samples\AvailableSamples\S5\1_6\P[0.8, 1.0]_Q[0, 1].json",0.002991915,0.000997543,0.033909082,0.03789854,1,0.707193196,0.707193196,0,0.95,35
"Samples\AvailableSamples\S5\1_7\P[0.8, 1.0]_Q[0, 1].json",0.00199604,0,0.035904169,0.037900209,1,0.911585627,0.911585627,0,0.933333333,41
"Samples\AvailableSamples\S5\2_4\P[0.8, 1.0]_Q[0, 1].json",0.005983829,0.001995325,0.111700535,0.119679689,1,0.766421995,0.766421995,0,0.792191385,97
"Samples\AvailableSamples\S5\2_5\P[0.8, 1.0]_Q[0, 1].json",0.005983591,0.00398922,0.221103191,0.231076002,1,0.766421995,0.766421995,0,0.775524719,157
"Samples\AvailableSamples\S5\2_6\P[0.8, 1.0]_Q[0, 1].json",0.003989697,0.001994848,0.111699343,0.117683887,1,0.501252461,0.501252461,0.291590341,0.780425161,112
"Samples\AvailableSamples\S5\2_7\P[0.8, 1.0]_Q[0, 1].json",0.005983353,0.001995087,0.221407413,0.229385853,1,0.678007622,0.678007622,0,0.758858052,118
"Samples\AvailableSamples\S5\4_5\P[0.8, 1.0]_Q[0, 1].json",0.002992153,0.000997066,0.038896561,0.04288578,1,1,1,0.228174603,0.916666667,76
"Samples\AvailableSamples\S5\4_6\P[0.8, 1.0]_Q[0, 1].json",0.001993895,0.000997305,0.074799776,0.077790976,1,0.707193196,0.707193196,0.202821869,0.916666667,31
"Samples\AvailableSamples\S5\4_7\P[0.8, 1.0]_Q[0, 1].json",0.001994371,0.000997543,0.035904408,0.038896322,1,0.911585627,0.911585627,0,0.9,37
"Samples\AvailableSamples\S5\5_6\P[0.8, 1.0]_Q[0, 1].json",0.002991438,0.000997543,0.038895845,0.042884827,1,0.707193196,0.707193196,0,0.9,91
"Samples\AvailableSamples\S5\5_7\P[0.8, 1.0]_Q[0, 1].json",0.002991676,0,0.035904169,0.038895845,1,0.911585627,0.911585627,0,0.883333333,97
"Samples\AvailableSamples\S5\6_7\P[0.8, 1.0]_Q[0, 1].json",0.001994848,0,0.037898779,0.039893627,1,0.618778823,0.618778823,0,0.883333333,52
noiseRate,0,SamNum,10,min_support,0.3,gamma,1,avgRecall,0.796909424,
"Samples\AvailableSamples\S5\1_2\P[0.8, 1.0]_Q[0, 1].json",0.00599122,0.002965689,0.233366013,0.242322922,1,0.794059265,0.794059265,0,0.830425161,101
"Samples\AvailableSamples\S5\1_4\P[0.8, 1.0]_Q[0, 1].json",0.001994133,0,0.037899256,0.039893389,1,1,1,0.214285714,0.966666667,20
"Samples\AvailableSamples\S5\1_5\P[0.8, 1.0]_Q[0, 1].json",0.000997543,0.00099659,0.006981373,0.008975506,1,1,0.5,-0.95,0.95,80
"Samples\AvailableSamples\S5\1_6\P[0.8, 1.0]_Q[0, 1].json",0.001994133,0.000996828,0.033909559,0.03690052,1,0.707193196,0.707193196,0,0.95,35
"Samples\AvailableSamples\S5\1_7\P[0.8, 1.0]_Q[0, 1].json",0.001994848,0,0.035903931,0.037898779,1,0.911585627,0.911585627,0,0.933333333,41
"Samples\AvailableSamples\S5\2_4\P[0.8, 1.0]_Q[0, 1].json",0.004985809,0.001994848,0.110703468,0.117684126,1,0.794059265,0.794059265,0,0.797091828,97
"Samples\AvailableSamples\S5\2_5\P[0.8, 1.0]_Q[0, 1].json",0.005984545,0.002991438,0.224057674,0.233033657,1,0.794059265,0.794059265,0,0.780425161,157
"Samples\AvailableSamples\S5\2_6\P[0.8, 1.0]_Q[0, 1].json",0.003988743,0.00099659,0.114693403,0.119678736,1,0.501252461,0.501252461,0.291590341,0.780425161,112
"Samples\AvailableSamples\S5\2_7\P[0.8, 1.0]_Q[0, 1].json",0.004986525,0.005983829,0.219413519,0.230383873,1,0.705644892,0.705644892,0,0.763758494,118
"Samples\AvailableSamples\S5\4_5\P[0.8, 1.0]_Q[0, 1].json",0.001994848,0.000997066,0.035903931,0.038895845,1,1,1,0.228174603,0.916666667,76
"Samples\AvailableSamples\S5\4_6\P[0.8, 1.0]_Q[0, 1].json",0.002991676,0.001994848,0.074799776,0.079786301,1,0.707193196,0.707193196,0.202821869,0.916666667,31
"Samples\AvailableSamples\S5\4_7\P[0.8, 1.0]_Q[0, 1].json",0.001995087,0.000996828,0.038896084,0.041887999,1,0.911585627,0.911585627,0,0.9,37
"Samples\AvailableSamples\S5\5_6\P[0.8, 1.0]_Q[0, 1].json",0.002991676,0.000997066,0.036901951,0.040890694,1,0.707193196,0.707193196,0,0.9,91
"Samples\AvailableSamples\S5\5_7\P[0.8, 1.0]_Q[0, 1].json",0.001994848,0.000997066,0.036901712,0.039893627,1,0.911585627,0.911585627,0,0.883333333,97
"Samples\AvailableSamples\S5\6_7\P[0.8, 1.0]_Q[0, 1].json",0.001994371,0.000997543,0.037899256,0.040891171,1,0.618778823,0.618778823,0,0.883333333,52
noiseRate,0,SamNum,10,min_support,0.3,gamma,0.9,avgRecall,0.770946029,
"Samples\AvailableSamples\S5\1_2\P[0.8, 1.0]_Q[0, 1].json",0.004986286,0.003988743,0.163563013,0.172538042,1,0.72868637,0.72868637,0,0.784004113,101
"Samples\AvailableSamples\S5\1_4\P[0.8, 1.0]_Q[0, 1].json",0.002991438,0.000997066,0.040891409,0.044879913,1,1,1,0.214285714,0.966666667,20
"Samples\AvailableSamples\S5\1_5\P[0.8, 1.0]_Q[0, 1].json",0.000997543,0.000998259,0.007977247,0.009973049,1,1,0.5,-0.95,0.95,80
"Samples\AvailableSamples\S5\1_6\P[0.8, 1.0]_Q[0, 1].json",0.002991915,0,0.037899017,0.040890932,1,0.707193196,0.707193196,0,0.95,35
"Samples\AvailableSamples\S5\1_7\P[0.8, 1.0]_Q[0, 1].json",0.002991199,0.000997782,0.037898302,0.041887283,1,0.911585627,0.911585627,0,0.933333333,41
"Samples\AvailableSamples\S5\2_4\P[0.8, 1.0]_Q[0, 1].json",0.004986286,0.000997543,0.07679534,0.082779169,1,0.72868637,0.72868637,0,0.75067078,97
"Samples\AvailableSamples\S5\2_5\P[0.8, 1.0]_Q[0, 1].json",0.005984068,0.003989458,0.164559364,0.17453289,1,0.72868637,0.72868637,0,0.734004113,157
"Samples\AvailableSamples\S5\2_6\P[0.8, 1.0]_Q[0, 1].json",0.003989935,0.000996828,0.077792168,0.082778931,1,0.435879567,0.435879567,0.279949046,0.734004113,112
"Samples\AvailableSamples\S5\2_7\P[0.8, 1.0]_Q[0, 1].json",0.004986525,0.002991915,0.111393213,0.119371653,1,0.640271997,0.640271997,0,0.717337447,118
"Samples\AvailableSamples\S5\4_5\P[0.8, 1.0]_Q[0, 1].json",0.002992153,0.000997305,0.03789854,0.041887999,1,1,1,0.228174603,0.916666667,76
"Samples\AvailableSamples\S5\4_6\P[0.8, 1.0]_Q[0, 1].json",0.003991127,0.001993656,0.081780672,0.087765455,1,0.707193196,0.707193196,0.202821869,0.916666667,31
"Samples\AvailableSamples\S5\4_7\P[0.8, 1.0]_Q[0, 1].json",0.002991915,0.000997305,0.035903931,0.03989315,1,0.911585627,0.911585627,0,0.9,37
"Samples\AvailableSamples\S5\5_6\P[0.8, 1.0]_Q[0, 1].json",0.002991676,0,0.041888237,0.044879913,1,0.707193196,0.707193196,0,0.9,91
"Samples\AvailableSamples\S5\5_7\P[0.8, 1.0]_Q[0, 1].json",0.002991676,0,0.03789854,0.040890217,1,0.911585627,0.911585627,0,0.883333333,97
"Samples\AvailableSamples\S5\6_7\P[0.8, 1.0]_Q[0, 1].json",0.001995087,0,0.041888237,0.043883324,1,0.618778823,0.618778823,0,0.883333333,52
noiseRate,0,SamNum,10,min_support,0.3,gamma,0.8,avgRecall,0.749155065,
"Samples\AvailableSamples\S5\1_2\P[0.8, 1.0]_Q[0, 1].json",0.007011652,0.007980824,0.301762581,0.316755056,1,0.766421995,0.766421995,0,0.825524719,101
"Samples\AvailableSamples\S5\1_4\P[0.8, 1.0]_Q[0, 1].json",0.002990961,0.000998259,0.037899256,0.041888475,1,1,1,0.214285714,0.966666667,20
"Samples\AvailableSamples\S5\1_5\P[0.8, 1.0]_Q[0, 1].json",0.000996113,0,0.007978678,0.008974791,1,1,0.5,-0.95,0.95,80
"Samples\AvailableSamples\S5\1_6\P[0.8, 1.0]_Q[0, 1].json",0.002991915,0.000997305,0.034906626,0.038895845,1,0.707193196,0.707193196,0,0.95,35
"Samples\AvailableSamples\S5\1_7\P[0.8, 1.0]_Q[0, 1].json",0.002992153,0,0.033909082,0.036901236,1,0.911585627,0.911585627,0,0.933333333,41
"Samples\AvailableSamples\S5\2_4\P[0.8, 1.0]_Q[0, 1].json",0.005983591,0.002990961,0.149600983,0.158575535,1,0.766421995,0.766421995,0,0.792191385,97
"Samples\AvailableSamples\S5\2_5\P[0.8, 1.0]_Q[0, 1].json",0.006981373,0.006981611,0.302191257,0.316154242,1,0.766421995,0.766421995,0,0.775524719,157
"Samples\AvailableSamples\S5\2_6\P[0.8, 1.0]_Q[0, 1].json",0.004986525,0.001995087,0.152591705,0.159573317,1,0.419487105,0.419487105,0.280180693,0.804480423,112
"Samples\AvailableSamples\S5\2_7\P[0.8, 1.0]_Q[0, 1].json",0.003989697,0.000997066,0.224030256,0.229017019,1,0.678007622,0.678007622,0,0.758858052,118
"Samples\AvailableSamples\S5\4_5\P[0.8, 1.0]_Q[0, 1].json",0.002991676,0.000997066,0.036901712,0.040890455,1,1,1,0.228174603,0.916666667,76
"Samples\AvailableSamples\S5\4_6\P[0.8, 1.0]_Q[0, 1].json",0.002991676,0.001995564,0.073801756,0.078788996,1,0.707193196,0.707193196,0.202821869,0.916666667,31
"Samples\AvailableSamples\S5\4_7\P[0.8, 1.0]_Q[0, 1].json",0.002991199,0.000997782,0.03789854,0.041887522,1,0.911585627,0.911585627,0,0.9,37
"Samples\AvailableSamples\S5\5_6\P[0.8, 1.0]_Q[0, 1].json",0.002991676,0.000997305,0.035904646,0.039893627,1,0.707193196,0.707193196,0,0.9,91
"Samples\AvailableSamples\S5\5_7\P[0.8, 1.0]_Q[0, 1].json",0.002991676,0,0.038896561,0.041888237,1,0.911585627,0.911585627,0,0.883333333,97
"Samples\AvailableSamples\S5\6_7\P[0.8, 1.0]_Q[0, 1].json",0.00199461,0,0.036901712,0.038896322,1,0.618778823,0.618778823,0,0.883333333,52
noiseRate,0,SamNum,10,min_support,0.3,gamma,0.7,avgRecall,0.758125067,
"Samples\AvailableSamples\S5\1_2\P[0.8, 1.0]_Q[0, 1].json",0.004986763,0.002991438,0.170544386,0.178522587,1,0.72868637,0.72868637,0,0.784004113,101
"Samples\AvailableSamples\S5\1_4\P[0.8, 1.0]_Q[0, 1].json",0.003988981,0,0.038895845,0.042884827,1,1,1,0.214285714,0.966666667,20
"Samples\AvailableSamples\S5\1_5\P[0.8, 1.0]_Q[0, 1].json",0.000997305,0.000997066,0.007978201,0.009972572,1,1,0.5,-0.95,0.95,80
"Samples\AvailableSamples\S5\1_6\P[0.8, 1.0]_Q[0, 1].json",0.002991915,0.000997782,0.034906626,0.038896322,1,0.707193196,0.707193196,0,0.95,35
"Samples\AvailableSamples\S5\1_7\P[0.8, 1.0]_Q[0, 1].json",0.002993107,0,0.034905672,0.037898779,1,0.911585627,0.911585627,0,0.933333333,41
"Samples\AvailableSamples\S5\2_4\P[0.8, 1.0]_Q[0, 1].json",0.005983829,0.001994371,0.074800491,0.082778692,1,0.72868637,0.72868637,0,0.75067078,97
"Samples\AvailableSamples\S5\2_5\P[0.8, 1.0]_Q[0, 1].json",0.005983829,0.000997782,0.160570621,0.167552233,1,0.72868637,0.72868637,0,0.734004113,157
"Samples\AvailableSamples\S5\2_6\P[0.8, 1.0]_Q[0, 1].json",0.002991915,0.000997543,0.077791452,0.08178091,1,0.435879567,0.435879567,0.279949046,0.734004113,112
"Samples\AvailableSamples\S5\2_7\P[0.8, 1.0]_Q[0, 1].json",0.003989458,0.000997543,0.114693165,0.119680166,1,0.640271997,0.640271997,0,0.717337447,118
"Samples\AvailableSamples\S5\4_5\P[0.8, 1.0]_Q[0, 1].json",0.00398922,0.00099659,0.037899256,0.042885065,1,1,1,0.228174603,0.916666667,76
"Samples\AvailableSamples\S5\4_6\P[0.8, 1.0]_Q[0, 1].json",0.002990246,0.001994848,0.073802948,0.078788042,1,0.707193196,0.707193196,0.202821869,0.916666667,31
"Samples\AvailableSamples\S5\4_7\P[0.8, 1.0]_Q[0, 1].json",0.00299263,0.000997782,0.035903692,0.039894104,1,0.911585627,0.911585627,0,0.9,37
"Samples\AvailableSamples\S5\5_6\P[0.8, 1.0]_Q[0, 1].json",0.002991438,0,0.037899733,0.040891171,1,0.707193196,0.707193196,0,0.9,91
"Samples\AvailableSamples\S5\5_7\P[0.8, 1.0]_Q[0, 1].json",0.002992153,0.00099802,0.034905672,0.038895845,1,0.911585627,0.911585627,0,0.883333333,97
"Samples\AvailableSamples\S5\6_7\P[0.8, 1.0]_Q[0, 1].json",0.001994133,0.000997543,0.038896084,0.04188776,1,0.618778823,0.618778823,0,0.883333333,52
noiseRate,0,SamNum,10,min_support,0.3,gamma,0.6,avgRecall,0.749155065,
"Samples\AvailableSamples\S5\1_2\P[0.8, 1.0]_Q[0, 1].json",0.005985975,0.004987717,0.237333059,0.248306751,1,0.794059265,0.794059265,0,0.830425161,101
"Samples\AvailableSamples\S5\1_4\P[0.8, 1.0]_Q[0, 1].json",0.002992392,0,0.037901163,0.040893555,1,1,1,0.214285714,0.966666667,20
"Samples\AvailableSamples\S5\1_5\P[0.8, 1.0]_Q[0, 1].json",0.000997543,0.000997543,0.007977962,0.009973049,1,1,0.5,-0.95,0.95,80
"Samples\AvailableSamples\S5\1_6\P[0.8, 1.0]_Q[0, 1].json",0.002991915,0,0.034906864,0.037898779,1,0.707193196,0.707193196,0,0.95,35
"Samples\AvailableSamples\S5\1_7\P[0.8, 1.0]_Q[0, 1].json",0.002991676,0,0.035904169,0.038895845,1,0.911585627,0.911585627,0,0.933333333,41
"Samples\AvailableSamples\S5\2_4\P[0.8, 1.0]_Q[0, 1].json",0.005984306,0.002992392,0.111700773,0.120677471,1,0.794059265,0.794059265,0,0.797091828,97
"Samples\AvailableSamples\S5\2_5\P[0.8, 1.0]_Q[0, 1].json",0.004986763,0.005984306,0.229988575,0.240959644,1,0.794059265,0.794059265,0,0.780425161,157
"Samples\AvailableSamples\S5\2_6\P[0.8, 1.0]_Q[0, 1].json",0.00398922,0.001994848,0.117684841,0.123668909,1,0.707193196,0.707193196,0.271232646,0.825944738,112
"Samples\AvailableSamples\S5\2_7\P[0.8, 1.0]_Q[0, 1].json",0.004986525,0.003989458,0.227391481,0.236367464,1,0.705644892,0.705644892,0,0.763758494,118
"Samples\AvailableSamples\S5\4_5\P[0.8, 1.0]_Q[0, 1].json",0.002992153,0,0.038895845,0.041887999,1,1,1,0.228174603,0.916666667,76
"Samples\AvailableSamples\S5\4_6\P[0.8, 1.0]_Q[0, 1].json",0.002991676,0.000997305,0.077792168,0.081781149,1,0.707193196,0.707193196,0.202821869,0.916666667,31
"Samples\AvailableSamples\S5\4_7\P[0.8, 1.0]_Q[0, 1].json",0.002991676,0.000997543,0.035904169,0.039893389,1,0.911585627,0.911585627,0,0.9,37
"Samples\AvailableSamples\S5\5_6\P[0.8, 1.0]_Q[0, 1].json",0.002991438,0.000997543,0.038896084,0.042885065,1,0.707193196,0.707193196,0,0.9,91
"Samples\AvailableSamples\S5\5_7\P[0.8, 1.0]_Q[0, 1].json",0.002992153,0,0.036901474,0.039893627,1,0.911585627,0.911585627,0,0.883333333,97
"Samples\AvailableSamples\S5\6_7\P[0.8, 1.0]_Q[0, 1].json",0.001994371,0,0.039893627,0.041887999,1,0.618778823,0.618778823,0,0.883333333,52
noiseRate,0,SamNum,10,min_support,0.3,gamma,0.5,avgRecall,0.784675412,
"Samples\AvailableSamples\S5\1_2\P[0.8, 1.0]_Q[0, 1].json",0.005954504,0.004983902,0.236155748,0.247094154,1,0.794059265,0.794059265,0,0.830425161,101
"Samples\AvailableSamples\S5\1_4\P[0.8, 1.0]_Q[0, 1].json",0.002991915,0.000997066,0.035904408,0.039893389,1,1,1,0.214285714,0.966666667,20
"Samples\AvailableSamples\S5\1_5\P[0.8, 1.0]_Q[0, 1].json",0.000997066,0.000997066,0.006981134,0.008975267,1,1,0.5,-0.95,0.95,80
"Samples\AvailableSamples\S5\1_6\P[0.8, 1.0]_Q[0, 1].json",0.002991676,0,0.035903931,0.038895607,1,0.707193196,0.707193196,0,0.95,35
"Samples\AvailableSamples\S5\1_7\P[0.8, 1.0]_Q[0, 1].json",0.001994133,0.000997782,0.033909321,0.036901236,1,0.911585627,0.911585627,0,0.933333333,41
"Samples\AvailableSamples\S5\2_4\P[0.8, 1.0]_Q[0, 1].json",0.006980896,0.000997066,0.114693403,0.122671366,1,0.794059265,0.794059265,0,0.797091828,97
"Samples\AvailableSamples\S5\2_5\P[0.8, 1.0]_Q[0, 1].json",0.005984306,0.001994848,0.227391005,0.235370159,1,0.794059265,0.794059265,0,0.780425161,157
"Samples\AvailableSamples\S5\2_6\P[0.8, 1.0]_Q[0, 1].json",0.003988743,0.001994848,0.114693165,0.120676756,1,0.501252461,0.501252461,0.291590341,0.780425161,112
"Samples\AvailableSamples\S5\2_7\P[0.8, 1.0]_Q[0, 1].json",0.003988981,0.002990723,0.220411539,0.227391243,1,0.705644892,0.705644892,0,0.763758494,118
"Samples\AvailableSamples\S5\4_5\P[0.8, 1.0]_Q[0, 1].json",0.002992392,0.000996828,0.035904169,0.039893389,1,1,1,0.228174603,0.916666667,76
"Samples\AvailableSamples\S5\4_6\P[0.8, 1.0]_Q[0, 1].json",0.002991438,0.00199461,0.075797796,0.080783844,1,0.707193196,0.707193196,0.202821869,0.916666667,31
"Samples\AvailableSamples\S5\4_7\P[0.8, 1.0]_Q[0, 1].json",0.002991676,0.000997066,0.038552999,0.042541742,1,0.911585627,0.911585627,0,0.9,37
"Samples\AvailableSamples\S5\5_6\P[0.8, 1.0]_Q[0, 1].json",0.002992392,0.000996828,0.036900997,0.040890217,1,0.707193196,0.707193196,0,0.9,91
"Samples\AvailableSamples\S5\5_7\P[0.8, 1.0]_Q[0, 1].json",0.001995325,0,0.037898779,0.039894104,1,0.911585627,0.911585627,0,0.883333333,97
"Samples\AvailableSamples\S5\6_7\P[0.8, 1.0]_Q[0, 1].json",0.001994848,0,0.035903931,0.037898779,1,0.618778823,0.618778823,0,0.883333333,52
noiseRate,0,SamNum,10,min_support,0.3,gamma,0.4,avgRecall,0.770946029,
"Samples\AvailableSamples\S5\1_2\P[0.8, 1.0]_Q[0, 1].json",0.005983591,0.002991199,0.232379198,0.241353989,1,0.794059265,0.794059265,0,0.830425161,101
"Samples\AvailableSamples\S5\1_4\P[0.8, 1.0]_Q[0, 1].json",0.002992153,0.000997543,0.037898302,0.041887999,1,1,1,0.214285714,0.966666667,20
"Samples\AvailableSamples\S5\1_5\P[0.8, 1.0]_Q[0, 1].json",0.000997066,0.000997305,0.006981373,0.008975744,1,1,0.5,-0.95,0.95,80
"Samples\AvailableSamples\S5\1_6\P[0.8, 1.0]_Q[0, 1].json",0.00199461,0,0.036901474,0.038896084,1,0.707193196,0.707193196,0,0.95,35
"Samples\AvailableSamples\S5\1_7\P[0.8, 1.0]_Q[0, 1].json",0.001994371,0.000997782,0.032911777,0.035903931,1,0.911585627,0.911585627,0,0.933333333,41
"Samples\AvailableSamples\S5\2_4\P[0.8, 1.0]_Q[0, 1].json",0.005983353,0.001994848,0.113696098,0.121674299,1,0.766421995,0.766421995,0,0.792191385,97
"Samples\AvailableSamples\S5\2_5\P[0.8, 1.0]_Q[0, 1].json",0.00515008,0.002992868,0.225396395,0.233539343,1,0.766421995,0.766421995,0,0.775524719,157
"Samples\AvailableSamples\S5\2_6\P[0.8, 1.0]_Q[0, 1].json",0.003989458,0.002992153,0.111700773,0.118682384,1,0.501252461,0.501252461,0.291590341,0.780425161,112
"Samples\AvailableSamples\S5\2_7\P[0.8, 1.0]_Q[0, 1].json",0.004084349,0.000997305,0.115691185,0.120772839,1,0.634777429,0.634777429,0,0.782913314,118
"Samples\AvailableSamples\S5\4_5\P[0.8, 1.0]_Q[0, 1].json",0.002991676,0.000997305,0.038896322,0.042885303,1,1,1,0.228174603,0.916666667,76
"Samples\AvailableSamples\S5\4_6\P[0.8, 1.0]_Q[0, 1].json",0.001993895,0.001995802,0.073801994,0.077791691,1,0.707193196,0.707193196,0.202821869,0.916666667,31
"Samples\AvailableSamples\S5\4_7\P[0.8, 1.0]_Q[0, 1].json",0.002991438,0,0.035904646,0.038896084,1,0.911585627,0.911585627,0,0.9,37
"Samples\AvailableSamples\S5\5_6\P[0.8, 1.0]_Q[0, 1].json",0.002992392,0,0.038895607,0.041887999,1,0.707193196,0.707193196,0,0.9,91
"Samples\AvailableSamples\S5\5_7\P[0.8, 1.0]_Q[0, 1].json",0.001994848,0.000997066,0.034907341,0.037899256,1,0.911585627,0.911585627,0,0.883333333,97
"Samples\AvailableSamples\S5\6_7\P[0.8, 1.0]_Q[0, 1].json",0.001994371,0.000997305,0.037898779,0.040890455,1,0.618778823,0.618778823,0,0.883333333,52
noiseRate,0,SamNum,10,min_support,0.3,gamma,0.3,avgRecall,0.762536563,
"Samples\AvailableSamples\S5\1_2\P[0.8, 1.0]_Q[0, 1].json",0.005986214,0.009972572,0.343080282,0.359039068,1,0.786994005,0.786994005,0,0.933333333,101
"Samples\AvailableSamples\S5\1_4\P[0.8, 1.0]_Q[0, 1].json",0.002991438,0,0.010971069,0.013962507,1,1,0.5,-0.214285714,0.533333333,20
"Samples\AvailableSamples\S5\1_5\P[0.8, 1.0]_Q[0, 1].json",0.000996351,0,0.009974003,0.010970354,1,1,0.5,-0.95,0.95,80
"Samples\AvailableSamples\S5\1_6\P[0.8, 1.0]_Q[0, 1].json",0.002992392,0.000996828,0.043882847,0.047872066,1,0.707193196,0.707193196,0,0.95,35
"Samples\AvailableSamples\S5\1_7\P[0.8, 1.0]_Q[0, 1].json",0.00199461,0.000996828,0.04288578,0.045877218,1,0.911585627,0.911585627,0,0.933333333,41
"Samples\AvailableSamples\S5\2_4\P[0.8, 1.0]_Q[0, 1].json",0.006981134,0.001994371,0.13065052,0.139626026,1,0.794059265,0.794059265,0,0.797091828,97
"Samples\AvailableSamples\S5\2_5\P[0.8, 1.0]_Q[0, 1].json",0.005983591,0.004986525,0.277258873,0.288228989,1,0.794059265,0.794059265,0,0.780425161,157
"Samples\AvailableSamples\S5\2_6\P[0.8, 1.0]_Q[0, 1].json",0.003988504,0.002991676,0.028923035,0.035903215,1,0.235463289,0.117731644,-0.29412142,0.443156982,112
"Samples\AvailableSamples\S5\2_7\P[0.8, 1.0]_Q[0, 1].json",0.004988909,0.005983353,0.249331236,0.260303497,1,0.705644892,0.705644892,0,0.763758494,118
"Samples\AvailableSamples\S5\4_5\P[0.8, 1.0]_Q[0, 1].json",0.002991915,0.000997066,0.007978916,0.011967897,1,1,0.5,-0.228174603,0.5375,76
"Samples\AvailableSamples\S5\4_6\P[0.8, 1.0]_Q[0, 1].json",0.002992153,0.001995325,0.016954422,0.0219419,1,0.502612602,0.251306301,-0.283755479,0.472560509,31
"Samples\AvailableSamples\S5\4_7\P[0.8, 1.0]_Q[0, 1].json",0.002991676,0.000997305,0.037899017,0.041887999,1,0.911585627,0.911585627,0,0.9,37
"Samples\AvailableSamples\S5\5_6\P[0.8, 1.0]_Q[0, 1].json",0.002992153,0,0.03789854,0.040890694,1,0.707193196,0.707193196,0,0.9,91
"Samples\AvailableSamples\S5\5_7\P[0.8, 1.0]_Q[0, 1].json",0.002992153,0,0.036901236,0.039893389,1,0.911585627,0.911585627,0,0.883333333,97
"Samples\AvailableSamples\S5\6_7\P[0.8, 1.0]_Q[0, 1].json",0.00199461,0.000997305,0.034906864,0.037898779,1,0.618778823,0.618778823,0,0.883333333,52
noiseRate,0,SamNum,10,min_support,0.3,gamma,0.2,avgRecall,0.647847831,
"Samples\AvailableSamples\S5\1_2\P[0.8, 1.0]_Q[0, 1].json",0.004986525,0.003989458,0.146607637,0.15558362,1,0.442503985,0.221251992,-0.117781948,0.408303823,101
"Samples\AvailableSamples\S5\1_4\P[0.8, 1.0]_Q[0, 1].json",0.002991676,0.000997305,0.009974003,0.013962984,1,1,0.5,-0.214285714,0.533333333,20
"Samples\AvailableSamples\S5\1_5\P[0.8, 1.0]_Q[0, 1].json",0.000997782,0,0.010971308,0.01196909,1,1,0.5,-0.95,0.95,80
"Samples\AvailableSamples\S5\1_6\P[0.8, 1.0]_Q[0, 1].json",0.002990961,0.000997782,0.037899017,0.04188776,1,0.707193196,0.707193196,0,0.95,35
"Samples\AvailableSamples\S5\1_7\P[0.8, 1.0]_Q[0, 1].json",0.00199461,0.000997305,0.038896322,0.041888237,1,0.911585627,0.911585627,0,0.933333333,41
"Samples\AvailableSamples\S5\2_4\P[0.8, 1.0]_Q[0, 1].json",0.005983591,0.002992392,0.110703707,0.119679689,1,0.794059265,0.794059265,0,0.797091828,97
"Samples\AvailableSamples\S5\2_5\P[0.8, 1.0]_Q[0, 1].json",0.004986048,0.003988743,0.140261412,0.149236202,1,0.442503985,0.221251992,-0.124123345,0.395204369,157
"Samples\AvailableSamples\S5\2_6\P[0.8, 1.0]_Q[0, 1].json",0.003988981,0.001996279,0.027923822,0.033909082,1,0.235463289,0.117731644,-0.29412142,0.443156982,112
"Samples\AvailableSamples\S5\2_7\P[0.8, 1.0]_Q[0, 1].json",0.004986763,0.003989935,0.138628721,0.147605419,1,0.479546317,0.239773159,-0.180333108,0.403246641,118
"Samples\AvailableSamples\S5\4_5\P[0.8, 1.0]_Q[0, 1].json",0.001994371,0.000997066,0.008976221,0.011967659,1,1,0.5,-0.228174603,0.5375,76
"Samples\AvailableSamples\S5\4_6\P[0.8, 1.0]_Q[0, 1].json",0.00199461,0.001994133,0.016955376,0.020944118,1,0.502612602,0.251306301,-0.283755479,0.472560509,31
"Samples\AvailableSamples\S5\4_7\P[0.8, 1.0]_Q[0, 1].json",0.001994133,0.000998497,0.03889513,0.04188776,1,0.911585627,0.911585627,0,0.9,37
"Samples\AvailableSamples\S5\5_6\P[0.8, 1.0]_Q[0, 1].json",0.001994371,0,0.036901712,0.038896084,1,0.707193196,0.707193196,0,0.9,91
"Samples\AvailableSamples\S5\5_7\P[0.8, 1.0]_Q[0, 1].json",0.001994371,0,0.036901712,0.038896084,1,0.911585627,0.911585627,0,0.883333333,97
"Samples\AvailableSamples\S5\6_7\P[0.8, 1.0]_Q[0, 1].json",0.00199461,0.000997066,0.034906864,0.03789854,1,0.618778823,0.618778823,0,0.883333333,52
noiseRate,0,SamNum,10,min_support,0.3,gamma,0.1,avgRecall,0.54088643,
gamma,avg_Jaccard,avg_Precision,avg_Recall,avg_CC,avg_avgConf,S5,,,,
0.1,1,0.77586794,0.573333349,-0.158809076,0.717792375,,,,,
0.2,1,0.784849585,0.654282952,-0.131374184,0.778339632,,,,,
0.3,1,0.804279363,0.770946029,-0.000875165,0.876808387,,,,,
0.4,1,0.804279363,0.770946029,-0.000875165,0.876808387,,,,,
0.5,1,0.804279363,0.770946029,-0.000875165,0.876808387,,,,,
0.6,1,0.804279363,0.770946029,-0.000875165,0.876808387,,,,,
0.7,1,0.804279363,0.770946029,-0.000875165,0.876808387,,,,,
0.8,1,0.804279363,0.770946029,-0.000875165,0.876808387,,,,,
0.9,1,0.804279363,0.770946029,-0.000875165,0.876808387,,,,,
1,1,0.804279363,0.804279363,0.125791502,0.88014172,,,,,
gamma,avg_Jaccard,avg_Precision,avg_Recall,avg_CC,avg_avgConf,S4,,,,
0.1,0.83,0.772118583,0.386059292,-0.379021028,0.431077356,,,,,
0.2,0.87,0.712547271,0.42648798,-0.336884437,0.478101027,,,,,
0.3,0.87,0.678849096,0.492789804,-0.236465524,0.540408756,,,,,
0.4,0.88,0.656591773,0.509872154,-0.166350241,0.555995322,,,,,
0.5,0.88,0.598493944,0.556684845,0.030909021,0.628521533,,,,,
0.6,0.88,0.58169849,0.585166791,0.22926086,0.65968509,,,,,
0.7,0.88,0.605074252,0.62717486,0.345882762,0.66418793,,,,,
0.8,0.88,0.659918669,0.659918669,0.310891244,0.708324425,,,,,
0.9,0.88,0.662109454,0.662109454,0.314381117,0.710809322,,,,,
1,0.88,0.659918669,0.659918669,0.310891244,0.708324425,,,,,
gamma,avg_Jaccard,avg_Precision,avg_Recall,avg_CC,avg_avgConf,S3,,,,
0.1,1,0.774261924,0.774261924,-0.897985956,0.874260288,,,,,
0.2,1,0.774261924,0.774261924,-0.897985956,0.874260288,,,,,
0.3,1,0.774261924,0.774261924,-0.897985956,0.874260288,,,,,
0.4,1,0.774261924,0.774261924,-0.897985956,0.874260288,,,,,
0.5,1,0.774261924,0.774261924,-0.897985956,0.874260288,,,,,
0.6,1,0.774261924,0.774261924,-0.897985956,0.874260288,,,,,
0.7,1,0.70566432,0.774261924,-0.675763733,0.890926954,,,,,
0.8,1,0.70566432,0.774261924,-0.675763733,0.890926954,,,,,
0.9,1,0.70566432,0.774261924,-0.675763733,0.890926954,,,,,
1,1,0.518827671,0.801924276,0.8982609,0.97269675,,,,,
gamma,avg_Jaccard,avg_Precision,avg_Recall,avg_CC,avg_avgConf,S2,,,,
0.1,0.9,0.62097918,0.699658524,-0.583054178,0.685085598,,,,,
0.2,0.9,0.62097918,0.699658524,-0.583054178,0.685085598,,,,,
0.3,0.9,0.62097918,0.699658524,-0.583054178,0.685085598,,,,,
0.4,0.9,0.62097918,0.699658524,-0.583054178,0.685085598,,,,,
0.5,0.9,0.62097918,0.699658524,-0.583054178,0.685085598,,,,,
0.6,0.9,0.500184715,0.723276893,-0.169558976,0.757844695,,,,,
0.7,0.9,0.455663731,0.663843481,-0.157652269,0.75504488,,,,,
0.8,0.9,0.450774273,0.701548546,0.092678746,0.755051382,,,,,
0.9,0.9,0.450774273,0.701548546,0.092678746,0.755051382,,,,,
1,0.9,0.450774273,0.701548546,0.092678746,0.755051382,,,,,
gamma,avg_Jaccard,avg_Precision,avg_Recall,avg_CC,avg_avgConf,S2,,,,
0.1,0.91,0.706917634,0.706917634,-0.721863771,0.636465476,,,,,
0.2,0.91,0.706917634,0.706917634,-0.721863771,0.636465476,,,,,
0.3,0.91,0.706917634,0.706917634,-0.721863771,0.636465476,,,,,
0.4,0.91,0.706917634,0.706917634,-0.721863771,0.636465476,,,,,
0.5,0.91,0.741710335,0.841710335,-0.548296024,0.702003542,,,,,
0.6,0.91,0.684053511,0.810748334,-0.312523693,0.734549707,,,,,
0.7,0.91,0.522490177,0.752753154,-0.015271179,0.821767933,,,,,
0.8,0.89,0.559381281,0.761403873,-0.10567724,0.785723025,,,,,
0.9,0.89,0.559381281,0.761403873,-0.10567724,0.785723025,,,,,
1,0.89,0.480701937,0.761403873,0.667246023,0.814881509,,,,,
gamma,avg_Jaccard,avg_Precision,avg_Recall,avg_CC,avg_avgConf,S3,,,,
0.1,1,0.774261924,0.774261924,-0.921101943,0.843547744,,,,,
0.2,1,0.774261924,0.774261924,-0.921101943,0.843547744,,,,,
0.3,1,0.774261924,0.774261924,-0.921101943,0.843547744,,,,,
0.4,1,0.774261924,0.774261924,-0.921101943,0.843547744,,,,,
0.5,1,0.774261924,0.774261924,-0.921101943,0.843547744,,,,,
0.6,1,0.774261924,0.774261924,-0.921101943,0.843547744,,,,,
0.7,1,0.774261924,0.774261924,-0.921101943,0.843547744,,,,,
0.8,1,0.774261924,0.774261924,-0.921101943,0.843547744,,,,,
0.9,1,0.663150813,0.774261924,-0.641193376,0.879043113,,,,,
1,1,0.491503786,0.747276506,0.881611791,0.970591989,,,,,
gamma,avg_Jaccard,avg_Precision,avg_Recall,avg_CC,avg_avgConf,S4,,,,
0.1,0.86,0.702260603,0.379341312,-0.447041518,0.423068349,,,,,
0.2,0.86,0.702260603,0.379341312,-0.447041518,0.423068349,,,,,
0.3,0.86,0.702260603,0.379341312,-0.447041518,0.423068349,,,,,
0.4,0.86,0.691600276,0.468680985,-0.292439222,0.480667199,,,,,
0.5,0.865,0.72303016,0.589675871,-0.039066223,0.572237116,,,,,
0.6,0.865,0.656966244,0.645604825,0.276578822,0.654309881,,,,,
0.7,0.865,0.557091705,0.637077716,0.382950199,0.657864796,,,,,
0.8,0.865,0.696665696,0.696665696,0.394271299,0.660697986,,,,,
0.9,0.865,0.696665696,0.696665696,0.394271299,0.660697986,,,,,
1,0.865,0.696665696,0.696665696,0.394271299,0.660697986,,,,,
gamma,avg_Jaccard,avg_Precision,avg_Recall,avg_CC,avg_avgConf,S5,,,,
0.1,1,0.69528452,0.530039895,-0.163204826,0.687480195,,,,,
0.2,1,0.74410023,0.621901299,-0.130836605,0.765535985,,,,,
0.3,1,0.770480215,0.737146882,-0.002579308,0.87828606,,,,,
0.4,1,0.770480215,0.737146882,-0.002579308,0.87828606,,,,,
0.5,1,0.770480215,0.737146882,-0.002579308,0.87828606,,,,,
0.6,1,0.770480215,0.737146882,-0.002579308,0.87828606,,,,,
0.7,1,0.770480215,0.737146882,-0.002579308,0.87828606,,,,,
0.8,1,0.770480215,0.737146882,-0.002579308,0.87828606,,,,,
0.9,1,0.770480215,0.737146882,-0.002579308,0.87828606,,,,,
1,1,0.770480215,0.770480215,0.123933283,0.881368401,,,,,
min_support,avg_Jaccard,avg_Precision,avg_Recall,avg_CC,avg_avgConf,S2,,,,
0.1,0.94,0.451018089,0.774374923,0.030286084,0.695130067,,,,,
0.2,0.9,0.564235318,0.802660808,-0.15741093,0.749514883,,,,,
0.3,0.89,0.559381281,0.761403873,-0.10567724,0.785723025,,,,,
0.4,0.95,0.562950765,0.679717174,-0.364790929,0.86285145,,,,,
0.5,0.92,0.531400977,0.705443266,0.056202785,0.806337349,,,,,
0.6,0.92,0.672839617,0.705443266,-0.643246284,0.795954181,,,,,
0.7,0.92,0.672839617,0.705443266,-0.639003308,0.800716086,,,,,
0.8,0.77,0.640235967,0.640235967,-0.595487012,0.614695061,,,,,
0.9,0.6,0.482877278,0.482877278,-0.1975,0.49526693,,,,,
1,0,0.152262104,0.152262104,0.2,0,,,,,
min_support,avg_Jaccard,avg_Precision,avg_Recall,avg_CC,avg_avgConf,S3,,,,
0.1,1,0.576337285,0.719614154,-0.407664718,0.87544854,,,,,
0.2,1,0.70566432,0.774261924,-0.655054177,0.854658855,,,,,
0.3,1,0.774261924,0.774261924,-0.921101943,0.843547744,,,,,
0.4,1,0.774261924,0.774261924,-0.921101943,0.843547744,,,,,
0.5,1,0.774261924,0.774261924,-0.953487358,0.878206472,,,,,
0.6,1,0.774261924,0.774261924,-0.953487358,0.878206472,,,,,
0.7,1,0.738727498,0.738727498,-0.968507207,0.887912155,,,,,
0.8,1,0.714467441,0.714467441,-0.970424223,0.903117868,,,,,
0.9,1,0.607977612,0.607977612,-0.996567411,0.907827051,,,,,
1,0,0.370067851,0.370067851,-1,0,,,,,
min_support,avg_Jaccard,avg_Precision,avg_Recall,avg_CC,avg_avgConf,S4,,,,
0.1,0.9,0.547731055,0.614008562,0.277700618,0.531398733,,,,,
0.2,0.88,0.66284,0.698939723,0.359473465,0.635051216,,,,,
0.3,0.865,0.696665696,0.696665696,0.394271299,0.660697986,,,,,
0.4,0.845,0.651281488,0.626928503,0.30548195,0.678857472,,,,,
0.5,0.8,0.661941816,0.587588831,0.171310063,0.675540618,,,,,
0.6,0.545,0.297246761,0.202743049,0.012007745,0.289240694,,,,,
0.7,0.525,0.332446999,0.177011008,-0.19116337,0.264398713,,,,,
0.8,0.31,0.228413852,0.114206926,0.2,0.063402987,,,,,
0.9,0.175,0.104605068,0.052302534,0.6,0.051313883,,,,,
1,0,0.077363518,0.038681759,0.6,0,,,,,
min_support,avg_Jaccard,avg_Precision,avg_Recall,avg_CC,avg_avgConf,S5,,,,
0.1,1,0.765304553,0.780240406,0.104931428,0.874162694,,,,,
0.2,1,0.772628056,0.739294723,-0.002213757,0.913073407,,,,,
0.3,1,0.772628056,0.739294723,-0.002213757,0.913073407,,,,,
0.4,1,0.776292752,0.742959419,0.005214031,0.938124581,,,,,
0.5,1,0.556390633,0.536179037,0.080485153,0.938707088,,,,,
0.6,0.506666667,0.305992208,0.152996104,-0.058848073,0.405796804,,,,,
0.7,0.506666667,0.305992208,0.152996104,-0.058848073,0.405796804,,,,,
0.8,0.506666667,0.305992208,0.152996104,-0.058848073,0.408628153,,,,,
0.9,0.393333333,0.217865688,0.108932844,0.204408222,0.32371575,,,,,
1,0,0.120380784,0.060190392,0.6,0,,,,,
mu,avg_Jaccard,avg_Precision,avg_Recall,avg_CC,avg_avgConf,S3,,,,
1,1,0.872926274,0.872926274,-0.920144133,0.856807199,,,,,
10,1,0.774261924,0.774261924,-0.921101943,0.843547744,,,,,
20,1,0.774261924,0.774261924,-0.922351095,0.860656891,,,,,
50,1,0.774261924,0.774261924,-0.923798168,0.882962765,,,,,
100,1,0.774261924,0.774261924,-0.924463676,0.894278059,,,,,
1000,1,0.774261924,0.774261924,-0.925159677,0.906901563,,,,,
mu,avg_Jaccard,avg_Precision,avg_Recall,avg_CC,avg_avgConf,S2,,,,
1,0.89,0.559381281,0.761403873,-0.113336585,0.799819598,,,,,
10,0.89,0.559381281,0.761403873,-0.10567724,0.785723025,,,,,
20,0.89,0.559381281,0.761403873,-0.102244635,0.809864147,,,,,
50,0.89,0.559381281,0.761403873,-0.100806682,0.836077938,,,,,
100,0.89,0.553681689,0.750004689,-0.100770868,0.848205214,,,,,
1000,0.89,0.553681689,0.750004689,-0.101886201,0.862273388,,,,,
mu,avg_Jaccard,avg_Precision,avg_Recall,avg_CC,avg_avgConf,S4,,,,
1,0.865,0.674565088,0.696665696,0.417372721,0.622878435,,,,,
10,0.865,0.696665696,0.696665696,0.394271299,0.660697986,,,,,
20,0.865,0.708405335,0.708405335,0.38453982,0.725135378,,,,,
50,0.865,0.708405335,0.708405335,0.368253017,0.759405024,,,,,
100,0.865,0.708405335,0.708405335,0.363062449,0.774430475,,,,,
1000,0.865,0.708405335,0.708405335,0.35804874,0.789936083,,,,,
mu,avg_Jaccard,avg_Precision,avg_Recall,avg_CC,avg_avgConf,S5,,,,
1,1,0.773935151,0.740601818,-0.002205325,0.873972738,,,,,
10,1,0.773935151,0.740601818,-0.002213757,0.883134118,,,,,
20,1,0.774261924,0.740928591,-0.002399468,0.888133513,,,,,
50,1,0.774261924,0.740928591,-0.003391765,0.904599517,,,,,
100,1,0.77298368,0.739650346,-0.003819774,0.912970063,,,,,
1000,1,0.77298368,0.739650346,-0.004380874,0.922889458,,,,,
mu,avg_Jaccard,avg_Precision,avg_Recall,avg_CC,avg_avgConf,S4,,,,
1,0.865,0.642338062,0.683684817,0.420749369,0.615374014,,,,,
10,0.865,0.696665696,0.696665696,0.394271299,0.660697986,,,,,
20,0.865,0.708405335,0.708405335,0.38453982,0.725135378,,,,,
50,0.865,0.708405335,0.708405335,0.368253017,0.759405024,,,,,
100,0.865,0.708405335,0.708405335,0.363062449,0.774430475,,,,,
1000,0.865,0.708405335,0.708405335,0.35804874,0.789936083,,,,,
10000,0.865,0.708405335,0.708405335,0.357529801,0.791601115,,,,,
mu,avg_Jaccard,avg_Precision,avg_Recall,avg_CC,avg_avgConf,S4,,,,
1,0.865,0.606424574,0.683684817,0.520834817,0.621559084,,,,,
10,0.865,0.667514125,0.689614733,0.497430915,0.673850815,,,,,
20,0.865,0.699858486,0.699858486,0.394454483,0.711770566,,,,,
50,0.865,0.675663375,0.705443266,0.393078946,0.762085882,,,,,
100,0.865,0.708405335,0.708405335,0.368553225,0.77312804,,,,,
1000,0.865,0.708405335,0.708405335,0.35804874,0.789936083,,,,,
10000,0.865,0.708405335,0.708405335,0.357529801,0.791601115,,,,,
mu,avg_Jaccard,avg_Precision,avg_Recall,avg_CC,avg_avgConf,S5,,,,
1,1,0.789833287,0.756499954,-0.002455999,0.87729067,,,,,
10,1,0.789833287,0.756499954,-0.003090573,0.88668408,,,,,
20,1,0.789833287,0.756499954,-0.003496936,0.895415886,,,,,
50,1,0.789833287,0.756499954,-0.00384629,0.90782856,,,,,
100,1,0.789833287,0.756499954,-0.003984975,0.914777533,,,,,
1000,1,0.768822172,0.735488839,-0.004380874,0.924167549,,,,,
10000,1,0.768822172,0.735488839,-0.004441568,0.925339826,,,,,
mu,avg_Jaccard,avg_Precision,avg_Recall,avg_CC,avg_avgConf,S3,,,,
1,1,0.774261924,0.774261924,-0.919917215,0.828473865,,,,,
10,1,0.774261924,0.774261924,-0.921101943,0.843547744,,,,,
20,1,0.774261924,0.774261924,-0.922351095,0.860656891,,,,,
50,1,0.774261924,0.774261924,-0.923798168,0.882962765,,,,,
100,1,0.774261924,0.774261924,-0.924463676,0.894278059,,,,,
1000,1,0.774261924,0.774261924,-0.925159677,0.906901563,,,,,
10000,1,0.774261924,0.774261924,-0.925234736,0.908313515,,,,,
mu,avg_Jaccard,avg_Precision,avg_Recall,avg_CC,avg_avgConf,S2,,,,
1,0.89,0.559381281,0.761403873,-0.113336585,0.799819598,,,,,
10,0.89,0.559381281,0.761403873,-0.10567724,0.785723025,,,,,
20,0.89,0.559381281,0.761403873,-0.102244635,0.809864147,,,,,
50,0.89,0.559381281,0.761403873,-0.100806682,0.836077938,,,,,
100,0.89,0.553681689,0.750004689,-0.100770868,0.848205214,,,,,
1000,0.89,0.553681689,0.750004689,-0.101886201,0.862273388,,,,,
10000,0.89,0.553681689,0.750004689,-0.102042716,0.863851285,,,,,
mu,avg_Jaccard,avg_Precision,avg_Recall,avg_CC,avg_avgConf,S2,,,,
1,0.89,0.559381281,0.761403873,-0.113336585,0.799819598,,,,,
10,0.89,0.559381281,0.761403873,-0.10567724,0.785723025,,,,,
20,0.89,0.559381281,0.761403873,-0.102244635,0.809864147,,,,,
50,0.89,0.559381281,0.761403873,-0.100806682,0.836077938,,,,,
100,0.89,0.553681689,0.750004689,-0.100770868,0.848205214,,,,,
1000,0.89,0.553681689,0.750004689,-0.101886201,0.862273388,,,,,
10000,0.89,0.553681689,0.750004689,-0.102042716,0.863851285,,,,,
