Jaccard,Precision,Recall,avgconf,argminC

1.0,0.38092874945847427,0.38092874945847427,0.6697286558603752,0.2878904855603218
1.0,0.3947843444110005,0.3947843444110005,0.6705353837227891,0.2877073434983358
1.0,0.38573830288489136,0.38573830288489136,0.5899212051155862,0.4059288213907705
1.0,0.3616143165288479,0.3616143165288479,0.6506673167356958,0.35684154320250344

1.0,0.2320048085041565,0.2320048085041565,0.5698106077687579,0.38391498248334566
1.0,0.25261754548078086,0.25261754548078086,0.5245954115068057,0.4311962001076499
1.0,0.22541100701847683,0.22541100701847683,0.5722115205439811,0.3724504076013357
1.0,0.24602374399510119,0.24602374399510119,0.5269963242820288,0.4194004205222013
1.0,0.2519972152779707,0.2519972152779707,0.5693802071908366,0.38376164657298556
1.0,0.27260995225459506,0.27260995225459506,0.5241650109288842,0.43102971905060894
1.0,0.24448227192753938,0.24448227192753938,0.5717811199660598,0.3722798044107272
1.0,0.2650950089041637,0.2650950089041637,0.5265659237041075,0.41921590196254827

1.0,0.415432378122406,0.415432378122406,0.5548293188848299,0.761735729187442
1.0,0.334060320095582,0.334060320095582,0.5718818442660978,0.7680626786998788
1.0,0.4010415469312073,0.4010415469312073,0.5169713139423143,0.7688355275615029

1.0,0.37214442114790486,0.37214442114790486,0.5735484268429121,0.33365004934015086
1.0,0.29102694798636447,0.29102694798636447,0.6814353739701421,0.3090118150575347
1.0,0.30431715930595216,0.30431715930595216,0.5065074712561612,0.35874706921155297
1.0,0.2401738760493182,0.2401738760493182,0.5930081223757062,0.33262000634978783
1.0,0.305900402015933,0.305900402015933,0.6242123247929738,0.2901339731120912
1.0,0.2162872365871839,0.2162872365871839,0.7422320515102162,0.2662766668985481
1.0,0.27092242712182246,0.27092242712182246,0.47454675626814435,0.40068718910376533
1.0,0.23658818877411333,0.23658818877411333,0.5824337033953744,0.3544557494687587
1.0,0.22299340749238006,0.22299340749238006,0.42400607911052157,0.4287538967737575
1.0,0.19756106501728177,0.19756106501728177,0.5105067302300664,0.3807285644232538
1.0,0.20467840798985062,0.20467840798985062,0.5252106542182061,0.35551807824562354
1.0,0.1618484773749328,0.1618484773749328,0.6432303809354485,0.31035789126968494

1.0,0.4650869889684358,0.4650869889684358,0.5110021954044276,0.3833058435605134
1.0,0.530889482194969,0.530889482194969,0.5992374463653267,0.31083780568489183
1.0,0.5040385121671207,0.5040385121671207,0.5236060045043399,0.39827067788782083
1.0,0.5852494473461176,0.5852494473461176,0.6157483880897154,0.32526713575944144
1.0,0.4644283789895076,0.4644283789895076,0.5288073203882373,0.38817533735652177
1.0,0.5299703393075365,0.5299703393075365,0.6216927490998838,0.31551485385005534
1.0,0.47702935577706057,0.47702935577706057,0.508839827794035,0.3823917896565343
1.0,0.5475560099768914,0.5475560099768914,0.5968047828036352,0.310017360950005
1.0,0.521422334681089,0.521422334681089,0.5211733409426483,0.397505561771211
1.0,0.6095099616585585,0.6095099616585585,0.612968201162068,0.3245890852827616
1.0,0.4762787392029305,0.4762787392029305,0.5263746568265457,0.38732479553907867
1.0,0.5465084645290933,0.5465084645290933,0.6189125621722363,0.3147549503523889

1.0,0.3226587446755364,0.3226587446755364,0.5692240928539434,0.3505457325919641
1.0,0.31841332586557675,0.31841332586557675,0.5759378639324315,0.34716039811949406
1.0,0.34327148165216076,0.34327148165216076,0.5403349194373102,0.3716136029080397
1.0,0.276150221297216,0.276150221297216,0.5621519164775941,0.35487592584628297
1.0,0.2719048024872563,0.2719048024872563,0.5688656875560822,0.3514905913738129
1.0,0.2967629582738403,0.2967629582738403,0.5332627430609609,0.37598426626311204

1.0,0.33468533611854495,0.5020280041778175,0.6345256446905324,0.6230148583899733

1.0,0.2785980360977772,0.2785980360977772,0.4766733944360596,0.4238268102519793
1.0,0.21235883707992542,0.21235883707992542,0.4278531434643812,0.4104068186739534

1.0,0.6780076217850852,0.6780076217850852,0.5228333260547295,0.5880772052810765
1.0,0.6561837170585543,0.6561837170585543,0.5219252683980177,0.5882449226535729
1.0,0.6453510278965483,0.6453510278965483,0.46573205308530885,0.5874245821985982
1.0,0.537343399274038,0.537343399274038,0.48636604728796884,0.6107329281102276
1.0,0.5198614441229029,0.5198614441229029,0.48545798963125697,0.6110073262363722
1.0,0.47728053345045124,0.47728053345045124,0.4340367624959451,0.610167403053123

1.0,0.34542915068139807,0.34542915068139807,0.47214208163884575,0.7215420257568872
1.0,0.3569976010619958,0.3569976010619958,0.46944347670075376,0.7151124203974675
1.0,0.25669483807318877,0.3850422571097831,0.5243353560358402,0.7968130854471845
1.0,0.27043666272427164,0.4056549940864074,0.5168127412440336,0.7955951420307992

1.0,0.20114954009052013,0.3017243101357802,0.578624976093678,0.6420119130871786
1.0,0.19831926088388038,0.29747889132582056,0.6139575460060889,0.6242173642677149
1.0,0.22322122230610442,0.22322122230610442,0.4411590128655458,0.6078754686995659

1.0,0.4917033678674825,0.4917033678674825,0.4866407921581849,0.36190073075393
1.0,0.5105108688002141,0.5105108688002141,0.4308926788090226,0.35971278225297343

1.0,0.32400156301060284,0.4860023445159043,0.5201049186107072,0.7667772057597606
1.0,0.33626897706025743,0.5044034655903862,0.699254920694348,0.7685880029588973
1.0,0.26326542849787016,0.39489814274680524,0.5303118184167653,0.7782692943218569
1.0,0.2591172529551094,0.3886758794326641,0.5562706193763561,0.7768980241869468

0.95,0.707734540330795,0.707734540330795,0.5367929427570803,0.27206911580705384

1.0,0.5101609938388296,0.5101609938388296,0.46182371223275576,0.3243149201159017
1.0,0.6132893358060072,0.6132893358060072,0.479498774205807,0.2883244801695707
1.0,0.5226764217517513,0.5226764217517513,0.49989704579712274,0.3269225973331571
1.0,0.5891826018200725,0.5891826018200725,0.5211071201647842,0.2908129451951571
1.0,0.4554595638979403,0.4554595638979403,0.41329553753251946,0.3803625209358814
1.0,0.558587905865118,0.558587905865118,0.4309705995055707,0.34261520518418215
1.0,0.4743637799609509,0.4743637799609509,0.45136887109688634,0.3824671757577279
1.0,0.5408699600292721,0.5408699600292721,0.4725789454645478,0.3446327975611715
1.0,0.35963592796156213,0.35963592796156213,0.3610129102212709,0.3876501208339344
1.0,0.5138935387230058,0.5138935387230058,0.37616296334102917,0.34929011482855543
1.0,0.37994772021677925,0.37994772021677925,0.38899654270773,0.38954868795187453
1.0,0.5015096912845558,0.5015096912845558,0.40667160468078123,0.35112534337971674

1.0,0.6721133785296066,0.6721133785296066,0.8833333333333333,-0.8723795639845574
1.0,0.30681674560063316,0.30681674560063316,0.5268743081352997,-0.9430732836709906
1.0,0.3594903144120203,0.3594903144120203,0.5438032082247701,-0.8725991959164854
1.0,0.44661564456241915,0.44661564456241915,0.557900297419668,-0.9461598588077975

1.0,0.15207074009403293,0.4562122202820988,0.8459312321674529,0.7788309960089013
1.0,0.1837157149068034,0.3674314298136068,0.6726417113213664,0.7133020495140066

1.0,0.15145595978765689,0.30291191957531377,0.7180981618249337,0.7110089536174578
1.0,0.1159832047779396,0.2319664095558792,0.6551980839905934,0.7553951203555007
1.0,0.2006576655532196,0.4013153311064392,0.7864841953753439,0.7030825886379813

0.95,0.3360566892648033,0.6721133785296066,0.95,0.7058823529411764

1.0,0.2232179446683752,0.2232179446683752,0.47381852576176847,-0.8017960412919913
1.0,0.4256619327205399,0.4256619327205399,0.6416147900057482,-0.8516519311763906

1.0,0.8231712539930442,0.8231712539930442,0.7074975614081308,-0.8551064874302379

1.0,0.30681674560063316,0.30681674560063316,0.5479095431790223,-0.9718641443265003
1.0,0.19152127566427035,0.19152127566427035,0.5738751280647804,-0.926781955925317

1.0,0.1837157149068034,0.3674314298136068,0.5458836559045686,0.7398793171552694
1.0,0.15207074009403293,0.4562122202820988,0.6885126771986477,0.7786118649565041

1.0,0.18464678754122926,0.3692935750824585,0.5685448997694857,0.783093268555342
1.0,0.141344592542449,0.282689185084898,0.5065824005658255,0.7585422025647781
1.0,0.24130922039939456,0.48261844079878913,0.6549281515781344,0.7828744473788773

0.925,0.6721133785296066,0.6721133785296066,1.0,-1.0

1.0,0.11597420871108512,0.23194841742217023,0.5084416644668848,0.7992110781085765
1.0,0.4256619327205399,0.4256619327205399,0.6285786373552646,-0.8432105395017487

1.0,0.4074812919144022,0.8149625838288044,0.6850130865085864,0.7663699752927211
1.0,0.3796000525707833,0.7592001051415666,0.6230657309202021,0.7582553918870615
1.0,0.4115856269965221,0.8231712539930442,0.7141769273747922,0.7676980705635044

1.0,0.42036165667472447,0.42036165667472447,0.39750405611443007,-0.8861365753213875
1.0,0.1965320223911322,0.1965320223911322,0.44257750339813756,-0.8577037708839392
1.0,0.2887807380831779,0.2887807380831779,0.38435730030653503,-0.8928387998957694
1.0,0.13501389002043906,0.13501389002043906,0.4244225867809417,-0.8672283866567538
1.0,0.21284976655953144,0.21284976655953144,0.38924116885448573,-0.8564379246362086
1.0,0.09951382202253166,0.09951382202253166,0.42930645532889233,-0.8525718111588205
1.0,0.1649050707545406,0.1649050707545406,0.4893227907112564,-0.8720489988709055
1.0,0.07709819995076474,0.07709819995076474,0.5343962379949639,-0.869072395232894
1.0,0.239063016907401,0.239063016907401,0.4468552494520705,-0.8592645687235916
1.0,0.11176932397545666,0.11176932397545666,0.49192869673577794,-0.8552036013627786
1.0,0.1988992916852895,0.1988992916852895,0.38819462663108395,-0.8304302432695416
1.0,0.09593663409216563,0.19187326818433126,0.543303231193264,0.7883655329279526
1.0,0.15409695908319004,0.15409695908319004,0.4881454307099295,-0.8313779684893237
1.0,0.1628701650066639,0.3257403300133278,0.7390112486789189,0.7913462347545627
1.0,0.22339448851465593,0.22339448851465593,0.4456778894507435,-0.8315250408001271
1.0,0.10775159187971169,0.21550318375942337,0.6460049470289366,0.7906698302570612
1.0,0.451995223364894,0.451995223364894,0.40231606229701705,-0.8299658803541992
1.0,0.21132168918958266,0.21132168918958266,0.44738950958072454,-0.8320311812729118
1.0,0.3105124174405542,0.3105124174405542,0.3886346391355012,-0.8403920890597347
1.0,0.14517411949485481,0.14517411949485481,0.4286999256099079,-0.8430417324633743
1.0,0.22886739609004336,0.22886739609004336,0.3935185076834519,-0.8107829563728883
1.0,0.10700255719986809,0.10700255719986809,0.4335837941578585,-0.8156010178466022
1.0,0.17731470771935412,0.17731470771935412,0.4941347968938434,-0.8302566201491466
1.0,0.08290008747097154,0.08290008747097154,0.5392082441775509,-0.8336655417117398
1.0,0.25705327783727744,0.25705327783727744,0.4516672556346575,-0.814277064292923
1.0,0.1201803250925939,0.1201803250925939,0.4967407029183649,-0.8190392110689406
1.0,0.21386710311206464,0.21386710311206464,0.39247196546005014,-0.8293684860739144
1.0,0.10315617437229459,0.20631234874458917,0.5554264398616545,0.7703207486575931
1.0,0.1656932508821883,0.1656932508821883,0.4929574368925165,-0.8383902758035693
1.0,0.1628701650066639,0.3257403300133278,0.7482607354627451,0.7856245080816924
1.0,0.24020564228768648,0.24020564228768648,0.4504898956333305,-0.8328965910680673
1.0,0.11586024573425756,0.23172049146851512,0.6606138944242875,0.7737047813290749
1.0,0.4387962105816915,0.4387962105816915,0.4020084722391529,-0.8680361589083798
1.0,0.20515074416008278,0.20515074416008278,0.44708191952286036,-0.8664869300750706
1.0,0.30144493806183437,0.30144493806183437,0.3883612257507331,-0.8754469989212865
1.0,0.14093479359061656,0.14093479359061656,0.4284265122251398,-0.8745853395640122
1.0,0.2221840872175244,0.2221840872175244,0.39324509429868376,-0.8350015478109456
1.0,0.10387790444402198,0.10387790444402198,0.4333103807730904,-0.8380429958098676
1.0,0.17213682314700277,0.17213682314700277,0.4938272068359793,-0.8565081964267844
1.0,0.080479266945232,0.080479266945232,0.5389006541196867,-0.8526090001993456
1.0,0.24954689430764596,0.24954689430764596,0.4513596655767934,-0.8382511230675147
1.0,0.11667085958236659,0.11667085958236659,0.4964331128605008,-0.8409556965254039
1.0,0.20762182775966612,0.20762182775966612,0.39219855207528204,-0.8383432820469138
1.0,0.10014384239659362,0.20028768479318723,0.5489296251176486,0.7811955643793225
1.0,0.16085473219120902,0.16085473219120902,0.4926498468346523,-0.8263858955839747
1.0,0.1628701650066639,0.3257403300133278,0.7450950730036601,0.7861972596548251
1.0,0.23319123775582037,0.23319123775582037,0.45018230557546646,-0.8409490658596555
1.0,0.1124769337312524,0.2249538674625048,0.652569073274052,0.783690085712043

1.0,0.12538164406342692,0.3761449321902808,0.4603886599717663,0.794431489015303
1.0,0.15861602308704903,0.4758480692611471,0.5131649777326415,0.7933160930945735
1.0,0.13838810165799773,0.4151643049739932,0.46743094738733754,0.7915651475023768
1.0,0.15861602308704903,0.4758480692611471,0.5179091569272217,0.7933059641088103
1.0,0.11511103162143382,0.34533309486430147,0.45723028430458296,0.7945705395169452
1.0,0.15861602308704903,0.4758480692611471,0.5106698471147342,0.7933756281035468
1.0,0.11064754327534276,0.3319426298260283,0.4570656384144425,0.7946397017192488
1.0,0.15861602308704903,0.4758480692611471,0.510527162961827,0.7934747599572165

1.0,0.17468284768592593,0.34936569537185186,0.5197344951947943,0.7087635462067654
1.0,0.15122245101283996,0.4536673530385199,0.5372916155698488,0.7994330927121295
1.0,0.09015692142322042,0.27047076426966127,0.4573995870796194,0.7877512930757826
1.0,0.11645523179061729,0.34936569537185186,0.5530830044880412,0.795814384663353
1.0,0.15122245101283996,0.4536673530385199,0.5759710542389477,0.8132809690659347
1.0,0.09015692142322042,0.27047076426966127,0.511017619195825,0.7807392966550508
1.0,0.3079183990884246,0.6158367981768492,0.5695906549648799,0.7054763560688092
1.0,0.13550628827010658,0.40651886481031974,0.6660380464406562,0.7924000802629382
1.0,0.16848767002912154,0.5054630100873646,0.5414503752532082,0.7880416059861499
1.0,0.13550628827010658,0.40651886481031974,0.6758013945562565,0.7834706583970383
1.0,0.13550628827010658,0.40651886481031974,0.6913053029809967,0.7806720808154786
1.0,0.16848767002912154,0.5054630100873646,0.5952487642218222,0.7737254120647754
1.0,0.13121469881946982,0.3936440964584095,0.5549703830489445,0.7975218351793106
1.0,0.13550628827010658,0.40651886481031974,0.6696782662648184,0.7959099750571172
1.0,0.16848767002912154,0.5054630100873646,0.5661859441307214,0.7916401119347745
1.0,0.13550628827010658,0.40651886481031974,0.6694041864515134,0.7836542105194584
1.0,0.13550628827010658,0.40651886481031974,0.6844527371513389,0.778261690112981
1.0,0.16848767002912154,0.5054630100873646,0.5900261278608802,0.7760006436765519
1.0,0.2449368677700082,0.4898737355400164,0.5435710066507149,0.7105474008589525
1.0,0.20278451423521884,0.6083535427056566,0.565069177368088,0.7992369468058196
1.0,0.12857576638787874,0.38572729916363624,0.5489236198102155,0.796781298323344
1.0,0.16329124518000546,0.4898737355400164,0.6164404508620697,0.7909951725657497
1.0,0.20278451423521884,0.6083535427056566,0.6149833779592625,0.7944738877376358
1.0,0.12857576638787874,0.38572729916363624,0.571419061239996,0.7790853271773389
1.0,0.2449368677700082,0.4898737355400164,0.5384675190526167,0.7077061936389111
1.0,0.20278451423521884,0.6083535427056566,0.5576577393349518,0.7973805152564617
1.0,0.12857576638787874,0.38572729916363624,0.5315017471773983,0.8049024528234614
1.0,0.16329124518000546,0.4898737355400164,0.6118189629397649,0.7924898950740914
1.0,0.12517337924329633,0.37552013772988896,0.6462133781015315,0.7960273348915559
1.0,0.12857576638787874,0.38572729916363624,0.5684630787038905,0.7812739888141846

1.0,0.3360566892648033,0.6721133785296066,0.569178235639273,0.7520605581719333
1.0,0.3360566892648033,0.6721133785296066,0.5684918808053869,0.7517786198413614
1.0,0.22403779284320222,0.6721133785296066,0.8310005500140033,0.7713806438448612

1.0,0.14930825872738376,0.2986165174547675,0.478928011403245,0.6818948607091507
1.0,0.09643398357179189,0.19286796714358379,0.5567821585123375,0.7140363381356251
1.0,0.1311163006970247,0.2622326013940494,0.5150212118157661,0.6835992616327665
1.0,0.1090053711521696,0.2180107423043392,0.6066629270871331,0.7154409945116086
1.0,0.20600503326729666,0.4120100665345933,0.554751610127511,0.7153001263994038
1.0,0.13155762829903342,0.26311525659806684,0.6400086648590002,0.7379485499974809
1.0,0.1809050491727528,0.3618100983455056,0.5982426247722838,0.7164540280257385
1.0,0.14838551980133216,0.2967710396026643,0.7001886634848207,0.7389163688526452
1.0,0.07300193686967028,0.21900581060901086,0.49513931815922785,0.7870564916451546
1.0,0.08781225519802024,0.1756245103960405,0.5510174019389416,0.6953365505859246
1.0,0.07300193686967028,0.21900581060901086,0.4979756080719396,0.7876549438517035
1.0,0.09930203719803547,0.19860407439607095,0.6161691960998347,0.6970597409210046

1.0,0.24161951535766732,0.7248585460730019,0.5864749610392167,0.7762855678873237
1.0,0.21595138833926378,0.6478541650177914,0.5322357733622615,0.7623010230038003
1.0,0.27439041799768144,0.8231712539930442,0.6124020870485811,0.7813116220490148

1.0,0.14648902207681425,0.14648902207681425,0.47770146288821,-0.7645979600794338
1.0,0.13223619484618998,0.13223619484618998,0.5854572425566896,-0.727528354655026
1.0,0.20266809775649963,0.20266809775649963,0.46965108378218917,-0.7698039844685551
1.0,0.1567635253418554,0.1567635253418554,0.47962215341524095,-0.8189788080375151
1.0,0.14151102784351424,0.14151102784351424,0.5876523174447248,-0.7992940165731022
1.0,0.21688291059774406,0.21688291059774406,0.4715717743092201,-0.8257783331485025
1.0,0.1010477608073416,0.1010477608073416,0.5263963203031264,-0.7687393553180348
1.0,0.091216196254516,0.091216196254516,0.6411085081737369,-0.7385576472283859
1.0,0.1397999466106004,0.1397999466106004,0.5183459411971055,-0.7765380099909537
1.0,0.1893654950831521,0.1893654950831521,0.4091208813312079,-0.8527121911121969
1.0,0.17094094936226845,0.17094094936226845,0.4948346158465021,-0.8199328405013049
1.0,0.26198785496087085,0.26198785496087085,0.4019649887925226,-0.8582853322568693
1.0,0.2609523126636021,0.2609523126636021,0.5270051552344656,-0.8232277249841249
1.0,0.2355626406247248,0.2355626406247248,0.6609375135720674,-0.8001279575514024
1.0,0.3610284788778194,0.3610284788778194,0.5178047219704416,-0.8202499244971304
1.0,0.1838717465365422,0.1838717465365422,0.4621609390684414,-0.7484875660532615
1.0,0.1659817217495363,0.1659817217495363,0.5676966439055253,-0.7099171188233315
1.0,0.25438723375588995,0.25438723375588995,0.45411055996242045,-0.7535876679214615
1.0,0.10813508744534539,0.10813508744534539,0.5283170108301574,-0.8340385835082623
1.0,0.09761395284374512,0.09761395284374512,0.643303583061772,-0.8126934255941725
1.0,0.14960528893277114,0.14960528893277114,0.5202666317241363,-0.8358551475973873
1.0,0.1967682136803251,0.1967682136803251,0.4640816295954722,-0.8139048990114746
1.0,0.1776234114671351,0.1776234114671351,0.5698917187935606,-0.7934685606395437
1.0,0.2722295432119469,0.2722295432119469,0.45603125048945137,-0.8204513933396451
1.0,0.2756485552275835,0.2756485552275835,0.42057627144609927,-0.8295569873099261
1.0,0.24882899442820974,0.24882899442820974,0.5201713094799916,-0.8010909331996239
1.0,0.38136078420953523,0.38136078420953523,0.4125258923400784,-0.8415860810048477
1.0,0.1311977533589551,0.1311977533589551,0.46674718829883144,-0.7715030439564148
1.0,0.11843270868079003,0.11843270868079003,0.5729380715973996,-0.7309716755842245
1.0,0.18151257156487186,0.18151257156487186,0.4586968091928106,-0.7810663062403982
1.0,0.14039975174860783,0.14039975174860783,0.46866787882586236,-0.8317555670998826
1.0,0.12673938746652436,0.12673938746652436,0.575133146485435,-0.7946090393565752
1.0,0.194243569988845,0.194243569988845,0.4606174997198414,-0.8372793765611376
1.0,0.0904998819155514,0.0904998819155514,0.5154420457137479,-0.7741046555752373
1.0,0.0816945860439066,0.0816945860439066,0.628589337214447,-0.7439012188407688
1.0,0.12520691759000865,0.12520691759000865,0.5073916666077269,-0.7823666290573835
1.0,0.16959856217476985,0.16959856217476985,0.3993837483628714,-0.8424604714510633
1.0,0.1530972641869128,0.1530972641869128,0.48388034125712354,-0.8191827818396318
1.0,0.23464023099406264,0.23464023099406264,0.39222785582418607,-0.848736803271677
1.0,0.23371278386537203,0.23371278386537203,0.5144859842751757,-0.8331036080105343
1.0,0.21097341484784474,0.21097341484784474,0.6463318141195626,-0.7959548213050249
1.0,0.32334249116997704,0.32334249116997704,0.5052855510111517,-0.8388589086416129
1.0,0.16467827902579577,0.16467827902579577,0.45120666447906277,-0.7569216390959326
1.0,0.14865570595980557,0.14865570595980557,0.5551774729462355,-0.7125958003360318
1.0,0.22783300126388506,0.22783300126388506,0.44315628537304186,-0.7659011272162858
1.0,0.09684739737469338,0.09684739737469338,0.5173627362407787,-0.8406313033101125
1.0,0.08742451228100145,0.08742451228100145,0.6307844121024823,-0.8097182794245276
1.0,0.13398872844072018,0.13398872844072018,0.5093123571347578,-0.8437130665685256
1.0,0.17622854737726773,0.17622854737726773,0.4531273550060936,-0.8273657891779456
1.0,0.15908217693078472,0.15908217693078472,0.5573725478342707,-0.7885879999515337
1.0,0.24381283976770435,0.24381283976770435,0.4450769759000727,-0.8331081594839556
1.0,0.24687495793054923,0.24687495793054923,0.4096219968567206,-0.8239755279799841
1.0,0.22285495920937085,0.22285495920937085,0.5076521385207016,-0.7995314342094895
1.0,0.34155240712347856,0.34155240712347856,0.40157161775069977,-0.8302683778927595
1.0,0.10895408377189555,0.10895408377189555,0.5066217351270748,-0.7523726588131432
1.0,0.09835326392849802,0.09835326392849802,0.6371568567801115,-0.7155932524585646
1.0,0.15073837334563905,0.15073837334563905,0.4974213018630508,-0.7587010098512768
1.0,0.11659594712508872,0.11659594712508872,0.50881681001511,-0.7981418208203166
1.0,0.10525160291004246,0.10525160291004246,0.6397177774828193,-0.777874624675149
1.0,0.16131091924122598,0.16131091924122598,0.49961637675108606,-0.7978605577083633
1.0,0.07515625430411085,0.07515625430411085,0.562273000744122,-0.7711924554274302
1.0,0.06784383530703644,0.06784383530703644,0.7020833333333333,-0.733911618494265
1.0,0.10397895267763359,0.10397895267763359,0.553072567480098,-0.7769686020771769
1.0,0.14084430165679845,0.14084430165679845,0.4258535468455891,-0.8244770709836642
1.0,0.1271406843517444,0.1271406843517444,0.5262024813651227,-0.8066869048463456
1.0,0.1948586064125546,0.1948586064125546,0.41780316773956827,-0.8289997507942805
1.0,0.19408840151524276,0.19408840151524276,0.5689627549041834,-0.7982808400999775
1.0,0.17520433487976328,0.17520433487976328,0.7380731048432494,-0.7787295326495522
1.0,0.2685220132814299,0.2685220132814299,0.5582289160961555,-0.7892808396055753
1.0,0.13675821840712543,0.13675821840712543,0.48886113647591045,-0.7338484485724687
1.0,0.12345216153207407,0.12345216153207407,0.6164361583537532,-0.6959023284203902
1.0,0.18920549529374528,0.18920549529374528,0.4796607032118866,-0.7403285440414176
1.0,0.08042759251968672,0.08042759251968672,0.5644680756321572,-0.815405027783308
1.0,0.07260229227188354,0.07260229227188354,0.7046442540360413,-0.7954736757397508
1.0,0.1112718683762701,0.1112718683762701,0.5552676423681333,-0.8153031853227031
1.0,0.14635021882889368,0.14635021882889368,0.4910562113639457,-0.791626668251628
1.0,0.13211089662877348,0.13211089662877348,0.6189970790564611,-0.7714444564044919
1.0,0.20247606295539533,0.20247606295539533,0.4818557780999218,-0.7912245606600931
1.0,0.2050190202110828,0.2050190202110828,0.44133580205037665,-0.805167678423771
1.0,0.18507144576056747,0.18507144576056747,0.5609899348572971,-0.7895814284172152
1.0,0.2836445642206114,0.2836445642206114,0.4321353687863527,-0.8096824598437663

1.0,0.4711100920806148,0.4711100920806148,0.421637424059184,-0.7306121865413063
1.0,0.3467514137627158,0.3467514137627158,0.421266437419249,-0.7488995265982044
1.0,0.42683263353028467,0.42683263353028467,0.4166475706541861,-0.7283794367562767
1.0,0.3700613474695253,0.3700613474695253,0.4171082262484174,-0.7465433213301299
1.0,0.3918687232280144,0.3918687232280144,0.4135106657689532,-0.7268113788893169
1.0,0.40307952675333886,0.40307952675333886,0.41449413884405667,-0.7449931552730162
1.0,0.37451375504341144,0.37451375504341144,0.4136406485474211,-0.7271643751261493
1.0,0.4217582328581606,0.4217582328581606,0.41460245782611327,-0.7451320447308383

1.0,0.23288841096169396,0.23288841096169396,0.4121875862784697,-0.6828036565528434
1.0,0.21249752532067429,0.21249752532067429,0.42078899507380324,-0.6739473238128446
1.0,0.33365787566161254,0.33365787566161254,0.3960410026077214,-0.7023807786832971
1.0,0.30939136642253445,0.30939136642253445,0.40635042006527133,-0.6923309179324222
1.0,0.2823021525583099,0.2823021525583099,0.4138766527611882,-0.6865989992691426
1.0,0.44326321624293297,0.44326321624293297,0.3922221593533666,-0.7054280644710932
1.0,0.4633556938408686,0.4633556938408686,0.4560422332682513,-0.7043825996506987
1.0,0.4227859079712808,0.4227859079712808,0.4646436420635849,-0.6988999226311677
1.0,0.6638470151616349,0.6638470151616349,0.43989564959750305,-0.7145181636772104
1.0,0.2783545825376681,0.2783545825376681,0.4131086230856683,-0.6959400822549641
1.0,0.25398283970709434,0.25398283970709434,0.42063485578158516,-0.6902998515619876
1.0,0.3987969959804898,0.3987969959804898,0.39898036237376355,-0.7079524294183979
1.0,0.2271255136299903,0.2271255136299903,0.3831920514235119,-0.6949119677952612
1.0,0.2072392068985284,0.2072392068985284,0.39071828411942877,-0.6799851345408905
1.0,0.3254014060785532,0.3254014060785532,0.3690637907116071,-0.7066768233673085
1.0,0.340151379057107,0.340151379057107,0.42957552624909773,-0.7080689857465018
1.0,0.31036892727109067,0.31036892727109067,0.4381769350444313,-0.6956098180450476
1.0,0.48733290794031836,0.48733290794031836,0.4134289425783494,-0.7192917031863049
1.0,0.20434127901225327,0.20434127901225327,0.38995025444390885,-0.6988993640352877
1.0,0.1864498792862106,0.1864498792862106,0.3974764871398257,-0.6850356709127914
1.0,0.29275856528738853,0.29275856528738853,0.3758219937320041,-0.71046491017671
1.0,0.1775407886604152,0.1775407886604152,0.37752610634997386,-0.6569263658856217
1.0,0.16199594508815843,0.16199594508815843,0.3861275151453074,-0.6479770545147391
1.0,0.25436165819975054,0.25436165819975054,0.3613795226792255,-0.6769609918223353
1.0,0.23586226112563077,0.23586226112563077,0.37602162512783743,-0.6754995134816739
1.0,0.21521099568144283,0.21521099568144283,0.3835478578237543,-0.6693182965259072
1.0,0.33791849354353143,0.33791849354353143,0.3618933644159327,-0.6886950432056884
1.0,0.35323584791143925,0.35323584791143925,0.42138075333975544,-0.6888913660397977
1.0,0.32230776630648755,0.32230776630648755,0.429982162135089,-0.6829990672156223
1.0,0.5060789505796626,0.5060789505796626,0.4052341696690071,-0.7037499619795025
1.0,0.21220159434686012,0.21220159434686012,0.3827798281482344,-0.6795122723614165
1.0,0.19362197320856056,0.19362197320856056,0.39030606084415126,-0.6734376955200718
1.0,0.3040199934784491,0.3040199934784491,0.36865156743632965,-0.6924547869386997
1.0,0.17314748573471503,0.17314748573471503,0.352863256486078,-0.6648546250401505
1.0,0.15798730422947302,0.15798730422947302,0.36038948918199487,-0.6558246350699419
1.0,0.24806739857869886,0.24806739857869886,0.33873499577417326,-0.6889280184553295
1.0,0.25931193335189107,0.25931193335189107,0.3949140463206018,-0.6827708859327276
1.0,0.23660749753863866,0.23660749753863866,0.40351545511593534,-0.6738046789148187
1.0,0.37151470293697386,0.37151470293697386,0.3787674626498535,-0.7030897191204213
1.0,0.15577808995261955,0.15577808995261955,0.359621459506475,-0.6706338286900928
1.0,0.14213871131422598,0.14213871131422598,0.36714769220239185,-0.6616611343356218
1.0,0.22318236598198027,0.22318236598198027,0.34549319879457024,-0.6931835617276914
1.0,0.3109389503312444,0.3109389503312444,0.43957250064435605,-0.6965575201569361
1.0,0.2837142354930897,0.2837142354930897,0.4481739094396896,-0.6874973265171855
1.0,0.44548043073315163,0.44548043073315163,0.42342591697360776,-0.725965593820205
1.0,1.0,1.0,0.43031222013542186,-0.7195392293287992
1.0,1.0,1.0,0.4378384528313387,-0.7049730008650836
1.0,1.0,1.0,0.4161839594235171,-0.7228855892979633
1.0,1.0,1.0,0.48342714763413763,-0.7277796718121609
1.0,1.0,1.0,0.49202855642947113,-0.7158839598707376
1.0,1.0,1.0,0.4672805639633893,-0.7344005233993007
1.0,1.0,1.0,0.43707042315581884,-0.7218380183827642
1.0,1.0,1.0,0.4445966558517357,-0.7082354409665874
1.0,1.0,1.0,0.4229421624439141,-0.7250663967301682
1.0,0.3032446677356136,0.3032446677356136,0.40715385149366246,-0.7141407344066947
1.0,0.276693637070275,0.276693637070275,0.4146800841895793,-0.6930499986322978
1.0,0.4344568766842532,0.4344568766842532,0.3930255907817577,-0.7258105564725066
1.0,0.45415017570427224,0.45415017570427224,0.45696044061498403,-0.7262292597522666
1.0,0.41438639244689923,0.41438639244689923,0.4655618494103176,-0.7073774564184605
1.0,0.6506583227181695,0.6506583227181695,0.44081385694423575,-0.7368427261035169
1.0,0.27282449368364997,0.27282449368364997,0.41391205451405944,-0.7183020575138777
1.0,0.2489369458756681,0.2489369458756681,0.4214382872099763,-0.6976277068982288
1.0,0.3908740697531511,0.3908740697531511,0.3997837938021546,-0.7290981350690062

1.0,0.7628900181217103,0.7628900181217103,0.37930824551852715,-0.7440801870376033
1.0,0.702296283622713,0.702296283622713,0.3804101725582404,-0.7445626728315814
1.0,0.669938273122861,0.669938273122861,0.38163937126262154,-0.7446803984166963

1.0,0.10376584535648593,0.10376584535648593,0.4361806529092623,-0.6854218524486235
1.0,0.20708145161677113,0.20708145161677113,0.39038583731607435,-0.6519754110199957
1.0,0.09112284811172797,0.09112284811172797,0.4393009036530679,-0.687543191765037
1.0,0.1818503149818142,0.1818503149818142,0.39350608805987997,-0.6546056676877202
1.0,0.1576319306954873,0.1576319306954873,0.4884873505930372,-0.7211850394803382
1.0,0.31457989782121926,0.31457989782121926,0.44841688694899773,-0.7017993658357538
1.0,0.13842580310483157,0.13842580310483157,0.4912175699938671,-0.7225114665424122
1.0,0.2762509778596829,0.2762509778596829,0.45114710634982763,-0.703330282835376
1.0,0.1142484177143411,0.1142484177143411,0.4208402900562483,-0.7006308408808407
1.0,0.22800111254262712,0.22800111254262712,0.3807698264122089,-0.6734193959180942
1.0,0.10032820701863471,0.10032820701863471,0.42357050945707825,-0.7024045736551177
1.0,0.20022109082377548,0.20022109082377548,0.38350004581303876,-0.6755575788034051
1.0,0.13972043128734798,0.13972043128734798,0.4910600091748978,-0.7218423877535294
1.0,0.2788346168443454,0.2788346168443454,0.4509895455308583,-0.7026994912164853
1.0,0.1226966695502022,0.1226966695502022,0.4937902285757277,-0.7231547262984854
1.0,0.24486095932346214,0.24486095932346214,0.4537197649316883,-0.7042117626935867
1.0,0.10126652719734663,0.10126652719734663,0.42341294863810897,-0.7013424867317007
1.0,0.20209365981814376,0.20209365981814376,0.38334248499406953,-0.6744709559029892
1.0,0.08892805089096886,0.08892805089096886,0.4261431680389389,-0.7030971811134641
1.0,0.17747024374625672,0.17747024374625672,0.38607270439489944,-0.6765825524102991

1.0,0.8231712539930442,0.8231712539930442,0.3845496263525543,-0.793967582186683

1.0,0.31646678148610574,0.31646678148610574,0.41594340103814376,0.43166813481813626
1.0,0.3753403683036043,0.3753403683036043,0.4287265130760308,0.4471981512419868
1.0,0.32678835657913324,0.32678835657913324,0.41859713286083444,0.4346502572082994
1.0,0.3784455316398382,0.3784455316398382,0.4315056110684794,0.45021162159368233
1.0,0.31942185488442343,0.31942185488442343,0.4160969271882322,0.4319503916984522
1.0,0.3756880653905018,0.3756880653905018,0.4288914814346304,0.44748114941692585
1.0,0.4140881533854844,0.4140881533854844,0.45998148604453704,0.3679243404764766
1.0,0.4962509512662716,0.4962509512662716,0.47909120601859867,0.3776404168976079
1.0,0.42464174147131284,0.42464174147131284,0.46277000341291163,0.3710973636928116
1.0,0.49673345972795635,0.49673345972795635,0.482039077836545,0.3808970172584254
1.0,0.416934760865426,0.416934760865426,0.4601507460625508,0.36819921347960494
1.0,0.495458756620254,0.495458756620254,0.47927450414450473,0.37792014330501156

1.0,0.2454764637325038,0.2454764637325038,0.5025267461557419,0.4620706045607381
1.0,0.307430415414171,0.307430415414171,0.5141878375726257,0.48549789226662243
0.9875,0.21619361721744348,0.21619361721744348,0.46098453042999243,0.437147747230333
0.9875,0.27814756889911063,0.27814756889911063,0.4726356079958021,0.4608967350875682
0.9875,0.22486372675587948,0.22486372675587948,0.5454064598508627,0.4356931880793422
0.9875,0.28681767843754663,0.28681767843754663,0.5570675512677464,0.4590571983452091

1.0,1.0,0.5,0.5298557782450218,-0.6994424076778359
1.0,0.5091224487417972,0.2545612243708986,0.5085814844749066,-0.812871354932179
1.0,0.544579332100698,0.272289666050349,0.5198592202510642,-0.7742884109886181
1.0,0.5855606783927687,0.29278033919638435,0.5287850926824761,-0.7244856224992363
1.0,1.0,0.5,0.43899312905560633,-0.7455847797932988
1.0,0.4899684901371711,0.24498424506858554,0.4212645509138435,-0.8578671032897145
1.0,0.5240914317738323,0.26204571588691616,0.4306626640606416,-0.8151908042023759
1.0,0.5635309976702829,0.28176549883514146,0.4381008910868182,-0.7639357129777893
1.0,1.0,0.5,0.4931717125014663,-0.7407195169024214
1.0,0.7132191973730276,0.3566095986865138,0.471897418731351,-0.849360610114601
1.0,0.7628900181217103,0.38144500906085516,0.4831751545075086,-0.8141589335056809
1.0,0.8202999456979352,0.4101499728489676,0.49210102693892055,-0.7584593021266464

1.0,0.19951072322583957,0.19951072322583957,0.41898426574564246,0.4528500662047471
1.0,0.31944770992802046,0.31944770992802046,0.5165079462701931,0.3808530811721862
1.0,0.24480522870109434,0.24480522870109434,0.45611366005950277,0.4490662353101932
1.0,0.2308683584805906,0.2308683584805906,0.41083206965984587,0.4959852440433053
1.0,0.3574816389787369,0.3574816389787369,0.5092002861481304,0.4171308753882509
1.0,0.2828391577518108,0.2828391577518108,0.44679686453287815,0.49182049366016467
1.0,0.272348318698304,0.272348318698304,0.3886430242579091,0.482134397101667
1.0,0.4004131685956208,0.4004131685956208,0.47964891815088445,0.40704014218146733
1.0,0.3329982476679062,0.3329982476679062,0.42948341107239685,0.4784877998156176

1.0,0.3507849512346297,0.5261774268519446,0.5897810855772507,0.5629409683185986
1.0,0.3977763385640685,0.3977763385640685,0.4093007025732026,0.3905863561654611
1.0,0.3460854727904658,0.5191282091856987,0.4443877810026226,0.5830615266517092
1.0,0.4092962048045131,0.4092962048045131,0.3984530592868422,0.41538336946258414
1.0,0.40086067137765724,0.6012910070664859,0.4514314217032995,0.577975365877892
1.0,0.4515988227052521,0.4515988227052521,0.3799989361227248,0.4163498410747975

1.0,0.1896344120844132,0.2844516181266198,0.43260510986478296,0.5121051037805575
1.0,0.33096014150494024,0.33096014150494024,0.42408473999904117,0.19246662397772785

0.9375,0.48340579085597857,0.48340579085597857,0.4349921843005986,0.4051062405688233
0.9375,0.3532762094895327,0.529914314234299,0.4418374618079776,0.5559224341399723

1.0,0.2744710637938229,0.2744710637938229,0.39487509300330437,0.5437542457869097
1.0,0.3674314298136068,0.1837157149068034,0.33311229410084336,-0.6238039614676315
1.0,0.29690240197246925,0.29690240197246925,0.4002074709238966,0.553022973848012
1.0,0.3188614590280689,0.3188614590280689,0.4139631229954024,0.537392988272767
1.0,0.4298098189505345,0.4298098189505345,0.43071690592719447,0.5651619644568742
1.0,0.34129279720671524,0.34129279720671524,0.41929550091599466,0.5461999131869795

1.0,0.6224647434256024,0.6224647434256024,0.45495413409918756,0.5576317621547027
1.0,0.6131253903731916,0.6131253903731916,0.4552087172031666,0.5573743163375625
1.0,0.478313784351855,0.478313784351855,0.40553497164226987,0.5078562802241495
1.0,0.4854680644351054,0.4854680644351054,0.4057612677346957,0.5076360697812433

0.9625,0.49114520650581445,0.24557260325290722,0.34765622226722076,-0.6718675996726513
0.9625,0.4046281439104444,0.2023140719552222,0.3617786610470188,-0.666435302926496
0.9625,0.3977695041972452,0.1988847520986226,0.36322686600710913,-0.6670075003435162

1.0,0.2232179446683752,0.1116089723341876,0.39064609051038574,-0.7672963903803949
1.0,0.2930222134154311,0.14651110670771555,0.40302074442271757,-0.649459135547825
1.0,0.21520128101972505,0.10760064050986252,0.36452157255908196,-0.6957345727532658

1.0,0.3473944718324378,0.5210917077486568,0.5516268566989667,0.553277921273628
1.0,0.33365264718135496,0.5004789707720324,0.6316700900644853,0.5541977425790463

0.9875,0.43282018731494964,0.21641009365747482,0.30091880388133146,-0.6753609927019126
0.9875,0.37970686236326284,0.18985343118163142,0.36174507890769386,-0.7265753492890507
0.9875,0.3001476055047725,0.15007380275238624,0.3262456868837795,-0.700352157402011

0.975,0.47182302688719663,0.707734540330795,0.5240138693769721,0.5978577016664309
0.975,0.4504993106033708,0.6757489659050562,0.49139763176433143,0.5952947061820627

1.0,0.3517065571384048,0.5275598357076072,0.38563105851097923,0.5300248788468025
1.0,0.42646115809171437,0.6396917371375715,0.6854963091294998,0.5158934513637908
1.0,0.38539921106963176,0.5780988166044476,0.46641025238634787,0.5295924786523437
1.0,0.37075187650464003,0.55612781475696,0.43434399774530763,0.5273921976777103
1.0,0.27066524309322043,0.4059978646398306,0.37404190525192965,0.5315553197217208
1.0,0.3821237047128336,0.5731855570692503,0.6667294791725015,0.5107823006492906
1.0,0.3410617576907509,0.5115926365361264,0.4478964066567112,0.519952300479078
1.0,0.32641442312575925,0.48962163468863884,0.41848292301762813,0.52934712219286

1.0,0.4100824912768628,0.4100824912768628,0.4400830275314462,0.34477624367891324
1.0,0.41925371438985065,0.41925371438985065,0.44175660196560607,0.34700231686150185
1.0,0.31635595526821014,0.31635595526821014,0.38945655714127325,0.45067562923524207
1.0,0.3229275766600298,0.3229275766600298,0.39092129237253803,0.45303662011255397
1.0,0.4755403892610542,0.4755403892610542,0.451187545459628,0.3598299563719579
1.0,0.48889041588367,0.48889041588367,0.4531002019558108,0.36197912872584703
1.0,0.36325967981584273,0.36325967981584273,0.3969103454405073,0.4649597174319865
1.0,0.3728256144195166,0.3728256144195166,0.39855817257568016,0.46724564004214
1.0,0.40107648299233467,0.40107648299233467,0.43761136141820023,0.34179639901341274
1.0,0.41106599499463,0.41106599499463,0.43928493585236017,0.3440499203829274
1.0,0.30805863791496113,0.30805863791496113,0.387092785044286,0.4482152862539712
1.0,0.31521660255712064,0.31521660255712064,0.3885575202755508,0.4506047241481578
1.0,0.47237476562075476,0.47237476562075476,0.4486094899081478,0.3568202653472975
1.0,0.48691592872785716,0.48691592872785716,0.4505221464043305,0.3589976719909469
1.0,0.3591472782793418,0.3591472782793418,0.3944617042759827,0.4624657262958196
1.0,0.3695667193243696,0.3695667193243696,0.39610953141115557,0.4647807541055152
1.0,0.39749500288289985,0.39749500288289985,0.4375528413516382,0.3415873630485542
1.0,0.40794742889207714,0.40794742889207714,0.43922641578579813,0.34384177504340546
1.0,0.30457699301873703,0.30457699301873703,0.38703942903305966,0.4479990977923918
1.0,0.3120666577572436,0.3120666577572436,0.3885041642643244,0.4503895425754749
1.0,0.47209724807603176,0.47209724807603176,0.4485426196277702,0.3566111964860409
1.0,0.4873122487116426,0.4873122487116426,0.4504552761239529,0.3587895181711037
1.0,0.358033081083445,0.358033081083445,0.39440168712553025,0.46225023905845153
1.0,0.36893535904808566,0.36893535904808566,0.39604951426070306,0.4645662852746968

1.0,0.22486372675587948,0.22486372675587948,0.5494971510880627,0.48275064422060787
1.0,0.2454764637325038,0.2454764637325038,0.5196060955668367,0.5026913272912896
1.0,0.23017911160099888,0.23017911160099888,0.5863120615243379,0.48149394584993965
1.0,0.2507918485776232,0.2507918485776232,0.555902044575372,0.501489552607367
1.0,0.28681767843754663,0.28681767843754663,0.5638912025706649,0.4995127374714121
1.0,0.307430415414171,0.307430415414171,0.5339482868499006,0.5189677505202204

1.0,0.5240914317738323,0.26204571588691616,0.4501792156801333,-0.8437018770663766
1.0,0.5470749546470667,0.27353747732353334,0.4556761633009159,-0.83466764264605
1.0,0.4899684901371711,0.24498424506858554,0.4399039660091374,-0.8460205964036777
1.0,0.5635309976702829,0.28176549883514146,0.4569902939571554,-0.8062295736553571
1.0,0.7034488646079805,0.7034488646079805,0.5298187873988797,0.7834697847103976
1.0,0.544579332100698,0.272289666050349,0.5408162221414256,-0.8098418761331005
1.0,0.6632311431535535,0.6632311431535535,0.7013778450468824,0.7816967458329009
1.0,0.5091224487417972,0.2545612243708986,0.5284859225362304,-0.835282752745118
1.0,0.6768221832103195,0.6768221832103195,0.7102912529575591,0.760504245365871
1.0,0.5573711261765356,0.8360566892648034,0.8880050356746833,0.7881612379461294
1.0,0.7628900181217103,0.38144500906085516,0.5017631434072308,-0.8708216990703282
1.0,0.7963458220487419,0.39817291102437097,0.50835948055217,-0.8263264158927968
1.0,0.7132191973730276,0.3566095986865138,0.48943284380203567,-0.8447614549434205
1.0,0.7062988861832404,0.7062988861832404,0.5996042796671711,0.7951774771846745
1.0,0.7961489133342728,0.7961489133342728,0.6046403171778567,0.7715768451176723

1.0,0.3129974489440499,0.3129974489440499,0.4492826928352782,0.3250411230290974
1.0,0.26869688729289576,0.26869688729289576,0.41079960594810555,0.356232490156259
1.0,0.2526719720909272,0.2526719720909272,0.3946317818611595,0.3802647064636507
1.0,0.2316736971304778,0.2316736971304778,0.3866738469491945,0.3861180824164485
1.0,0.4004131685956208,0.4004131685956208,0.4611249195318203,0.3052458683268443
1.0,0.3510162065730378,0.3510162065730378,0.4226418326446476,0.3344867100759408
1.0,0.3329982476679062,0.3329982476679062,0.40647400855770155,0.3579721077544475
1.0,0.30930896682652176,0.30930896682652176,0.3985160736457365,0.363133341435127
1.0,0.3823149222562404,0.3823149222562404,0.5030259617912239,0.3010822656990011
1.0,0.32779744852335335,0.32779744852335335,0.4568462575266168,0.33002865628819084
1.0,0.3076724410293143,0.3076724410293143,0.4374448686222815,0.35343489277643264
1.0,0.2810929282301581,0.2810929282301581,0.4278953467279234,0.3584961094887196

1.0,0.5698053736792719,0.5698053736792719,0.5711263250463469,0.3353659122206256
1.0,0.4929720923847742,0.4929720923847742,0.48744207882107926,0.4090789053950066
1.0,0.6418970919359155,0.6418970919359155,0.5272256901087848,0.3255274644074688
1.0,0.5084192327599425,0.5084192327599425,0.44588078272865905,0.4039808928729004
1.0,0.5969681633043922,0.5969681633043922,0.5938316211958302,0.31589188179169014
1.0,0.512435534410206,0.512435534410206,0.5007137783960305,0.39451129500387433
1.0,0.583922297799916,0.583922297799916,0.4976084385947974,0.33435149931546965
1.0,0.4552848437982381,0.4552848437982381,0.423865572993517,0.4080096549975062
1.0,0.6624462935547439,0.6624462935547439,0.48206099927843515,0.3244712723055797
1.0,0.4755899647888267,0.4755899647888267,0.40826271043007256,0.4028918938975212
1.0,0.613508647366715,0.613508647366715,0.5201578183769815,0.31480571433668525
1.0,0.4764848828032523,0.4764848828032523,0.4395233143068634,0.39339009403187203
1.0,0.5919083794819804,0.5919083794819804,0.4968746698115376,0.333419428919828
1.0,0.47428935089260094,0.47428935089260094,0.4232388488930079,0.40700816484652
1.0,0.6740711773627676,0.6740711773627676,0.48124420371704946,0.32350133888673704
1.0,0.496540775811243,0.496540775811243,0.40757288765849675,0.40187047932378595
1.0,0.6228657605489996,0.6228657605489996,0.5193091593263327,0.3138119370588481
1.0,0.49647179974902833,0.49647179974902833,0.4388008693915183,0.39234264588349094

1.0,0.2702118677022138,0.2702118677022138,0.3503530291644711,0.21006187792432446

0.975,0.31762926935037905,0.4764439040255686,0.391807550904316,0.6077572672787618
0.975,0.3452919188414167,0.517937878262125,0.4463817889260227,0.5865258422781698

1.0,0.3996371274576494,0.3996371274576494,0.5502528653221881,0.632574227042216
1.0,0.3500090878081911,0.3500090878081911,0.4944567710881361,0.6663869701708512
1.0,0.2633350051577304,0.2633350051577304,0.420410842003094,0.6705953996356913
1.0,0.44956146550422144,0.44956146550422144,0.5341736895236451,0.5942324821632904
1.0,0.39993342585476316,0.39993342585476316,0.4970039821643469,0.6058273519687081
1.0,0.35800816480283776,0.35800816480283776,0.4795718252175407,0.6392193738291492
1.0,0.4206525040438419,0.4206525040438419,0.5563097155239078,0.6249618424696104
1.0,0.37102446439438364,0.37102446439438364,0.5006613493435563,0.6582926749675609
1.0,0.27912512490550073,0.27912512490550073,0.42329070285372294,0.668101606349434
1.0,0.4749304133194256,0.4749304133194256,0.5921135827424215,0.5754989492837828
1.0,0.4253023736699673,0.4253023736699673,0.5036873855289414,0.6064323605067428
1.0,0.3833771126180419,0.3833771126180419,0.48420119792505956,0.63472144392829
1.0,0.3965466812670734,0.3965466812670734,0.4753665167646506,0.6414112814652241
1.0,0.3420292075341863,0.3420292075341863,0.43038795497974125,0.6757381328122201
1.0,0.25660302231042115,0.25660302231042115,0.3639373334536354,0.6727233648168541
1.0,0.44093707650131936,0.44093707650131936,0.47076595597773974,0.5950777392097805
1.0,0.3864196027684323,0.3864196027684323,0.44103019009030126,0.6063568317289703
1.0,0.33971508247523696,0.33971508247523696,0.4211949733241922,0.619186550230476

1.0,0.5966163007312848,0.5966163007312848,0.45197393902143507,0.590235081511963
1.0,0.537343399274038,0.537343399274038,0.431020228636738,0.5529250890506611
1.0,0.6224647434256024,0.6224647434256024,0.4025122545580982,0.5897656343195993
1.0,0.47728053345045124,0.47728053345045124,0.38613318411123954,0.5520412337440965

0.975,0.2970418466779586,0.4455627700169379,0.7697829470030705,0.7339827878324284

1.0,0.3017243101357802,0.3017243101357802,0.6117487324953528,0.6649629718718839
1.0,0.30324195709182095,0.30324195709182095,0.6098783140274321,0.6734900989099134
1.0,0.22111505308632218,0.22111505308632218,0.5073671301811171,0.766922740929491

1.0,0.5087803676014362,0.5087803676014362,0.4097452306895866,0.34483405323511407

0.9375,0.3506067469642898,0.5259101204464347,0.5960169495339795,0.8065899587435033
0.9375,0.3015353017419315,0.4523029526128972,0.4911749294802692,0.7887756409833573
0.9375,0.23671700570494178,0.35507550855741266,0.40575860113930107,0.7883028944826127

0.975,0.6557499780695824,0.6557499780695824,0.36351189823175645,0.17940057860923164
0.975,0.5341880070018057,0.5341880070018057,0.3433103706817132,0.17509077969067066

1.0,0.6103210677396357,0.6103210677396357,0.6681056556013789,0.20195795998768426
1.0,0.5553205654249981,0.5553205654249981,0.6060530103336599,0.21928766193018878
1.0,0.4653227763897557,0.4653227763897557,0.48973451552320446,0.22825814368513403
1.0,0.6144254028217556,0.6144254028217556,0.67636114505495,0.20619118476429055
1.0,0.559424900507118,0.559424900507118,0.6145217048335987,0.2213010062689335
1.0,0.5144791303497769,0.5144791303497769,0.4960860363981586,0.23068975972155056

1.0,0.37325090632182667,0.37325090632182667,0.4995097457927554,0.4885096540281605
1.0,0.35192582838932923,0.35192582838932923,0.594112667402169,0.4645712147835578
1.0,0.3905473540940553,0.3905473540940553,0.5003261856094515,0.4892158556575264
1.0,0.3426761325494004,0.3426761325494004,0.5013670011030507,0.49013761340930706
1.0,0.3684235054136001,0.3684235054136001,0.45895748384247,0.5005202867273162
1.0,0.3495642823050974,0.3495642823050974,0.5482722200234091,0.4753130441970518
1.0,0.38549625141774035,0.38549625141774035,0.4597338038903691,0.5012142040093073
1.0,0.3382441672266686,0.3382441672266686,0.46071289422553036,0.5021179785124161

1.0,0.2304096720707463,0.2304096720707463,0.4777742595291218,0.531653135587148
1.0,0.21940523480798346,0.21940523480798346,0.40299376369799145,0.5287898126529001
1.0,0.2039517801639975,0.2039517801639975,0.5181693732094292,0.5369263040441588
1.0,0.21107401981735696,0.21107401981735696,0.43909843112005104,0.5342668382999881
1.0,0.20819719897395716,0.20819719897395716,0.5203730831258234,0.5270283152638872
1.0,0.21484531584428077,0.21484531584428077,0.44075121355734664,0.5243450671206813
1.0,0.2204156088721854,0.2204156088721854,0.5281665434406846,0.5130649208195625
1.0,0.20816919038050685,0.20816919038050685,0.45310413021963464,0.5100317821974554
1.0,0.18346733820176564,0.18346733820176564,0.5810205374740849,0.5178976678586535
1.0,0.1712159539297805,0.1712159539297805,0.5015737055314806,0.5150592244956439
1.0,0.18969577098182366,0.18969577098182366,0.583224247390479,0.5080840151265903
1.0,0.17720472166513945,0.17720472166513945,0.5032264879687762,0.5052236008554836

1.0,0.36064550497091646,0.18032275248545823,0.3680539157007113,-0.6555493435722826
1.0,0.5957139875530437,0.29785699377652186,0.475008218572823,-0.644736606206281

1.0,0.3823149222562404,0.3823149222562404,0.5574139803029939,0.3538501865620468
1.0,0.3395648501436562,0.3395648501436562,0.6351445057559224,0.353605502609166
1.0,0.32779744852335335,0.32779744852335335,0.5192714826303023,0.3784818524182686
1.0,0.28993681049419795,0.28993681049419795,0.5874663836650579,0.3782643683979725
1.0,0.2810929282301581,0.2810929282301581,0.4825916686643871,0.4175005408285963
1.0,0.24801154944227255,0.24801154944227255,0.5416166162076639,0.4173203615212284
1.0,0.3129974489440499,0.3129974489440499,0.48511833222712664,0.3686184317616783
1.0,0.277209191378884,0.277209191378884,0.5379564345629605,0.36838007224039726
1.0,0.26869688729289576,0.26869688729289576,0.4533329174998836,0.3940162230765758
1.0,0.2373533040437041,0.2373533040437041,0.4998139368902689,0.39380516159362416
1.0,0.2316736971304778,0.2316736971304778,0.4227664058616209,0.4335418664899171
1.0,0.20427013921757325,0.20427013921757325,0.46313412292435363,0.4333682550435367
1.0,0.4004131685956208,0.4004131685956208,0.5056826999763042,0.3521883827741108
1.0,0.3545588357954357,0.3545588357954357,0.5580229510197421,0.3519413038181383
1.0,0.3510162065730378,0.3510162065730378,0.47389728524906116,0.37667415238180524
1.0,0.30990449528194464,0.30990449528194464,0.5198804533470505,0.37645418196234226
1.0,0.30930896682652176,0.30930896682652176,0.4433307736107985,0.41555601771637735
1.0,0.27256269770202046,0.27256269770202046,0.4832006393811352,0.4153731836488562

1.0,0.3554322454752835,0.3554322454752835,0.3939774562781284,0.48391722967297635
1.0,0.5269201525189005,0.5269201525189005,0.442219274949746,0.4197714023915351
1.0,0.3607081205673619,0.3607081205673619,0.3930340451405334,0.4843832371306379
1.0,0.5342830580639364,0.5342830580639364,0.4411710403524182,0.42021969493792743
1.0,0.3295508802559832,0.3295508802559832,0.36300175167128557,0.4833583940346758
1.0,0.5322647546705495,0.5322647546705495,0.40606901350040736,0.41919466480952633
1.0,0.33507123941075867,0.33507123941075867,0.3620583405336905,0.483823964407297
1.0,0.5399688572737963,0.5399688572737963,0.4050207789030796,0.419642429135475
1.0,0.3849138005382288,0.3849138005382288,0.3871776836665871,0.5162322966210671
1.0,0.5680640199268246,0.5680640199268246,0.4346639720480334,0.4519089772123896
1.0,0.39207176518038833,0.39207176518038833,0.3862342725289921,0.5168231587706331
1.0,0.57805353192912,0.57805353192912,0.43361573745070564,0.4524829898495404
1.0,0.3603986106416232,0.3603986106416232,0.35620197905974427,0.5157051373138917
1.0,0.5753152289793959,0.5753152289793959,0.3985137105986948,0.451361752828001
1.0,0.3678882753801298,0.3678882753801298,0.35525856792214927,0.5162957614843787
1.0,0.5857676549885731,0.5857676549885731,0.397465476001367,0.451935434988343
1.0,0.4360024409026095,0.4360024409026095,0.39025462530007504,0.5137458782830199
1.0,0.6393623025552447,0.6393623025552447,0.44019852179798724,0.4487545058136991
1.0,0.4464218819476373,0.4464218819476373,0.38920639070274726,0.5144474486581792
1.0,0.6539034656623471,0.6539034656623471,0.4390192578759935,0.449434649791387
1.0,0.4138546987063312,0.4138546987063312,0.359254758031271,0.5131956836893532
1.0,0.6499174741725278,0.6499174741725278,0.4040180570211971,0.44818281633776635
1.0,0.42475697667097184,0.42475697667097184,0.3582065234339432,0.5138970950020506
1.0,0.6651324748081386,0.6651324748081386,0.40283879309920334,0.4488626782274519

1.0,0.20955194668774516,0.31432792003161775,0.53761729530206,0.5446663348473495
1.0,0.26904356383977185,0.40356534575965775,0.5571557674552956,0.5249700088073708
1.0,0.1896344120844132,0.2844516181266198,0.4084124554685593,0.5330597138259705
1.0,0.22064009433662682,0.33096014150494024,0.5026193724111371,0.5277078046241683

1.0,0.2861922121064738,0.42928831815971064,0.3953525834907339,0.43159159022412774
1.0,0.3157858089293044,0.4736787133939566,0.4108492211218273,0.46927978848781343

1.0,0.34333114930040504,0.34333114930040504,0.5414531338404864,0.48342906179172906
1.0,0.24869054188200335,0.373035812823005,0.6191847435237602,0.5750110664027611
1.0,0.35487297271715024,0.35487297271715024,0.47684995258478924,0.4914651881224472
1.0,0.261038093327411,0.3915571399911165,0.5657402843453619,0.5718975677255645
1.0,0.24210915527432267,0.24210915527432267,0.45224549026448,0.5416131012190512
1.0,0.27452116005338795,0.27452116005338795,0.46755300724678217,0.5586105365014591
1.0,0.26376877094805123,0.26376877094805123,0.40251024960478377,0.5491088155579773
1.0,0.3047542626798291,0.3047542626798291,0.4175714838134577,0.5633514175609509

1.0,0.4898983974219098,0.4898983974219098,0.5549539133575366,0.5902341676328109
1.0,0.557789825303246,0.278894912651623,0.4554763627433467,-0.601055965137786

0.95,0.3428123087692243,0.17140615438461215,0.3765719106739765,-0.6378171073948236
0.95,0.49114520650581445,0.24557260325290722,0.34578000264066955,-0.6562712187415944

0.95,0.27958295068367095,0.13979147534183547,0.41101473093825996,-0.6081588524272333
1.0,0.3017243101357802,0.3017243101357802,0.5942789003919158,0.5981236684248868
1.0,0.2232179446683752,0.1116089723341876,0.36676446335228874,-0.8049171767024839

1.0,0.5003560213267297,0.5003560213267297,0.44911952928351456,0.4938380673118715
1.0,0.4931460055162319,0.4931460055162319,0.47883004282446073,0.517865511908462
1.0,0.47743939983450556,0.47743939983450556,0.5397283269224442,0.5159372875574101

1.0,0.6721133785296066,0.3360566892648033,0.6,-0.6573074976534458
1.0,0.554133814196953,0.2770669070984765,0.46789814944518104,-0.7060644798882154

1.0,0.48675987758853534,0.730139816382803,0.5475019484059857,0.5895383215245578
1.0,0.4620891124128732,0.6931336686193098,0.531287426090865,0.6064987816061307
1.0,0.7452175064360973,0.7452175064360973,0.5065511046879527,0.4150742558879229

1.0,0.6144254028217556,0.6144254028217556,0.6443047130448242,0.4537278311885279
1.0,0.4416989600534953,0.4416989600534953,0.5198349403491688,0.5386299978794504

1.0,0.5470749546470667,0.5470749546470667,0.5871336253460195,-0.7496875160091105
1.0,0.5635309976702829,0.5635309976702829,0.5868739357199878,-0.7097575485980627
1.0,1.0,1.0,0.5833502151724069,-0.6746428683207432
1.0,0.4899684901371711,0.4899684901371711,0.5648348709270129,-0.7466209944579434
1.0,0.39200545342705123,0.39200545342705123,0.5102762135162736,-0.8098892915797233
1.0,0.4037969978070943,0.4037969978070943,0.5100536224082463,-0.7635975792409575
1.0,1.0,1.0,0.5070332905103198,-0.7247024332427023
1.0,0.3510859316619591,0.3510859316619591,0.4911629954428393,-0.822325934243447
1.0,0.41251583661539604,0.41251583661539604,0.5095444417907669,-0.7466597811114959
1.0,0.42492433438601757,0.42492433438601757,0.5093218506827396,-0.7043988876090823
1.0,1.0,1.0,0.5063015187848132,-0.6674804842472568
1.0,0.3694553368002574,0.3694553368002574,0.4904312237173326,-0.7457988909254789
1.0,0.29558738926840533,0.29558738926840533,0.45199285438414566,-0.8113451535079146
1.0,0.30447867327547357,0.30447867327547357,0.4517980871646219,-0.7618798989469926
1.0,1.0,1.0,0.4491552967539362,-0.7207085905173952
1.0,0.2647324751264874,0.2647324751264874,0.43526878856989076,-0.8260935260467477
1.0,0.22012353184643907,0.22012353184643907,0.7037834101736126,-0.7170522976040116
1.0,0.2267448591064746,0.2267448591064746,0.7035237205475809,-0.679658897128216
1.0,1.0,1.0,0.7,-0.6476879050574846
1.0,0.19714591871974949,0.19714591871974949,0.6814846557546059,-0.72091539601172
1.0,0.15772907200092015,0.15772907200092015,0.6102617433684961,-0.7709085371982551
1.0,0.16247357067118667,0.16247357067118667,0.610039152260469,-0.7304918662504527
1.0,1.0,1.0,0.6070188203625424,-0.6952322466933052
1.0,0.14126450973959306,0.14126450973959306,0.5911485252950619,-0.7860269706742387
1.0,0.5273128512759427,0.5273128512759427,0.563687748747724,-0.7476370537601102
1.0,0.5431744492043104,0.5431744492043104,0.5634280591216924,-0.7057024579861493
1.0,1.0,1.0,0.5599043385741115,-0.6688339090327753
1.0,0.47226925556531796,0.47226925556531796,0.5413889943287173,-0.7448903783371237
1.0,0.3778449581843702,0.3778449581843702,0.4901797478605916,-0.8112788441032619
1.0,0.3892105541327327,0.3892105541327327,0.48995715675256446,-0.762276306714792
1.0,1.0,1.0,0.48693682485463796,-0.7212245502933401
1.0,0.3384035808895186,0.3384035808895186,0.47106652978715746,-0.8254289274032027
1.0,0.4005481955366227,0.4005481955366227,0.5944516335834876,-0.6669512671871964
1.0,0.41259670604260007,0.41259670604260007,0.594191943957456,-0.6215771174902402
1.0,0.5,1.0,0.6520190708758334,0.582609291972864
1.0,0.35873693892797115,0.35873693892797115,0.5721528791644811,-0.6713718235625203
1.0,0.28701200023316187,0.28701200023316187,0.5165487920055319,-0.7270537732524789
1.0,0.29564533609307764,0.29564533609307764,0.5163262008975047,-0.6805928339332223
1.0,1.0,1.0,0.5133058689995783,-0.6367414223570782
1.0,0.25705222878684697,0.25705222878684697,0.4974355739320977,-0.7448931954149075

1.0,0.3467514137627158,0.3467514137627158,0.4044246259607288,-0.7373793210769259
1.0,0.4711100920806148,0.4711100920806148,0.40155915686943855,-0.7969599591069076

1.0,0.3812560139742476,0.3812560139742476,0.44302407893296797,-0.6156172349000086
1.0,0.5709827876863941,0.5709827876863941,0.5182593938150668,-0.6363196732882033
1.0,0.28698314465178587,0.28698314465178587,0.4507306874412825,-0.6838443745273619
1.0,1.0,1.0,0.49447458408707884,-0.6505488188634447
1.0,1.0,1.0,0.58,-0.6627421549828085
1.0,0.5026126020621976,0.5026126020621976,0.5124712936262156,-0.7263332237546972
1.0,0.5001110332673019,0.5001110332673019,0.4817205955346243,-0.6347003178758966
1.0,0.748984360800077,0.748984360800077,0.5646952137370546,-0.6514878012581096
1.0,0.3764489784856186,0.3764489784856186,0.4971665073632701,-0.7090842211664514

1.0,0.4288299488274427,0.4288299488274427,0.37274541849560805,-0.6961392572625678

1.0,0.4120100665345933,0.4120100665345933,0.5026627809415819,-0.7006468990283936
1.0,0.2986165174547675,0.2986165174547675,0.4386064375799643,-0.6775837236248334
1.0,0.31457989782121926,0.31457989782121926,0.4415446042963215,-0.6902992855070706
1.0,0.22800111254262712,0.22800111254262712,0.38549530385490605,-0.6663007446839442
1.0,0.20708145161677113,0.20708145161677113,0.3863937430592145,-0.6214286699097655

1.0,1.0,1.0,0.4769283171506609,-0.7279606671692221
1.0,1.0,1.0,0.3987266378408115,-0.7274029877251353

1.0,0.5913931538586913,0.5913931538586913,0.4957587869388711,0.12585188555381938
1.0,0.5626146319538105,0.5626146319538105,0.4945743157972512,0.12178861562048332
1.0,0.36312137652110277,0.5446820647816542,0.45079681026920065,0.5035727857772478
1.0,0.34775276014802176,0.5216291402220327,0.44901779643920947,0.5009151422609149
1.0,0.5209832191594617,0.5209832191594617,0.5763922878032496,0.10312734401581432
1.0,0.48832662527092474,0.48832662527092474,0.5749116988762248,0.09909224069913924
1.0,0.3119850274240273,0.46797754113604095,0.5412112174971506,0.48878332699973626
1.0,0.29454540126173623,0.44181810189260434,0.5389049027000155,0.4860860227553291

1.0,0.3122011660567198,0.3122011660567198,0.5713818399160484,0.47592506433516796
1.0,0.3328139030333442,0.3328139030333442,0.5503033618988513,0.4869254467796834
1.0,0.30795574724676017,0.30795574724676017,0.570408294623096,0.47912861393147793
1.0,0.24829879124770562,0.24829879124770562,0.5986613109716068,0.4535045509384701
1.0,0.26891152822432995,0.26891152822432995,0.5775828329544097,0.4645351466846296
1.0,0.24405337243774594,0.24405337243774594,0.5976877656786544,0.45667582136265295
1.0,0.24230171657582683,0.24230171657582683,0.5512982066221306,0.45257520395629697
1.0,0.2629144535524512,0.2629144535524512,0.5302197286049335,0.46362210278470106
1.0,0.23805629776586718,0.23805629776586718,0.5503246613291782,0.4557437531650454

1.0,0.5922978266685457,0.29614891333427285,0.5488233686943178,-0.7872900880004114
1.0,0.7132191973730276,0.3566095986865138,0.4657173088100144,-0.7837783035403487
1.0,0.2539938685933799,0.12699693429668996,0.4936008824252868,-0.7976323769700089
1.0,0.3058483332865839,0.15292416664329195,0.43354958023320583,-0.7610128925463805
1.0,0.17520433487976328,0.08760216743988164,0.5434557058219617,-0.7633887482412682
1.0,0.21097341484784474,0.10548670742392237,0.47509526639710153,-0.7702385048112614
1.0,0.426550884622297,0.2132754423111485,0.46567088108816784,-0.7973306173407277
1.0,0.5136339622926149,0.25681698114630747,0.41027457911893994,-0.7786457014528185
1.0,0.40689772921596096,0.20344886460798048,0.46872691477766926,-0.7712568864590679
1.0,0.4899684901371711,0.24498424506858554,0.41282127386019124,-0.7697776357818615

1.0,0.2822604691828396,0.42339070377425936,0.5697358622448117,0.5541275561934023
1.0,0.21477913983211797,0.32216870974817696,0.4907743983373733,0.5839969990541594
1.0,0.23249881503155545,0.3487482225473332,0.4954562123043913,0.5804161007693052
1.0,0.21296513995201363,0.31944770992802046,0.5708922377792849,0.5369228514213389
1.0,0.15656827277858434,0.23485240916787653,0.4919307738718465,0.5664973945074097
1.0,0.16320348580072955,0.24480522870109434,0.49661258783886447,0.5628860682429377
1.0,0.21697077956680264,0.32545616935020394,0.6317795246735822,0.5210191824421041
1.0,0.17933582686121463,0.26900374029182195,0.5495589085822792,0.5500710886353312
1.0,0.18526737113510042,0.27790105670265064,0.5542703247357522,0.5464510519978835
1.0,0.23832109265249127,0.3574816389787369,0.5434159683915906,0.5640065387055169
1.0,0.17083976330176967,0.2562596449526545,0.4667824703297699,0.5950323561822963
1.0,0.18855943850120718,0.2828391577518108,0.4714431398778913,0.5914097030109194

1.0,0.33209816254453994,0.4981472438168099,0.43475501415394135,0.5983115669200462
1.0,0.4084667097574653,0.612700064636198,0.5704984326187734,0.5280177884702726
1.0,0.3166601880310485,0.4749902820465728,0.46998558220222275,0.5864342071577575
1.0,0.3699517552515455,0.5549276328773183,0.6654842587798391,0.539669601347621
1.0,0.3162781559615519,0.4744172339423278,0.5041982575305733,0.5903716466954668
1.0,0.30795727612708157,0.46193591419062235,0.7074570724290542,0.5281692554626692
1.0,0.415970641844737,0.415970641844737,0.4976444707074817,0.433783637544342
1.0,0.34666667727327044,0.5200000159099056,0.5563194576854974,0.5626865369239447

1.0,0.3176172832392135,0.3176172832392135,0.409987445235401,0.2398725484559619
1.0,0.27663179150743566,0.27663179150743566,0.40011279828763135,0.2467697885560074

0.9,0.6201317646848097,0.6201317646848097,0.5926394112804694,0.5714950091419385
0.9,0.5259631039175713,0.5259631039175713,0.453130816445374,0.5669631425695119
0.9,0.42855845779273866,0.21427922889636933,0.3569071329543409,-0.6502563982543202
0.9,0.4268576541841874,0.2134288270920937,0.3499688505403494,-0.6626965814978876

1.0,0.2724223460591736,0.2724223460591736,0.3796211324532034,0.5432650235324161
1.0,0.22919545881099368,0.22919545881099368,0.4253540978834269,0.5508076663817247
1.0,0.2703609105540445,0.2703609105540445,0.37918781479215025,0.5427890961638348

1.0,0.6043169687106273,0.6043169687106273,0.4576964443304101,0.45675594236186784
1.0,0.5111839600306014,0.5111839600306014,0.47689898099214323,0.43427345466178036

1.0,0.3954884689191139,0.19774423445955694,0.3690521682488782,-0.6381348734072879
1.0,0.4883287021461204,0.2441643510730602,0.3469449303346679,-0.615561634431414

1.0,0.2978083255451988,0.1489041627725994,0.4189382243306047,-0.6861392817383147
1.0,0.27958295068367095,0.13979147534183547,0.42444181782943674,-0.6774229095044736
1.0,0.2232179446683752,0.1116089723341876,0.4179123762316543,-0.7898345896505162

1.0,0.2722130915228487,0.4083196372842731,0.5750173812132969,0.49660390125800125
1.0,0.3317829738551334,0.49767446078270006,0.6423013993151628,0.4859892608885483
1.0,0.2591601526974288,0.3887402290461432,0.5311955352356802,0.4973376834737899
1.0,0.3317829738551334,0.49767446078270006,0.5938781057542878,0.48685042505992104
1.0,0.2704911101192349,0.4057366651788523,0.5967781035678078,0.48428700386149737
1.0,0.3317829738551334,0.49767446078270006,0.6640621216696737,0.4738548287583959

1.0,0.48363580506581083,0.48363580506581083,0.6420389840021773,0.36180740348981316
1.0,0.23577817091837708,0.35366725637756563,0.4311952360833939,0.5969223210429621
1.0,0.4664535483307857,0.4664535483307857,0.6460942521561504,0.3723187569114461
1.0,0.42307971377681414,0.42307971377681414,0.6034713561177993,0.4198223707169758

1.0,0.5090879351762608,0.5090879351762608,0.36535059510323475,0.4717539935364923

1.0,0.46158652496982505,0.46158652496982505,0.6251999148729244,0.19453627750546912
1.0,0.4119584853203668,0.4119584853203668,0.5753523595021202,0.20862076332389162
1.0,0.42322911970693117,0.42322911970693117,0.5334164328808472,0.21980123686888148
