Scene,folder,p,q,rep,jac_mean,Precision_mean,Recall_mean,CC_mean,Conf_mean,jac_median,Precision_median,Recall_median,CC_median,Conf_median
S5,6_7,"[0.4, 0.6]","[0, 1]",1,1.0,0.5275598357076072,0.5275598357076072,0.37490416216047173,0.5613001025132728,1.0,0.5275598357076072,0.5275598357076072,0.37490416216047173,0.5613001025132728
S5,6_7,"[0.4, 0.6]","[0, 1]",2,1.0,0.47713843835826497,0.47713843835826497,0.3785202939868058,0.5023753902356066,1.0,0.47713843835826497,0.47713843835826497,0.3785202939868058,0.5023753902356066
S5,6_7,"[0.4, 0.6]","[0, 1]",3,1.0,0.5262311566911073,0.5262311566911073,0.35534327726642156,0.5353731484585189,1.0,0.5275598357076072,0.5275598357076072,0.37490416216047173,0.5613001025132728
S5,6_7,"[0.4, 0.6]","[0, 1]",4,1.0,0.5450331320628689,0.5450331320628689,0.3249989933494546,0.5138009564326699,1.0,0.5644994469428803,0.5644994469428803,0.3419467029930624,0.5051922414341978
S5,6_7,"[0.4, 0.6]","[0, 1]",5,1.0,0.5417582832266694,0.5417582832266694,0.31141319003695284,0.49120168110577483,1.0,0.5286588878818719,0.5286588878818719,0.3089892438256531,0.4490843803551229
S5,6_7,"[0.4, 0.6]","[0, 1]",6,1.0,0.5275942754208628,0.5275942754208628,0.299858146922603,0.5149699816227115,1.0,0.5281093617947396,0.5281093617947396,0.2830296103062994,0.5051922414341978
S5,6_7,"[0.4, 0.6]","[0, 1]",7,1.0,0.5381435301004757,0.5381435301004757,0.29954209370822316,0.5238993287468924,1.0,0.5286588878818719,0.5286588878818719,0.2976457744219442,0.5613001025132728
S5,6_7,"[0.4, 0.6]","[0, 1]",8,1.0,0.5117518514384984,0.5117518514384984,0.29975371088224856,0.5086659496867809,1.0,0.5281093617947396,0.5281093617947396,0.29944040276118533,0.5051922414341978
S5,6_7,"[0.4, 0.6]","[0, 1]",9,1.0,0.5075976212743265,0.5075976212743265,0.3102365544953168,0.4964218750445921,1.0,0.5275598357076072,0.5275598357076072,0.30123503110042643,0.4490843803551229
S5,6_7,"[0.4, 0.6]","[0, 1]",10,1.0,0.5149772611756896,0.5149772611756896,0.3052025391331892,0.4992704344862579,1.0,0.5281093617947396,0.5281093617947396,0.29944040276118533,0.4869959249081866
S5,6_7,"[0.4, 0.6]","[0, 1]",11,1.0,0.5162592431974449,0.5162592431974449,0.3094986149456631,0.48752264442552035,1.0,0.5286588878818719,0.5286588878818719,0.30123503110042643,0.4490843803551229
S5,6_7,"[0.4, 0.6]","[0, 1]",12,1.0,0.5244397564994707,0.5244397564994707,0.3182879795999235,0.49506914159005483,1.0,0.5288689756484345,0.5288689756484345,0.3051121374630398,0.4869959249081866
S5,6_7,"[0.4, 0.6]","[0, 1]",13,1.0,0.5303627797055233,0.5303627797055233,0.30831264730571306,0.49958749672563124,1.0,0.5290790634149971,0.5290790634149971,0.30123503110042643,0.5249074694612503
S5,6_7,"[0.4, 0.6]","[0, 1]",14,1.0,0.5252266241645397,0.5252266241645397,0.3096444290201254,0.5048608530833893,1.0,0.5288689756484345,0.5288689756484345,0.3051121374630398,0.5393576139068991
S5,6_7,"[0.4, 0.6]","[0, 1]",15,1.0,0.5244710851351041,0.5244710851351041,0.310971352076378,0.4936591507616073,1.0,0.5286588878818719,0.5286588878818719,0.3089892438256531,0.5249074694612503
S5,6_7,"[0.4, 0.6]","[0, 1]",16,1.0,0.5277306880168445,0.5277306880168445,0.3106705360449275,0.49547712116380765,1.0,0.5288689756484345,0.5288689756484345,0.30757376969941164,0.5238270733290316
S5,6_7,"[0.4, 0.6]","[0, 1]",17,0.9970588235294118,0.5330114295529296,0.5330114295529296,0.3088833415321298,0.4987208779546055,1.0,0.5290790634149971,0.5290790634149971,0.3061582955731702,0.5249074694612503
S5,6_7,"[0.4, 0.6]","[0, 1]",18,0.9972222222222222,0.538938113307632,0.538938113307632,0.3041134874799987,0.5043990485373925,1.0,0.5528518973289738,0.5528518973289738,0.30369666333679834,0.5377642280343107
S5,6_7,"[0.4, 0.6]","[0, 1]",19,0.9973684210526316,0.5442409356144708,0.5442409356144708,0.30872614676182,0.5056363059036038,1.0,0.5766247312429504,0.5766247312429504,0.3061582955731702,0.527906938495408
S5,6_7,"[0.4, 0.6]","[0, 1]",20,0.9974999999999999,0.5476933556240476,0.5476933556240476,0.31178543753745014,0.5059063951192494,1.0,0.579009375765454,0.579009375765454,0.30757376969941164,0.5264072039783292
S5,6_7,"[0.4, 0.6]","[0, 1]",21,0.9976190476190476,0.5502526747932908,0.5502526747932908,0.3060081181073097,0.508285458480737,1.0,0.5813940202879576,0.5813940202879576,0.3061582955731702,0.527906938495408
S5,6_7,"[0.4, 0.6]","[0, 1]",22,0.9977272727272727,0.5525793285835118,0.5525793285835118,0.30170988749655797,0.5077960504655635,1.0,0.5914165392330556,0.5914165392330556,0.30369666333679834,0.5264072039783292
S5,6_7,"[0.4, 0.6]","[0, 1]",23,0.9978260869565218,0.5552188941149246,0.5552188941149246,0.3014082465426115,0.5057148710150287,1.0,0.6014390581781536,0.6014390581781536,0.30123503110042643,0.5249074694612503
S5,6_7,"[0.4, 0.6]","[0, 1]",24,0.9979166666666667,0.5538845484989157,0.5538845484989157,0.30251953806157966,0.5078165954116327,1.0,0.5914165392330556,0.5914165392330556,0.30369666333679834,0.5264072039783292
S5,6_7,"[0.4, 0.6]","[0, 1]",25,0.998,0.5551498753471411,0.5551498753471411,0.3029951520492555,0.5082987798816697,1.0,0.5855177197045525,0.5855177197045525,0.3061582955731702,0.5249074694612503
S5,6_7,"[0.4, 0.6]","[0, 1]",26,0.9980769230769231,0.5573860084417129,0.5573860084417129,0.3037168020609935,0.5043992292809775,1.0,0.5934783889413531,0.5934783889413531,0.30757376969941164,0.5238270733290316
S5,6_7,"[0.4, 0.6]","[0, 1]",27,0.9981481481481481,0.5594565020477978,0.5594565020477978,0.30158206420296924,0.5043349617176349,1.0,0.6014390581781536,0.6014390581781536,0.3061582955731702,0.5227466771968127
S5,6_7,"[0.4, 0.6]","[0, 1]",28,0.9982142857142857,0.5613791032534482,0.5613791032534482,0.3028120963625464,0.503278611000433,1.0,0.6014390581781536,0.6014390581781536,0.30757376969941164,0.5213089421796847
S5,6_7,"[0.4, 0.6]","[0, 1]",29,0.9982758620689655,0.5627950295169825,0.5627950295169825,0.29945130051763497,0.5075200000938374,1.0,0.6014390581781536,0.6014390581781536,0.3061582955731702,0.5227466771968127
S5,6_7,"[0.4, 0.6]","[0, 1]",30,0.9983333333333333,0.5602501247419577,0.5602501247419577,0.29294877152549675,0.5108434440028735,1.0,0.6014390581781536,0.6014390581781536,0.30369666333679834,0.5238270733290316
S5,6_7,"[0.4, 0.6]","[0, 1]",31,0.9983870967741936,0.5541617233214351,0.5541617233214351,0.288643923606185,0.51950362461236,1.0,0.6014390581781536,0.6014390581781536,0.30123503110042643,0.5249074694612503
S5,6_7,"[0.4, 0.6]","[0, 1]",32,0.9984375,0.55635718801004,0.55635718801004,0.2908037868026484,0.521980449032515,1.0,0.6014390581781536,0.6014390581781536,0.30369666333679834,0.5264072039783292
S5,6_7,"[0.4, 0.6]","[0, 1]",33,0.9984848484848485,0.5588824773775409,0.5588824773775409,0.29081630663106767,0.5201217400782789,1.0,0.6014390581781536,0.6014390581781536,0.30123503110042643,0.5249074694612503
S5,6_7,"[0.4, 0.6]","[0, 1]",34,0.998529411764706,0.5566224212990146,0.5566224212990146,0.29012379320479764,0.5208185480409628,1.0,0.6014390581781536,0.6014390581781536,0.29944040276118533,0.5264072039783292
S5,6_7,"[0.4, 0.6]","[0, 1]",35,0.9985714285714287,0.5533573859050035,0.5533573859050035,0.2943808390541082,0.5155262982492126,1.0,0.6014390581781536,0.6014390581781536,0.30123503110042643,0.5249074694612503
S5,6_7,"[0.4, 0.6]","[0, 1]",36,0.9986111111111112,0.5525521399733292,0.5525521399733292,0.2936937658671448,0.5144074640783898,1.0,0.5934783889413531,0.5934783889413531,0.29944040276118533,0.5238270733290316
S5,6_7,"[0.4, 0.6]","[0, 1]",37,0.9986486486486488,0.5525273908675774,0.5525273908675774,0.2963525118752561,0.5155893518901846,1.0,0.5855177197045525,0.5855177197045525,0.30123503110042643,0.5249074694612503
S5,6_7,"[0.4, 0.6]","[0, 1]",38,0.9986842105263158,0.5544192119857145,0.5544192119857145,0.29522048935969564,0.5170104846526413,1.0,0.5934783889413531,0.5934783889413531,0.29944040276118533,0.5264072039783292
S5,6_7,"[0.4, 0.6]","[0, 1]",39,0.9987179487179488,0.5566056869896083,0.5566056869896083,0.29138054627628024,0.5167317002387656,1.0,0.6014390581781536,0.6014390581781536,0.2976457744219442,0.5249074694612503
S5,6_7,"[0.4, 0.6]","[0, 1]",40,0.99875,0.557726521269322,0.557726521269322,0.2920378715209305,0.5168646549719943,1.0,0.6014390581781536,0.6014390581781536,0.29944040276118533,0.5238270733290316
S5,6_7,"[0.4, 0.6]","[0, 1]",41,0.9987804878048782,0.5570278027850701,0.5570278027850701,0.28931801520494943,0.5152640168660666,1.0,0.6014390581781536,0.6014390581781536,0.2976457744219442,0.5227466771968127
S5,6_7,"[0.4, 0.6]","[0, 1]",42,0.9988095238095239,0.5567369143846528,0.5567369143846528,0.2927264228960211,0.517646521255318,1.0,0.5934783889413531,0.5934783889413531,0.29944040276118533,0.5238270733290316
S5,6_7,"[0.4, 0.6]","[0, 1]",43,0.9988372093023257,0.5583108604072606,0.5583108604072606,0.2915050025529643,0.5170726868422855,1.0,0.6014390581781536,0.6014390581781536,0.2976457744219442,0.5227466771968127
S5,6_7,"[0.4, 0.6]","[0, 1]",44,0.9988636363636364,0.5559578787028076,0.5559578787028076,0.2906246257543198,0.5136181914326751,1.0,0.5934783889413531,0.5934783889413531,0.2962089599888671,0.5223982833823646
S5,6_7,"[0.4, 0.6]","[0, 1]",45,0.9988888888888889,0.555861846355201,0.555861846355201,0.2917479334762092,0.5151378622188205,1.0,0.5855177197045525,0.5855177197045525,0.2976457744219442,0.5227466771968127
S5,6_7,"[0.4, 0.6]","[0, 1]",46,0.9989130434782609,0.5501793273772401,0.553380044479077,0.3014534006518991,0.5129381755763535,1.0,0.5834558699962551,0.5834558699962551,0.29944040276118533,0.5223982833823646
S5,6_7,"[0.4, 0.6]","[0, 1]",47,0.998936170212766,0.5534274220250697,0.5565600387630377,0.3042302280868603,0.514486573381319,1.0,0.5855177197045525,0.5855177197045525,0.30123503110042643,0.5227466771968127
S5,6_7,"[0.4, 0.6]","[0, 1]",48,0.9989583333333334,0.5544276644449256,0.557495018334186,0.3037785080670937,0.5151512542713246,1.0,0.5934783889413531,0.5934783889413531,0.29944040276118533,0.5238270733290316
S5,6_7,"[0.4, 0.6]","[0, 1]",49,0.9989795918367348,0.5521524747253086,0.5551572295556045,0.3025377043874475,0.5145372092484318,1.0,0.5855177197045525,0.5855177197045525,0.2976457744219442,0.5227466771968127
S5,6_7,"[0.4, 0.6]","[0, 1]",50,0.9990000000000001,0.5520056350301532,0.5549502947638432,0.3042591987563274,0.5149306393286397,1.0,0.5834558699962551,0.5834558699962551,0.29944040276118533,0.5238270733290316
S5,6_7,"[0.4, 0.6]","[0, 1]",51,0.9990196078431373,0.551237883119715,0.5541248044272542,0.3024907194153836,0.5173098487187193,1.0,0.5813940202879576,0.5813940202879576,0.2976457744219442,0.5249074694612503
S5,6_7,"[0.4, 0.6]","[0, 1]",52,0.9990384615384615,0.5526451660088895,0.5554765695989761,0.2982243525684583,0.5180043442065089,1.0,0.5834558699962551,0.5834558699962551,0.2962089599888671,0.5264072039783292
S5,6_7,"[0.4, 0.6]","[0, 1]",53,0.999056603773585,0.5527629240310962,0.5555409049119358,0.2981249411286509,0.5196272084854928,1.0,0.5813940202879576,0.5813940202879576,0.29477214555578996,0.527906938495408
S5,6_7,"[0.4, 0.6]","[0, 1]",54,0.9990740740740741,0.5540898438334239,0.5568163806238776,0.2952161138401023,0.5193841066714266,1.0,0.5834558699962551,0.5834558699962551,0.2938638459072276,0.5264072039783292
S5,6_7,"[0.4, 0.6]","[0, 1]",55,0.9990909090909091,0.5511593603488408,0.5538363237431044,0.2976446060268118,0.5171173444249669,1.0,0.5813940202879576,0.5813940202879576,0.29477214555578996,0.5249074694612503
S5,6_7,"[0.4, 0.6]","[0, 1]",56,0.9991071428571429,0.5520751032871819,0.5547042637636908,0.2984884325918914,0.5195451873506779,1.0,0.5834558699962551,0.5834558699962551,0.2962089599888671,0.5264072039783292
S5,6_7,"[0.4, 0.6]","[0, 1]",57,0.9991228070175439,0.5508765859281446,0.5534596207822586,0.29837608173577623,0.5192912665870438,1.0,0.5813940202879576,0.5813940202879576,0.29477214555578996,0.5249074694612503
S5,6_7,"[0.4, 0.6]","[0, 1]",58,0.9991379310344828,0.551972255184931,0.5545107549553534,0.29768133808256647,0.5222095819766724,1.0,0.5834558699962551,0.5834558699962551,0.2938638459072276,0.5264072039783292
S5,6_7,"[0.4, 0.6]","[0, 1]",59,0.9991525423728814,0.5512309265435601,0.5537264008941448,0.29770516555098364,0.5200170039030924,1.0,0.5813940202879576,0.5813940202879576,0.29477214555578996,0.5249074694612503
S5,6_7,"[0.4, 0.6]","[0, 1]",60,0.9991666666666668,0.5522652333646009,0.5547191164760092,0.29887112600900845,0.5203777043120122,1.0,0.5834558699962551,0.5834558699962551,0.2962089599888671,0.5264072039783292
S5,6_7,"[0.4, 0.6]","[0, 1]",61,0.9991803278688525,0.5533361420022931,0.555749797521711,0.29850263721830594,0.5208287397717534,1.0,0.5855177197045525,0.5855177197045525,0.29477214555578996,0.527906938495408
S5,6_7,"[0.4, 0.6]","[0, 1]",62,0.9991935483870968,0.5544826008951075,0.556857326486793,0.29906954750396564,0.5232849909016719,1.0,0.5934783889413531,0.5934783889413531,0.2962089599888671,0.531057825877116
S5,6_7,"[0.4, 0.6]","[0, 1]",63,0.9992063492063492,0.5536532709539044,0.5559903024885791,0.29872919811787174,0.5255054537695073,1.0,0.5855177197045525,0.5855177197045525,0.29477214555578996,0.534208713258824
S5,6_7,"[0.4, 0.6]","[0, 1]",64,0.99921875,0.553177354209792,0.5554778696267373,0.2984700493528858,0.5232375943474804,1.0,0.5834558699962551,0.5834558699962551,0.2938638459072276,0.531057825877116
S5,6_7,"[0.4, 0.6]","[0, 1]",65,0.9992307692307693,0.5530644953104521,0.5553296181825214,0.2979664362434408,0.5236929661873455,1.0,0.5813940202879576,0.5813940202879576,0.29295554625866516,0.534208713258824
S5,6_7,"[0.4, 0.6]","[0, 1]",66,0.9984848484848485,0.5553804524592902,0.5576112552878433,0.29643940860961465,0.525255258992269,1.0,0.5834558699962551,0.5834558699962551,0.29251999002599643,0.5379338708485559
S5,6_7,"[0.4, 0.6]","[0, 1]",67,0.9985074626865672,0.5536175157841059,0.5558150230480537,0.2964714854105995,0.5285171244372894,1.0,0.5813940202879576,0.5813940202879576,0.29295554625866516,0.5416590284382878
S5,6_7,"[0.4, 0.6]","[0, 1]",68,0.998529411764706,0.5532566561904426,0.555421847171097,0.29927567226664525,0.5264350355146978,1.0,0.579009375765454,0.579009375765454,0.2938638459072276,0.5379338708485559
S5,6_7,"[0.4, 0.6]","[0, 1]",69,0.9985507246376812,0.554287959627636,0.5564217710288607,0.2997011730496494,0.5260911845259733,1.0,0.5813940202879576,0.5813940202879576,0.29477214555578996,0.534208713258824
S5,6_7,"[0.4, 0.6]","[0, 1]",70,0.9985714285714287,0.5549615467497863,0.5570648751309933,0.2991614035731285,0.5263116003217431,1.0,0.5834558699962551,0.5834558699962551,0.2938638459072276,0.5378645017443415
S5,6_7,"[0.4, 0.6]","[0, 1]",71,0.9985915492957748,0.5551298568919201,0.55720356092973,0.299309120208544,0.5283598125808326,1.0,0.5813940202879576,0.5813940202879576,0.29477214555578996,0.5415202902298589
S5,6_7,"[0.4, 0.6]","[0, 1]",72,0.9986111111111112,0.5545742526684894,0.5566191552613297,0.3033116021911379,0.5264241519575188,1.0,0.579009375765454,0.579009375765454,0.2962089599888671,0.5378645017443415
S5,6_7,"[0.4, 0.6]","[0, 1]",73,0.9986301369863014,0.5530033901828934,0.5550202804114481,0.3032047383644332,0.5250776006444001,1.0,0.5766247312429504,0.5766247312429504,0.29551054284169426,0.534208713258824
S5,6_7,"[0.4, 0.6]","[0, 1]",74,0.9986486486486488,0.5523590017521538,0.5543486367073498,0.3039389948205818,0.5242905176690911,1.0,0.5717681490421201,0.5717681490421201,0.29657815863181924,0.531057825877116
S5,6_7,"[0.4, 0.6]","[0, 1]",75,0.9986666666666667,0.5507202769861657,0.5526833834752923,0.30373331299224116,0.5257961854328487,1.0,0.5669115668412898,0.5669115668412898,0.29551054284169426,0.534208713258824
S5,6_7,"[0.4, 0.6]","[0, 1]",76,0.9986842105263158,0.5506425166306573,0.5525797927712429,0.3037749896458376,0.5237107581943269,1.0,0.5628989540135667,0.5628989540135667,0.29657815863181924,0.531057825877116
S5,6_7,"[0.4, 0.6]","[0, 1]",77,0.9987012987012988,0.5509955631702389,0.5529076798804272,0.3024037771759966,0.5237180428152779,1.0,0.5669115668412898,0.5669115668412898,0.29551054284169426,0.527906938495408
S5,6_7,"[0.4, 0.6]","[0, 1]",78,0.9987179487179488,0.5519368584290409,0.553824460822432,0.301210090992968,0.5239142298695016,1.0,0.5717681490421201,0.5717681490421201,0.2951413441987421,0.531057825877116
S5,6_7,"[0.4, 0.6]","[0, 1]",79,0.99873417721519,0.5516422005740135,0.5535059092662223,0.30131526098556843,0.5228762868837162,1.0,0.5669115668412898,0.5669115668412898,0.29551054284169426,0.527906938495408
S5,6_7,"[0.4, 0.6]","[0, 1]",80,0.99875,0.5516421283550946,0.5534825406886509,0.3008821307310501,0.5246108289944825,1.0,0.5628989540135667,0.5628989540135667,0.2951413441987421,0.531057825877116
S5,6_7,"[0.4, 0.6]","[0, 1]",81,0.9987654320987654,0.5501619348732459,0.5519796260668818,0.30168576353734344,0.5254155743219893,1.0,0.5588863411858437,0.5588863411858437,0.29551054284169426,0.534208713258824
S5,6_7,"[0.4, 0.6]","[0, 1]",82,0.9981707317073172,0.5492816569286405,0.5510771811565002,0.30260661335258193,0.5263136336018442,1.0,0.5552613821231771,0.5552613821231771,0.29657815863181924,0.5366146731517768
S5,6_7,"[0.4, 0.6]","[0, 1]",83,0.9981927710843375,0.5485882138212098,0.5503621052270471,0.3020276802852573,0.5268242147764431,1.0,0.5516364230605104,0.5516364230605104,0.29551054284169426,0.5390206330447296
S5,6_7,"[0.4, 0.6]","[0, 1]",84,0.9982142857142858,0.5488063489762107,0.5505591226272167,0.3023227266318526,0.5261790455892547,1.0,0.5552613821231771,0.5552613821231771,0.29657815863181924,0.5366146731517768
S5,6_7,"[0.4, 0.6]","[0, 1]",85,0.9982352941176471,0.5498755888369327,0.5516077416214562,0.30146664223831443,0.5261705796312429,1.0,0.5588863411858437,0.5588863411858437,0.29551054284169426,0.534208713258824
S5,6_7,"[0.4, 0.6]","[0, 1]",86,0.9982558139534885,0.5506129579877359,0.5523249694608114,0.30117532559132026,0.5270727382700965,1.0,0.5628989540135667,0.5628989540135667,0.2951413441987421,0.5366146731517768
S5,6_7,"[0.4, 0.6]","[0, 1]",87,0.9982758620689656,0.5511499897705899,0.5528423229508715,0.2996931157553351,0.5277270710838263,1.0,0.5669115668412898,0.5669115668412898,0.29477214555578996,0.5390206330447296
S5,6_7,"[0.4, 0.6]","[0, 1]",88,0.9982954545454547,0.5519825648113422,0.5536556669327569,0.29876405290808467,0.5281543060665771,1.0,0.5669115668412898,0.5669115668412898,0.2938638459072276,0.5402704616372942
S5,6_7,"[0.4, 0.6]","[0, 1]",89,0.9983146067415731,0.5508396992953324,0.5524940025165065,0.2985327731358607,0.531770549818638,1.0,0.5669115668412898,0.5669115668412898,0.29295554625866516,0.5415202902298589
S5,6_7,"[0.4, 0.6]","[0, 1]",90,0.9983333333333334,0.5514226858212437,0.5530586078955159,0.2992566194357277,0.5319271450836421,1.0,0.5669115668412898,0.5669115668412898,0.2938638459072276,0.5415896593340734
S5,6_7,"[0.4, 0.6]","[0, 1]",91,0.9978021978021979,0.553120432868634,0.5547383777772549,0.2983908308109911,0.5328101908450475,1.0,0.5669115668412898,0.5669115668412898,0.29295554625866516,0.5416590284382878
S5,6_7,"[0.4, 0.6]","[0, 1]",92,0.9978260869565219,0.5538953911348097,0.5554957496857281,0.2980357501076544,0.5331148379296068,1.0,0.5717681490421201,0.5717681490421201,0.29251999002599643,0.5427361196239098
S5,6_7,"[0.4, 0.6]","[0, 1]",93,0.9978494623655915,0.5545340357011667,0.5561171860956237,0.2989515607277452,0.5317084641316047,1.0,0.5766247312429504,0.5766247312429504,0.29295554625866516,0.5416590284382878
S5,6_7,"[0.4, 0.6]","[0, 1]",94,0.997340425531915,0.5549848549884209,0.556551163357405,0.2982058894980614,0.5333164697109349,1.0,0.5772259157106943,0.5772259157106943,0.29251999002599643,0.5427361196239098
S5,6_7,"[0.4, 0.6]","[0, 1]",95,0.9973684210526317,0.5542912721682199,0.5558410930806884,0.298633896413894,0.5348987097677267,1.0,0.5766247312429504,0.5766247312429504,0.29295554625866516,0.5438132108095316
S5,6_7,"[0.4, 0.6]","[0, 1]",96,0.9973958333333335,0.5540347046935474,0.5555683816381777,0.29902451321769963,0.5357991160349972,1.0,0.5717681490421201,0.5717681490421201,0.2938638459072276,0.5448386672392675
S5,6_7,"[0.4, 0.6]","[0, 1]",97,0.9969072164948455,0.5546890200485655,0.5562068858906737,0.2968189516095674,0.5369313958387073,1.0,0.5766247312429504,0.5766247312429504,0.29295554625866516,0.5458641236690036
S5,6_7,"[0.4, 0.6]","[0, 1]",98,0.9969387755102043,0.5554005258986494,0.5569029033137973,0.29601695701335157,0.537066824169915,1.0,0.5772259157106943,0.5772259157106943,0.29251999002599643,0.5461276898852971
S5,6_7,"[0.4, 0.6]","[0, 1]",99,0.9964646464646467,0.5550846708734791,0.5565718727591812,0.2960730237067419,0.5386823220666247,1.0,0.5766247312429504,0.5766247312429504,0.29295554625866516,0.5463912561015907
S5,6_7,"[0.4, 0.6]","[0, 1]",100,0.9965000000000002,0.5556667175228044,0.5571390473896494,0.2958484131286697,0.5379029956187122,1.0,0.5772259157106943,0.5772259157106943,0.29251999002599643,0.5461276898852971
noiseRate,0,SamNum,20,min_support,0.3,gamma,0.8
S5,1_2,"[0.4, 0.6]","[0, 1]",1,1.0,0.30632087216077425,0.30632087216077425,0.21203706989782603,0.5691109742089033,1.0,0.30632087216077425,0.30632087216077425,0.21203706989782603,0.5691109742089033
S5,1_2,"[0.4, 0.6]","[0, 1]",2,1.0,0.31847973518344663,0.31847973518344663,0.2376610220637373,0.5590831734824149,1.0,0.31847973518344663,0.31847973518344663,0.2376610220637373,0.5590831734824149
S5,1_2,"[0.4, 0.6]","[0, 1]",3,1.0,0.3297994155980692,0.3297994155980692,0.2159636760646048,0.5742325787125441,1.0,0.33063859820611896,0.33063859820611896,0.21203706989782603,0.5691109742089033
S5,1_2,"[0.4, 0.6]","[0, 1]",4,1.0,0.3472781824363489,0.3472781824363489,0.23672549577177143,0.5611522003695866,1.0,0.34153868731671655,0.34153868731671655,0.2376610220637373,0.5590831734824149
S5,1_2,"[0.4, 0.6]","[0, 1]",5,1.0,0.355983396393453,0.355983396393453,0.2508378711598897,0.5365872066276021,1.0,0.3524387764273142,0.3524387764273142,0.2632849742296486,0.5490553727559264
S5,1_2,"[0.4, 0.6]","[0, 1]",6,1.0,0.34992595208707095,0.34992595208707095,0.2753102496525926,0.5333910353121304,1.0,0.34153868731671655,0.34153868731671655,0.28114796456145996,0.5354832190483203
S5,1_2,"[0.4, 0.6]","[0, 1]",7,1.0,0.3602624232015797,0.3602624232015797,0.28708675857578314,0.5485840990520884,1.0,0.3524387764273142,0.3524387764273142,0.2990109548932713,0.5490553727559264
S5,1_2,"[0.4, 0.6]","[0, 1]",8,1.0,0.3569776476831553,0.3569776476831553,0.3109116989251263,0.5374730819642365,1.0,0.34321149774074944,0.34321149774074944,0.3031491638028171,0.5354832190483203
S5,1_2,"[0.4, 0.6]","[0, 1]",9,1.0,0.35340840905880533,0.35340840905880533,0.3181749340757582,0.528509152895153,1.0,0.3339842190541847,0.3339842190541847,0.30728737271236284,0.5219110653407142
S5,1_2,"[0.4, 0.6]","[0, 1]",10,1.0,0.34635054817060884,0.34635054817060884,0.3147808773017332,0.5292397135660993,1.0,0.33231140863015185,0.33231140863015185,0.3031491638028171,0.5288629124726654
S5,1_2,"[0.4, 0.6]","[0, 1]",11,1.0,0.34475970116085125,0.34475970116085125,0.33000540873807666,0.5215568893753417,1.0,0.33063859820611896,0.33063859820611896,0.30728737271236284,0.5219110653407142
S5,1_2,"[0.4, 0.6]","[0, 1]",12,1.0,0.34576628430368767,0.34576628430368767,0.3159021003576921,0.5228558390100287,1.0,0.33231140863015185,0.33231140863015185,0.3031491638028171,0.5288629124726654
S5,1_2,"[0.4, 0.6]","[0, 1]",13,1.0,0.35164266627890844,0.35164266627890844,0.312264572118576,0.521979019953275,1.0,0.3339842190541847,0.3339842190541847,0.2990109548932713,0.5219110653407142
S5,1_2,"[0.4, 0.6]","[0, 1]",14,1.0,0.35847750838603265,0.35847750838603265,0.32243877950293465,0.5164260918053717,1.0,0.34321149774074944,0.34321149774074944,0.3031491638028171,0.5196606220377431
S5,1_2,"[0.4, 0.6]","[0, 1]",15,1.0,0.358383027056573,0.358383027056573,0.3150228402835991,0.5083341684460653,1.0,0.3524387764273142,0.3524387764273142,0.2990109548932713,0.5174101787347721
S5,1_2,"[0.4, 0.6]","[0, 1]",16,1.0,0.3600343013673329,0.3600343013673329,0.30818458231883344,0.5170766549398441,1.0,0.3546387376511011,0.3546387376511011,0.29162266061439,0.5196606220377431
S5,1_2,"[0.4, 0.6]","[0, 1]",17,1.0,0.3626459147200575,0.3626459147200575,0.30222133000370754,0.5126977127691209,1.0,0.35683869887488806,0.35683869887488806,0.2842343663355088,0.5174101787347721
S5,1_2,"[0.4, 0.6]","[0, 1]",18,1.0,0.3568284467657178,0.3568284467657178,0.299756590092121,0.518481808806494,1.0,0.3546387376511011,0.3546387376511011,0.27642429979234545,0.5196606220377431
S5,1_2,"[0.4, 0.6]","[0, 1]",19,1.0,0.35148669111268144,0.35148669111268144,0.3031803223586329,0.5114907065570131,1.0,0.3524387764273142,0.3524387764273142,0.2842343663355088,0.5174101787347721
S5,1_2,"[0.4, 0.6]","[0, 1]",20,1.0,0.3584926467327748,0.3584926467327748,0.29834538820630113,0.5181171505087673,1.0,0.3546387376511011,0.3546387376511011,0.27642429979234545,0.5196606220377431
S5,1_2,"[0.4, 0.6]","[0, 1]",21,1.0,0.35608423117831844,0.35608423117831844,0.29911648381499556,0.5155855685051051,1.0,0.3524387764273142,0.3524387764273142,0.2842343663355088,0.5174101787347721
S5,1_2,"[0.4, 0.6]","[0, 1]",22,1.0,0.35914507440108373,0.35914507440108373,0.3007302214010543,0.515712169765199,1.0,0.3546387376511011,0.3546387376511011,0.29162266061439,0.517890487480971
S5,1_2,"[0.4, 0.6]","[0, 1]",23,1.0,0.36429123318541756,0.36429123318541756,0.2996380968687555,0.5156608079544909,1.0,0.35683869887488806,0.35683869887488806,0.2842343663355088,0.5174101787347721
S5,1_2,"[0.4, 0.6]","[0, 1]",24,1.0,0.35711171629572885,0.35711171629572885,0.3032512162789352,0.519439034465098,1.0,0.3546387376511011,0.3546387376511011,0.29162266061439,0.517890487480971
S5,1_2,"[0.4, 0.6]","[0, 1]",25,1.0,0.3547224649764069,0.3547224649764069,0.30297708509466337,0.519548250653976,1.0,0.3524387764273142,0.3524387764273142,0.2963979366721408,0.5183707962271699
S5,1_2,"[0.4, 0.6]","[0, 1]",26,1.0,0.35564142945707444,0.35564142945707444,0.3057718476395957,0.5179431245104577,1.0,0.3546387376511011,0.3546387376511011,0.29770444578270605,0.517890487480971
S5,1_2,"[0.4, 0.6]","[0, 1]",27,1.0,0.36089575168516447,0.36089575168516447,0.3096684210927031,0.5184709908761462,1.0,0.35683869887488806,0.35683869887488806,0.2990109548932713,0.5183707962271699
S5,1_2,"[0.4, 0.6]","[0, 1]",28,1.0,0.362745864397198,0.362745864397198,0.3063202541595563,0.5183721847719285,1.0,0.3569494936595129,0.3569494936595129,0.29770444578270605,0.517890487480971
S5,1_2,"[0.4, 0.6]","[0, 1]",29,1.0,0.3663874856307595,0.3663874856307595,0.30871655621975114,0.5197568272816048,1.0,0.3570602884441378,0.3570602884441378,0.2990109548932713,0.5183707962271699
S5,1_2,"[0.4, 0.6]","[0, 1]",30,1.0,0.366158089102672,0.366158089102672,0.3062097979700022,0.5197539975905825,1.0,0.35828293911613546,0.35828293911613546,0.29770444578270605,0.5190213663890523
S5,1_2,"[0.4, 0.6]","[0, 1]",31,1.0,0.3630346799071336,0.3630346799071336,0.3089445225418044,0.5237394545742402,1.0,0.3570602884441378,0.3570602884441378,0.2990109548932713,0.5196719365509347
S5,1_2,"[0.4, 0.6]","[0, 1]",32,1.0,0.3568677174031145,0.3568677174031145,0.3058822882883703,0.5248232580920766,1.0,0.3569494936595129,0.3569494936595129,0.29770444578270605,0.5207915009458244
S5,1_2,"[0.4, 0.6]","[0, 1]",33,1.0,0.3573139994320723,0.3573139994320723,0.3067059215864051,0.5264372564493521,1.0,0.3570602884441378,0.3570602884441378,0.2990109548932713,0.5219110653407142
S5,1_2,"[0.4, 0.6]","[0, 1]",34,1.0,0.35462111314202976,0.35462111314202976,0.30600239038512395,0.5305682344039201,1.0,0.3569494936595129,0.3569494936595129,0.29770444578270605,0.5220402522638814
S5,1_2,"[0.4, 0.6]","[0, 1]",35,1.0,0.36178525583076665,0.36178525583076665,0.3052573182085038,0.5333531583111005,1.0,0.3570602884441378,0.3570602884441378,0.2963979366721408,0.5221694391870487
S5,1_2,"[0.4, 0.6]","[0, 1]",36,1.0,0.3608795818583472,0.3608795818583472,0.30331436738717577,0.5316537483652701,1.0,0.3569494936595129,0.3569494936595129,0.29031615150382484,0.5220402522638814
S5,1_2,"[0.4, 0.6]","[0, 1]",37,1.0,0.35874355765842064,0.35874355765842064,0.3014835700135422,0.5349855301733012,1.0,0.35683869887488806,0.35683869887488806,0.2842343663355088,0.5221694391870487
S5,1_2,"[0.4, 0.6]","[0, 1]",38,1.0,0.3700701659385704,0.3700701659385704,0.30137826252618755,0.5362897774421178,1.0,0.3569494936595129,0.3569494936595129,0.29031615150382484,0.5271824777855487
S5,1_2,"[0.4, 0.6]","[0, 1]",39,1.0,0.3672239685859201,0.3672239685859201,0.3037169716769355,0.5338261931426432,1.0,0.35683869887488806,0.35683869887488806,0.2963979366721408,0.5221694391870487
S5,1_2,"[0.4, 0.6]","[0, 1]",40,1.0,0.3650214254902802,0.3650214254902802,0.30269152288782053,0.5335693512661124,1.0,0.3546387376511011,0.3546387376511011,0.29031615150382484,0.5228609786342289
S5,1_2,"[0.4, 0.6]","[0, 1]",41,1.0,0.36459919400466867,0.36459919400466867,0.30660421963202494,0.5322997438928528,1.0,0.3524387764273142,0.3524387764273142,0.2963979366721408,0.5221694391870487
S5,1_2,"[0.4, 0.6]","[0, 1]",42,1.0,0.3635698695840791,0.3635698695840791,0.3073060251116066,0.5345099922140031,1.0,0.350074355503761,0.350074355503761,0.2969399110831029,0.5228609786342289
S5,1_2,"[0.4, 0.6]","[0, 1]",43,1.0,0.36469325111945794,0.36469325111945794,0.31235614356206115,0.5321713276580828,1.0,0.3524387764273142,0.3524387764273142,0.29748188549406496,0.5221694391870487
S5,1_2,"[0.4, 0.6]","[0, 1]",44,1.0,0.3725572129625544,0.3725572129625544,0.3115378673111722,0.5327414478293274,1.0,0.3546387376511011,0.3546387376511011,0.2969399110831029,0.5228609786342289
S5,1_2,"[0.4, 0.6]","[0, 1]",45,1.0,0.3717442007842938,0.3717442007842938,0.31241193030122716,0.5300470851847326,1.0,0.3524387764273142,0.3524387764273142,0.29748188549406496,0.5221694391870487
S5,1_2,"[0.4, 0.6]","[0, 1]",46,1.0,0.37139565832691096,0.37139565832691096,0.3123063126043835,0.5299000861851342,1.0,0.3540750120859992,0.3540750120859992,0.2982464201936681,0.5227272851951246
S5,1_2,"[0.4, 0.6]","[0, 1]",47,1.0,0.3721973389255488,0.3721973389255488,0.31211218564499155,0.5321513657565023,1.0,0.35571124774468416,0.35571124774468416,0.2990109548932713,0.5232851312032003
S5,1_2,"[0.4, 0.6]","[0, 1]",48,1.0,0.3705881839592818,0.3705881839592818,0.3146847272513713,0.5302936381413988,1.0,0.3540750120859992,0.3540750120859992,0.3010966502031155,0.5227272851951246
S5,1_2,"[0.4, 0.6]","[0, 1]",49,1.0,0.372240232546217,0.372240232546217,0.31570534828201324,0.5300680060500246,1.0,0.35571124774468416,0.35571124774468416,0.30318234551295975,0.5221694391870487
S5,1_2,"[0.4, 0.6]","[0, 1]",50,1.0,0.3702952276794983,0.3702952276794983,0.3163246138105938,0.5300106781246238,1.0,0.3540750120859992,0.3540750120859992,0.3052348591126613,0.5227272851951246
S5,1_2,"[0.4, 0.6]","[0, 1]",51,1.0,0.36796541409379263,0.36796541409379263,0.31569859277254175,0.5314851127175073,1.0,0.3524387764273142,0.3524387764273142,0.30318234551295975,0.5232851312032003
S5,1_2,"[0.4, 0.6]","[0, 1]",52,1.0,0.3684813731435947,0.3684813731435947,0.3179245185929711,0.5319229407961805,1.0,0.3540750120859992,0.3540750120859992,0.3052348591126613,0.5234188246423047
S5,1_2,"[0.4, 0.6]","[0, 1]",53,1.0,0.36816745796809136,0.36816745796809136,0.31784262587176937,0.5318960076991797,1.0,0.3524387764273142,0.3524387764273142,0.30728737271236284,0.5235525180814091
S5,1_2,"[0.4, 0.6]","[0, 1]",54,1.0,0.3697939906635264,0.3697939906635264,0.31965623345136,0.533468114346408,1.0,0.3540750120859992,0.3540750120859992,0.30742044447939176,0.5253770639306958
S5,1_2,"[0.4, 0.6]","[0, 1]",55,1.0,0.36951271539143626,0.36951271539143626,0.31948132181300093,0.5324049008685225,1.0,0.35432385069856587,0.35432385069856587,0.3075535162464207,0.5235525180814091
S5,1_2,"[0.4, 0.6]","[0, 1]",56,1.0,0.36999705200778005,0.36999705200778005,0.3183068238570124,0.532732781664879,1.0,0.355017549221625,0.355017549221625,0.30742044447939176,0.5253770639306958
S5,1_2,"[0.4, 0.6]","[0, 1]",57,1.0,0.37695187556533766,0.37695187556533766,0.3182263631685177,0.5311150271454884,1.0,0.35571124774468416,0.35571124774468416,0.3075535162464207,0.5235525180814091
S5,1_2,"[0.4, 0.6]","[0, 1]",58,1.0,0.3775382717671795,0.3775382717671795,0.31909963223291193,0.5330886977097149,1.0,0.3562749733097861,0.3562749733097861,0.3087948047940168,0.5253770639306958
S5,1_2,"[0.4, 0.6]","[0, 1]",59,1.0,0.37711899802019017,0.37711899802019017,0.31891291242188,0.5340612260893971,1.0,0.35571124774468416,0.35571124774468416,0.3080831633820283,0.5272016097799824
S5,1_2,"[0.4, 0.6]","[0, 1]",60,1.0,0.37678482401157276,0.37678482401157276,0.32041060583286746,0.5334045480605075,1.0,0.3562749733097861,0.3562749733097861,0.30905962836182055,0.5253770639306958
S5,1_2,"[0.4, 0.6]","[0, 1]",61,1.0,0.37736437273440443,0.37736437273440443,0.32295688884624796,0.5319041187878993,1.0,0.35683869887488806,0.35683869887488806,0.31003609334161286,0.5235525180814091
S5,1_2,"[0.4, 0.6]","[0, 1]",62,1.0,0.37745272987916545,0.37745272987916545,0.32398387296557,0.5307693075766743,1.0,0.3569494936595129,0.3569494936595129,0.31181014885544733,0.5234188246423047
S5,1_2,"[0.4, 0.6]","[0, 1]",63,1.0,0.3761214799560267,0.3761214799560267,0.32104015879215614,0.5321822582875462,1.0,0.35683869887488806,0.35683869887488806,0.31003609334161286,0.5235525180814091
S5,1_2,"[0.4, 0.6]","[0, 1]",64,1.0,0.37546630262109093,0.37546630262109093,0.32060196928927176,0.534289506825826,1.0,0.3562749733097861,0.3562749733097861,0.30905962836182055,0.5253770639306958
S5,1_2,"[0.4, 0.6]","[0, 1]",65,1.0,0.37573270093555355,0.37573270093555355,0.32097194208638846,0.5353291431503607,1.0,0.35683869887488806,0.35683869887488806,0.31003609334161286,0.5272016097799824
S5,1_2,"[0.4, 0.6]","[0, 1]",66,1.0,0.3757785153194049,0.3757785153194049,0.3200317215168632,0.5349004745768402,1.0,0.3569494936595129,0.3569494936595129,0.30905962836182055,0.5253770639306958
S5,1_2,"[0.4, 0.6]","[0, 1]",67,1.0,0.3748058127629424,0.3748058127629424,0.3211510324777314,0.536280113454083,1.0,0.35683869887488806,0.35683869887488806,0.31003609334161286,0.5272016097799824
S5,1_2,"[0.4, 0.6]","[0, 1]",68,1.0,0.37325157250104624,0.37325157250104624,0.3187204451258544,0.5378605758406642,1.0,0.3562749733097861,0.3562749733097861,0.30905962836182055,0.5288485482175587
S5,1_2,"[0.4, 0.6]","[0, 1]",69,1.0,0.37370743724668753,0.37370743724668753,0.31563893058178927,0.538908226631911,1.0,0.35683869887488806,0.35683869887488806,0.3080831633820283,0.530495486655135
S5,1_2,"[0.4, 0.6]","[0, 1]",70,1.0,0.37295800765243103,0.37295800765243103,0.31657259463567533,0.5405381825215211,1.0,0.3562749733097861,0.3562749733097861,0.30905962836182055,0.5313455015195918
S5,1_2,"[0.4, 0.6]","[0, 1]",71,1.0,0.37248024220405224,0.37248024220405224,0.3174892434287348,0.539622672669146,1.0,0.35571124774468416,0.35571124774468416,0.31003609334161286,0.530495486655135
S5,1_2,"[0.4, 0.6]","[0, 1]",72,1.0,0.3723332567378049,0.3723332567378049,0.3188381046207263,0.5393181409169823,1.0,0.3562749733097861,0.3562749733097861,0.31181014885544733,0.5288485482175587
S5,1_2,"[0.4, 0.6]","[0, 1]",73,1.0,0.37265895229987084,0.37265895229987084,0.3211077861857516,0.5391383061479867,1.0,0.35683869887488806,0.35683869887488806,0.31358420436928175,0.5272016097799824
S5,1_2,"[0.4, 0.6]","[0, 1]",74,1.0,0.3722560719400582,0.3722560719400582,0.32142009661360005,0.5371557807310647,1.0,0.3562749733097861,0.3562749733097861,0.31365238449104804,0.5266959062801441
S5,1_2,"[0.4, 0.6]","[0, 1]",75,1.0,0.37130612465091195,0.37130612465091195,0.3218484030156585,0.5372900452463104,1.0,0.35571124774468416,0.35571124774468416,0.3137205646128144,0.5272016097799824
S5,1_2,"[0.4, 0.6]","[0, 1]",76,1.0,0.37263291093807654,0.37263291093807654,0.32204765923238626,0.5379131764944349,1.0,0.3562749733097861,0.3562749733097861,0.31412948030084914,0.5288485482175587
S5,1_2,"[0.4, 0.6]","[0, 1]",77,1.0,0.37217811782465243,0.37217811782465243,0.32345763784526405,0.5369921229744035,1.0,0.35571124774468416,0.35571124774468416,0.3145383959888839,0.5272016097799824
S5,1_2,"[0.4, 0.6]","[0, 1]",78,1.0,0.3727154259728683,0.3727154259728683,0.32513072421495975,0.536090475466852,1.0,0.3562749733097861,0.3562749733097861,0.323800291556201,0.5266959062801441
S5,1_2,"[0.4, 0.6]","[0, 1]",79,1.0,0.37204572320314255,0.37204572320314255,0.3250431684851831,0.536416305917093,1.0,0.35571124774468416,0.35571124774468416,0.31821382156260414,0.5272016097799824
S5,1_2,"[0.4, 0.6]","[0, 1]",80,1.0,0.372959745842598,0.372959745842598,0.3245847358805886,0.5375559329398507,1.0,0.3562749733097861,0.3562749733097861,0.316376108775744,0.5288485482175587
S5,1_2,"[0.4, 0.6]","[0, 1]",81,1.0,0.37189822953484847,0.37189822953484847,0.3250448646459881,0.5384382104055268,1.0,0.35571124774468416,0.35571124774468416,0.31821382156260414,0.530495486655135
S5,1_2,"[0.4, 0.6]","[0, 1]",82,1.0,0.37238992978190555,0.37238992978190555,0.3252798971675798,0.5388654132441261,1.0,0.3562749733097861,0.3562749733097861,0.3256380043430611,0.5313455015195918
S5,1_2,"[0.4, 0.6]","[0, 1]",83,1.0,0.3723319743629328,0.3723319743629328,0.3267277139892481,0.5378159776186958,1.0,0.35683869887488806,0.35683869887488806,0.3330621871235181,0.530495486655135
S5,1_2,"[0.4, 0.6]","[0, 1]",84,1.0,0.37223417416990345,0.37223417416990345,0.3261467137513816,0.5371913586481251,1.0,0.3569494936595129,0.3569494936595129,0.3256380043430611,0.5288485482175587
S5,1_2,"[0.4, 0.6]","[0, 1]",85,1.0,0.3727265739253809,0.3727265739253809,0.3248481373375019,0.5366415560939928,1.0,0.3570602884441378,0.3570602884441378,0.31821382156260414,0.5272016097799824
S5,1_2,"[0.4, 0.6]","[0, 1]",86,1.0,0.37296429804685577,0.37296429804685577,0.32681946803897544,0.5371786481462941,1.0,0.357064422973643,0.357064422973643,0.3256380043430611,0.5288485482175587
S5,1_2,"[0.4, 0.6]","[0, 1]",87,1.0,0.3771114371601106,0.3771114371601106,0.3278786636128178,0.5368439933524111,1.0,0.3570685575031482,0.3570685575031482,0.3330621871235181,0.5272016097799824
S5,1_2,"[0.4, 0.6]","[0, 1]",88,1.0,0.37628534939064723,0.37628534939064723,0.3290495673095543,0.5363594224608172,1.0,0.357064422973643,0.357064422973643,0.3338404489159034,0.5266959062801441
S5,1_2,"[0.4, 0.6]","[0, 1]",89,1.0,0.3771237408680718,0.3771237408680718,0.3284380580170717,0.5355222578609703,1.0,0.3570685575031482,0.3570685575031482,0.3330621871235181,0.5261902027803057
S5,1_2,"[0.4, 0.6]","[0, 1]",90,1.0,0.3777938825948682,0.3777938825948682,0.32989692130734327,0.5356345694591496,1.0,0.35828707364564066,0.35828707364564066,0.3338404489159034,0.5266959062801441
S5,1_2,"[0.4, 0.6]","[0, 1]",91,1.0,0.37760495607210876,0.37760495607210876,0.330142560228886,0.53609019126481,1.0,0.35950558978813313,0.35950558978813313,0.33461871070828875,0.5272016097799824
S5,1_2,"[0.4, 0.6]","[0, 1]",92,1.0,0.3781834555001836,0.3781834555001836,0.3306380148696472,0.5360093253919505,1.0,0.3600535794059496,0.3600535794059496,0.33534938024137184,0.5279260703708579
S5,1_2,"[0.4, 0.6]","[0, 1]",93,1.0,0.3803086308587049,0.3803086308587049,0.32997090500664256,0.5363614098769538,1.0,0.36060156902376617,0.36060156902376617,0.33461871070828875,0.5286505309617333
S5,1_2,"[0.4, 0.6]","[0, 1]",94,1.0,0.3802203077145495,0.3802203077145495,0.3288897441026271,0.5369469146752875,1.0,0.36124942882900435,0.36124942882900435,0.3338404489159034,0.5295730088084342
S5,1_2,"[0.4, 0.6]","[0, 1]",95,1.0,0.3799791388799715,0.3799791388799715,0.3294162999377895,0.5357684677836075,1.0,0.36060156902376617,0.36060156902376617,0.33461871070828875,0.5286505309617333
S5,1_2,"[0.4, 0.6]","[0, 1]",96,1.0,0.38091798390272547,0.38091798390272547,0.32977946847365436,0.5363050411013066,1.0,0.36124942882900435,0.36124942882900435,0.33534938024137184,0.5295730088084342
S5,1_2,"[0.4, 0.6]","[0, 1]",97,1.0,0.38082271853114985,0.38082271853114985,0.3290572899293173,0.5370284765420398,1.0,0.3618972886342426,0.3618972886342426,0.33461871070828875,0.530495486655135
S5,1_2,"[0.4, 0.6]","[0, 1]",98,1.0,0.381275139909615,0.381275139909615,0.3298736544004727,0.5362882823962839,1.0,0.36300702339135615,0.36300702339135615,0.33534938024137184,0.5295730088084342
S5,1_2,"[0.4, 0.6]","[0, 1]",99,1.0,0.382800073899703,0.382800073899703,0.3291943654654599,0.5358589354924743,1.0,0.36411675814846967,0.36411675814846967,0.33461871070828875,0.5286505309617333
S5,1_2,"[0.4, 0.6]","[0, 1]",100,1.0,0.3868636198837471,0.3868636198837471,0.32871570912830195,0.5363705109491117,1.0,0.3658481940778168,0.3658481940778168,0.3338404489159034,0.5295730088084342
noiseRate,0,SamNum,20,min_support,0.3,gamma,0.8
