Scene,Index,P,Q,Jaccard,Precision,Recall,20,30,,,,,,,,,,
S2,1,"[0, 0.2]","[0, 1]",1,0.5,1,,1,0.5,1,,1,0.5,1,,1,0.333333333,1
S2,1,"[0.2, 0.4]","[0, 1]",1,0.5,1,,1,0.5,1,,1,0.5,1,,0.95,0.261287503,0.522575007
S2,1,"[0.4, 0.6]","[0, 1]",1,0.5,1,,1,0.333333333,1,,1,0.333333333,1,,1,0.242507655,0.727522966
S2,1,"[0.6, 0.8]","[0, 1]",0.888888889,0.376638847,0.753277695,,0.888888889,0.121376892,0.242753784,,0.888888889,0.121376892,0.242753784,,0.888888889,0.121376892,0.242753784
S2,1,"[0.8, 1.0]","[0, 1]",0.9,0.351416471,0.702832941,,0.966666667,0.351416471,0.702832941,,0.866666667,0.351416471,0.702832941,,1,0.333333333,1
S2,2,"[0, 0.2]","[0, 1]",0.5,0.098256945,0.196513889,,0.566666667,0.089097315,0.17819463,,0.566666667,0.126451502,0.252903005,,0.6,0.089097315,0.17819463
S2,2,"[0.2, 0.4]","[0, 1]",0.35,0.127180829,0.254361658,,0.413793103,0.184692114,0.369384228,,0.4,0.166828938,0.333657876,,0.3,0.114354814,0.228709628
S2,2,"[0.4, 0.6]","[0, 1]",0.65,0.251306301,0.502612602,,0.6,0.190628007,0.381256014,,0.566666667,0.143491572,0.286983145,,0.5,0.207193196,0.414386392
S2,2,"[0.6, 0.8]","[0, 1]",1,0.5,1,,1,0.5,1,,1,0.5,1,,1,0.5,1
S2,2,"[0.8, 1.0]","[0, 1]",0.8,0.207193196,0.414386392,,0.866666667,0.207193196,0.414386392,,0.958333333,0.222064169,0.444128339,,1,0.222064169,0.444128339
S2,3,"[0, 0.2]","[0, 1]",0.631578947,0.07201092,0.14402184,,0.62962963,0.086038992,0.172077984,,0.633333333,0.07693761,0.153875221,,0.6,0.073043153,0.146086306
S2,3,"[0.2, 0.4]","[0, 1]",0.8,0.467530802,0.467530802,,0.9,0.314579898,0.314579898,,0.9,0.276250978,0.276250978,,0.85,0.099538839,0.298616517
S2,3,"[0.4, 0.6]","[0, 1]",0.95,0.171716082,0.171716082,,0.827586207,0.414386392,0.414386392,,0.866666667,0.150169415,0.30033883,,0.95,0.365176721,0.365176721
S2,3,"[0.6, 0.8]","[0, 1]",1,1,1,,1,1,1,,1,1,1,,1,1,1
S2,3,"[0.8, 1.0]","[0, 1]",1,0.333333333,1,,1,0.5,1,,1,0.5,1,,1,0.5,1
S2,4,"[0, 0.2]","[0, 1]",1,0.186648765,0.186648765,,1,0.186648765,0.186648765,,1,0.118613574,0.237227149,,1,0.118613574,0.237227149
S2,4,"[0.2, 0.4]","[0, 1]",1,0.5,1,,1,0.5,1,,1,0.5,1,,1,0.5,1
S2,4,"[0.4, 0.6]","[0, 1]",1,0.30952196,0.619043921,,1,0.262264481,0.786793442,,1,0.30952196,0.619043921,,1,0.393396721,0.786793442
S2,4,"[0.6, 0.8]","[0, 1]",1,0.5,1,,1,0.5,1,,1,0.5,1,,1,0.5,1
S2,4,"[0.8, 1.0]","[0, 1]",1,0.5,1,,1,0.393396721,0.786793442,,1,0.333333333,1,,1,0.5,1
S2,5,"[0, 0.2]","[0, 1]",1,0.056952604,0.113905208,,1,0.030346853,0.060693706,,1,0.021227804,0.042455609,,1,0.056952604,0.113905208
S2,5,"[0.2, 0.4]","[0, 1]",0.9,0.147641574,0.442924721,,0.933333333,0.388413682,0.388413682,,1,0.206005033,0.412010067,,0.95,0.154386702,0.308773404
S2,5,"[0.4, 0.6]","[0, 1]",0.9,0.081519476,0.163038951,,1,0.207193196,0.414386392,,0.862068966,0.071787358,0.071787358,,0.894736842,0.071787358,0.071787358
S2,5,"[0.6, 0.8]","[0, 1]",1,0.266421995,0.53284399,,1,0.245952126,0.491904252,,1,0.5,1,,1,0.276466415,0.552932829
S2,5,"[0.8, 1.0]","[0, 1]",0.95,0.398210692,0.398210692,,0.866666667,0.398210692,0.398210692,,0.8,0.398210692,0.398210692,,0.95,0.172941703,0.345883405
S2,1,"[0, 0.2]","[0, 1]",1,0.333333333,1,,,,,,,,,,,,
S2,1,"[0.2, 0.4]","[0, 1]",0.95,0.261287503,0.522575007,,,,,,,,,,,,
S2,1,"[0.4, 0.6]","[0, 1]",1,0.242507655,0.727522966,,,,,,,,,,,,
S2,1,"[0.6, 0.8]","[0, 1]",0.888888889,0.121376892,0.242753784,,,,,,,,,,,,
S2,1,"[0.8, 1.0]","[0, 1]",1,0.333333333,1,,,,,,,,,,,,
S2,2,"[0, 0.2]","[0, 1]",0.6,0.089097315,0.17819463,,,,,,,,,,,,
S2,2,"[0.2, 0.4]","[0, 1]",0.3,0.114354814,0.228709628,,,,,,,,,,,,
S2,2,"[0.4, 0.6]","[0, 1]",0.5,0.207193196,0.414386392,,,,,,,,,,,,
S2,2,"[0.6, 0.8]","[0, 1]",1,0.5,1,,,,,,,,,,,,
S2,2,"[0.8, 1.0]","[0, 1]",1,0.222064169,0.444128339,,,,,,,,,,,,
S2,3,"[0, 0.2]","[0, 1]",0.6,0.073043153,0.146086306,,,,,,,,,,,,
S2,3,"[0.2, 0.4]","[0, 1]",0.85,0.099538839,0.298616517,,,,,,,,,,,,
S2,3,"[0.4, 0.6]","[0, 1]",0.95,0.365176721,0.365176721,,,,,,,,,,,,
S2,3,"[0.6, 0.8]","[0, 1]",1,1,1,,,,,,,,,,,,
S2,3,"[0.8, 1.0]","[0, 1]",1,0.5,1,,,,,,,,,,,,
S2,4,"[0, 0.2]","[0, 1]",1,0.118613574,0.237227149,,,,,,,,,,,,
S2,4,"[0.2, 0.4]","[0, 1]",1,0.5,1,,,,,,,,,,,,
S2,4,"[0.4, 0.6]","[0, 1]",1,0.393396721,0.786793442,,,,,,,,,,,,
S2,4,"[0.6, 0.8]","[0, 1]",1,0.5,1,,,,,,,,,,,,
S2,4,"[0.8, 1.0]","[0, 1]",1,0.5,1,,,,,,,,,,,,
S2,5,"[0, 0.2]","[0, 1]",1,0.056952604,0.113905208,,,,,,,,,,,,
S2,5,"[0.2, 0.4]","[0, 1]",0.95,0.154386702,0.308773404,,,,,,,,,,,,
S2,5,"[0.4, 0.6]","[0, 1]",0.894736842,0.071787358,0.071787358,,,,,,,,,,,,
S2,5,"[0.6, 0.8]","[0, 1]",1,0.276466415,0.552932829,,,,,,,,,,,,
S2,5,"[0.8, 1.0]","[0, 1]",0.95,0.172941703,0.345883405,,,,,,,,,,,,
S2,1,"[0, 0.2]","[0, 1]",1,0.5,1,,,,,,,,,,,,
S2,1,"[0.2, 0.4]","[0, 1]",1,0.5,1,,,,,,,,,,,,
S2,1,"[0.4, 0.6]","[0, 1]",1,0.333333333,1,,,,,,,,,,,,
S2,1,"[0.6, 0.8]","[0, 1]",0.888888889,0.121376892,0.242753784,,,,,,,,,,,,
S2,1,"[0.8, 1.0]","[0, 1]",0.866666667,0.351416471,0.702832941,,,,,,,,,,,,
S2,2,"[0, 0.2]","[0, 1]",0.566666667,0.126451502,0.252903005,,,,,,,,,,,,
S2,2,"[0.2, 0.4]","[0, 1]",0.4,0.166828938,0.333657876,,,,,,,,,,,,
S2,2,"[0.4, 0.6]","[0, 1]",0.566666667,0.143491572,0.286983145,,,,,,,,,,,,
S2,2,"[0.6, 0.8]","[0, 1]",1,0.5,1,,,,,,,,,,,,
S2,2,"[0.8, 1.0]","[0, 1]",0.958333333,0.222064169,0.444128339,,,,,,,,,,,,
S2,3,"[0, 0.2]","[0, 1]",0.633333333,0.07693761,0.153875221,,,,,,,,,,,,
S2,3,"[0.2, 0.4]","[0, 1]",0.9,0.276250978,0.276250978,,,,,,,,,,,,
S2,3,"[0.4, 0.6]","[0, 1]",0.866666667,0.150169415,0.30033883,,,,,,,,,,,,
S2,3,"[0.6, 0.8]","[0, 1]",1,1,1,,,,,,,,,,,,
S2,3,"[0.8, 1.0]","[0, 1]",1,0.5,1,,,,,,,,,,,,
S2,4,"[0, 0.2]","[0, 1]",1,0.118613574,0.237227149,,,,,,,,,,,,
S2,4,"[0.2, 0.4]","[0, 1]",1,0.5,1,,,,,,,,,,,,
S2,4,"[0.4, 0.6]","[0, 1]",1,0.30952196,0.619043921,,,,,,,,,,,,
S2,4,"[0.6, 0.8]","[0, 1]",1,0.5,1,,,,,,,,,,,,
S2,4,"[0.8, 1.0]","[0, 1]",1,0.333333333,1,,,,,,,,,,,,
S2,5,"[0, 0.2]","[0, 1]",1,0.021227804,0.042455609,,,,,,,,,,,,
S2,5,"[0.2, 0.4]","[0, 1]",1,0.206005033,0.412010067,,,,,,,,,,,,
S2,5,"[0.4, 0.6]","[0, 1]",0.862068966,0.071787358,0.071787358,,,,,,,,,,,,
S2,5,"[0.6, 0.8]","[0, 1]",1,0.5,1,,,,,,,,,,,,
S2,5,"[0.8, 1.0]","[0, 1]",0.8,0.398210692,0.398210692,,,,,,,,,,,,
S2,1,"[0, 0.2]","[0, 1]",1,1,1,,,,,,,,,,,,
S2,1,"[0.2, 0.4]","[0, 1]",1,1,1,,,,,,,,,,,,
S2,1,"[0.4, 0.6]","[0, 1]",1,1,1,,,,,,,,,,,,
S2,1,"[0.6, 0.8]","[0, 1]",0.888888889,0.376638847,0.753277695,,,,,,,,,,,,
S2,1,"[0.8, 1.0]","[0, 1]",1,1,1,,,,,,,,,,,,
S2,2,"[0, 0.2]","[0, 1]",0.5,0.139490049,0.278980098,,,,,,,,,,,,
S2,2,"[0.2, 0.4]","[0, 1]",0.4,0.419160885,0.419160885,,,,,,,,,,,,
S2,2,"[0.4, 0.6]","[0, 1]",0.6,0.143491572,0.286983145,,,,,,,,,,,,
S2,2,"[0.6, 0.8]","[0, 1]",1,1,1,,,,,,,,,,,,
S2,2,"[0.8, 1.0]","[0, 1]",0.857142857,0.18404074,0.18404074,,,,,,,,,,,,
S2,3,"[0, 0.2]","[0, 1]",0.75,0.117933923,0.117933923,,,,,,,,,,,,
S2,3,"[0.2, 0.4]","[0, 1]",0.9,0.467530802,0.467530802,,,,,,,,,,,,
S2,3,"[0.4, 0.6]","[0, 1]",0.9,0.414386392,0.414386392,,,,,,,,,,,,
S2,3,"[0.6, 0.8]","[0, 1]",1,1,1,,,,,,,,,,,,
S2,3,"[0.8, 1.0]","[0, 1]",1,0.414386392,0.414386392,,,,,,,,,,,,
S2,4,"[0, 0.2]","[0, 1]",1,0.237227149,0.237227149,,,,,,,,,,,,
S2,4,"[0.2, 0.4]","[0, 1]",0.9,0.487059697,0.487059697,,,,,,,,,,,,
S2,4,"[0.4, 0.6]","[0, 1]",1,0.786793442,0.786793442,,,,,,,,,,,,
S2,4,"[0.6, 0.8]","[0, 1]",1,1,1,,,,,,,,,,,,
S2,4,"[0.8, 1.0]","[0, 1]",1,0.786793442,0.786793442,,,,,,,,,,,,
S2,5,"[0, 0.2]","[0, 1]",1,0.262546453,0.262546453,,,,,,,,,,,,
S2,5,"[0.2, 0.4]","[0, 1]",1,0.419339633,0.419339633,,,,,,,,,,,,
S2,5,"[0.4, 0.6]","[0, 1]",0.7,0.223194519,0.223194519,,,,,,,,,,,,
S2,5,"[0.6, 0.8]","[0, 1]",0.6,0.42836872,0.42836872,,,,,,,,,,,,
S2,5,"[0.8, 1.0]","[0, 1]",0.8,0.57398801,0.57398801,,,,,,,,,,,,
S3,1,"[0, 0.2]","[0, 1]",0.966666667,0.424163734,0.424163734,,,,,,,,,,,,
S3,1,"[0.2, 0.4]","[0, 1]",1,0.592297827,0.592297827,,,,,,,,,,,,
S3,1,"[0.4, 0.6]","[0, 1]",1,0.422804267,0.422804267,,,,,,,,,,,,
S3,1,"[0.6, 0.8]","[0, 1]",1,0.755919345,0.755919345,,,,,,,,,,,,
S3,1,"[0.8, 1.0]","[0, 1]",1,1,1,,,,,,,,,,,,
S3,2,"[0, 0.2]","[0, 1]",0.833333333,0.193843458,0.193843458,,,,,,,,,,,,
S3,2,"[0.2, 0.4]","[0, 1]",0.866666667,0.234751749,0.234751749,,,,,,,,,,,,
S3,2,"[0.4, 0.6]","[0, 1]",1,0.414386392,0.414386392,,,,,,,,,,,,
S3,2,"[0.6, 0.8]","[0, 1]",1,0.165013092,0.165013092,,,,,,,,,,,,
S3,2,"[0.8, 1.0]","[0, 1]",1,0.398210692,0.398210692,,,,,,,,,,,,
S3,3,"[0, 0.2]","[0, 1]",1,0.095195935,0.190391871,,,,,,,,,,,,
S3,3,"[0.2, 0.4]","[0, 1]",0.866666667,0.168949538,0.168949538,,,,,,,,,,,,
S3,3,"[0.4, 0.6]","[0, 1]",1,0.193738402,0.193738402,,,,,,,,,,,,
S3,3,"[0.6, 0.8]","[0, 1]",1,0.171716082,0.171716082,,,,,,,,,,,,
S3,3,"[0.8, 1.0]","[0, 1]",1,1,1,,,,,,,,,,,,
S3,4,"[0, 0.2]","[0, 1]",0.931034483,0.141409505,0.141409505,,,,,,,,,,,,
S3,4,"[0.2, 0.4]","[0, 1]",0.9,0.207132271,0.207132271,,,,,,,,,,,,
S3,4,"[0.4, 0.6]","[0, 1]",1,0.177786688,0.177786688,,,,,,,,,,,,
S3,4,"[0.6, 0.8]","[0, 1]",1,0.405679552,0.405679552,,,,,,,,,,,,
S3,4,"[0.8, 1.0]","[0, 1]",1,1,1,,,,,,,,,,,,
S3,5,"[0, 0.2]","[0, 1]",1,0.305682747,0.305682747,,,,,,,,,,,,
S3,5,"[0.2, 0.4]","[0, 1]",0.966666667,0.672113379,0.672113379,,,,,,,,,,,,
S3,5,"[0.4, 0.6]","[0, 1]",0.933333333,0.672113379,0.672113379,,,,,,,,,,,,
S3,5,"[0.6, 0.8]","[0, 1]",1,1,1,,,,,,,,,,,,
S3,5,"[0.8, 1.0]","[0, 1]",1,1,1,,,,,,,,,,,,
S3,6,"[0, 0.2]","[0, 1]",0.827586207,0.166221181,0.166221181,,,,,,,,,,,,
S3,6,"[0.2, 0.4]","[0, 1]",0.566666667,0.167165495,0.167165495,,,,,,,,,,,,
S3,6,"[0.4, 0.6]","[0, 1]",0.9,0.370650843,0.370650843,,,,,,,,,,,,
S3,6,"[0.6, 0.8]","[0, 1]",0.866666667,0.633102303,0.633102303,,,,,,,,,,,,
S3,6,"[0.8, 1.0]","[0, 1]",1,0.414386392,0.414386392,,,,,,,,,,,,
S3,7,"[0, 0.2]","[0, 1]",0.8,0.406521477,0.406521477,,,,,,,,,,,,
S3,7,"[0.2, 0.4]","[0, 1]",0.866666667,0.456272914,0.456272914,,,,,,,,,,,,
S3,7,"[0.4, 0.6]","[0, 1]",1,0.823171254,0.823171254,,,,,,,,,,,,
S3,7,"[0.6, 0.8]","[0, 1]",1,0.677610913,0.677610913,,,,,,,,,,,,
S3,7,"[0.8, 1.0]","[0, 1]",1,0.823171254,0.823171254,,,,,,,,,,,,
S4,1_2,"[0, 0.2]","[0, 1]",0.766666667,1,0.5,,,,,,,,,,,,
S4,1_2,"[0.2, 0.4]","[0, 1]",0.689655172,0.638910745,0.638910745,,,,,,,,,,,,
S4,1_2,"[0.4, 0.6]","[0, 1]",0.666666667,1,0.5,,,,,,,,,,,,
S4,1_2,"[0.6, 0.8]","[0, 1]",1,0.785491394,0.785491394,,,,,,,,,,,,
S4,1_2,"[0.8, 1.0]","[0, 1]",0.625,1,0.5,,,,,,,,,,,,
S4,1_3,"[0, 0.2]","[0, 1]",0.866666667,1,0.5,,,,,,,,,,,,
S4,1_3,"[0.2, 0.4]","[0, 1]",0.866666667,0.338856817,0.169428409,,,,,,,,,,,,
S4,1_3,"[0.4, 0.6]","[0, 1]",0.933333333,1,0.5,,,,,,,,,,,,
S4,1_3,"[0.6, 0.8]","[0, 1]",0.777777778,1,0.5,,,,,,,,,,,,
S4,1_3,"[0.8, 1.0]","[0, 1]",1,0.707193196,0.707193196,,,,,,,,,,,,
S4,1_4,"[0, 0.2]","[0, 1]",0.6,0.589594437,0.294797219,,,,,,,,,,,,
S4,1_4,"[0.2, 0.4]","[0, 1]",0.9,1,0.5,,,,,,,,,,,,
S4,1_4,"[0.4, 0.6]","[0, 1]",0.566666667,1,0.5,,,,,,,,,,,,
S4,1_4,"[0.6, 0.8]","[0, 1]",0.555555556,1,0.5,,,,,,,,,,,,
S4,1_4,"[0.8, 1.0]","[0, 1]",0.833333333,1,0.5,,,,,,,,,,,,
S4,1_5,"[0, 0.2]","[0, 1]",1,0.490732208,0.245366104,,,,,,,,,,,,
S4,1_5,"[0.2, 0.4]","[0, 1]",1,0.579760635,0.289880318,,,,,,,,,,,,
S4,1_5,"[0.4, 0.6]","[0, 1]",0.966666667,1,0.5,,,,,,,,,,,,
S4,1_5,"[0.6, 0.8]","[0, 1]",1,1,0.5,,,,,,,,,,,,
S4,1_5,"[0.8, 1.0]","[0, 1]",0.655172414,1,0.5,,,,,,,,,,,,
S4,2_3,"[0, 0.2]","[0, 1]",0.566666667,0.225686193,0.225686193,,,,,,,,,,,,
S4,2_3,"[0.2, 0.4]","[0, 1]",0.619047619,0.18404074,0.09202037,,,,,,,,,,,,
S4,2_3,"[0.4, 0.6]","[0, 1]",0.391304348,0.30033883,0.150169415,,,,,,,,,,,,
S4,2_3,"[0.6, 0.8]","[0, 1]",1,1,1,,,,,,,,,,,,
S4,2_3,"[0.8, 1.0]","[0, 1]",0.576923077,0.30033883,0.150169415,,,,,,,,,,,,
S4,2_4,"[0, 0.2]","[0, 1]",0.866666667,0.487059697,0.243529849,,,,,,,,,,,,
S4,2_4,"[0.2, 0.4]","[0, 1]",0.8,0.786793442,0.393396721,,,,,,,,,,,,
S4,2_4,"[0.4, 0.6]","[0, 1]",0.833333333,0.786793442,0.393396721,,,,,,,,,,,,
S4,2_4,"[0.6, 0.8]","[0, 1]",1,1,0.5,,,,,,,,,,,,
S4,2_4,"[0.8, 1.0]","[0, 1]",0.923076923,0.786793442,0.393396721,,,,,,,,,,,,
S4,2_5,"[0, 0.2]","[0, 1]",0.7,0.252903005,0.126451502,,,,,,,,,,,,
S4,2_5,"[0.2, 0.4]","[0, 1]",0.666666667,0.212873015,0.106436507,,,,,,,,,,,,
S4,2_5,"[0.4, 0.6]","[0, 1]",0.827586207,0.318805446,0.318805446,,,,,,,,,,,,
S4,2_5,"[0.6, 0.8]","[0, 1]",1,0.707193196,0.707193196,,,,,,,,,,,,
S4,2_5,"[0.8, 1.0]","[0, 1]",0.5,0.337572985,0.168786492,,,,,,,,,,,,
S4,3_4,"[0, 0.2]","[0, 1]",0.517241379,0.237227149,0.118613574,,,,,,,,,,,,
S4,3_4,"[0.2, 0.4]","[0, 1]",0.866666667,0.619043921,0.30952196,,,,,,,,,,,,
S4,3_4,"[0.4, 0.6]","[0, 1]",0.866666667,0.487059697,0.243529849,,,,,,,,,,,,
S4,3_4,"[0.6, 0.8]","[0, 1]",1,0.751306301,0.751306301,,,,,,,,,,,,
S4,3_4,"[0.8, 1.0]","[0, 1]",0.9,0.786793442,0.393396721,,,,,,,,,,,,
S4,3_5,"[0, 0.2]","[0, 1]",0.888888889,0.30033883,0.150169415,,,,,,,,,,,,
S4,3_5,"[0.2, 0.4]","[0, 1]",0.866666667,0.213973062,0.106986531,,,,,,,,,,,,
S4,3_5,"[0.4, 0.6]","[0, 1]",0.666666667,0.237852821,0.11892641,,,,,,,,,,,,
S4,3_5,"[0.6, 0.8]","[0, 1]",1,0.707193196,0.707193196,,,,,,,,,,,,
S4,3_5,"[0.8, 1.0]","[0, 1]",0.9,0.268357074,0.134178537,,,,,,,,,,,,
S4,4_5,"[0, 0.2]","[0, 1]",1,0.396452879,0.396452879,,,,,,,,,,,,
S4,4_5,"[0.2, 0.4]","[0, 1]",0.933333333,0.467530802,0.233765401,,,,,,,,,,,,
S4,4_5,"[0.4, 0.6]","[0, 1]",0.733333333,0.53284399,0.266421995,,,,,,,,,,,,
S4,4_5,"[0.6, 0.8]","[0, 1]",1,0.733765401,0.733765401,,,,,,,,,,,,
S4,4_5,"[0.8, 1.0]","[0, 1]",0.966666667,0.600589917,0.600589917,,,,,,,,,,,,
S5,1_2,"[0, 0.2]","[0, 1]",0.933333333,0.354281022,0.177140511,,,,,,,,,,,,
S5,1_2,"[0.2, 0.4]","[0, 1]",0.933333333,0.380680816,0.190340408,,,,,,,,,,,,
S5,1_2,"[0.4, 0.6]","[0, 1]",0.933333333,0.367437359,0.183718679,,,,,,,,,,,,
S5,1_2,"[0.6, 0.8]","[0, 1]",0.666666667,0.57171218,0.28585609,,,,,,,,,,,,
S5,1_2,"[0.8, 1.0]","[0, 1]",1,0.680390726,0.680390726,,,,,,,,,,,,
S5,1_3,"[0, 0.2]","[0, 1]",0.933333333,0.422143656,0.211071828,,,,,,,,,,,,
S5,1_3,"[0.2, 0.4]","[0, 1]",0.8,0.340485499,0.340485499,,,,,,,,,,,,
S5,1_3,"[0.4, 0.6]","[0, 1]",1,0.35716019,0.35716019,,,,,,,,,,,,
S5,1_3,"[0.6, 0.8]","[0, 1]",0.5,0.47979812,0.23989906,,,,,,,,,,,,
S5,1_3,"[0.8, 1.0]","[0, 1]",1,0.479254762,0.479254762,,,,,,,,,,,,
S5,1_4,"[0, 0.2]","[0, 1]",1,0.422143656,0.211071828,,,,,,,,,,,,
S5,1_4,"[0.2, 0.4]","[0, 1]",0.9,0.444532722,0.222266361,,,,,,,,,,,,
S5,1_4,"[0.4, 0.6]","[0, 1]",0.866666667,0.562126557,0.281063279,,,,,,,,,,,,
S5,1_4,"[0.6, 0.8]","[0, 1]",0.766666667,0.606048063,0.303024031,,,,,,,,,,,,
S5,1_4,"[0.8, 1.0]","[0, 1]",1,0.483874919,0.483874919,,,,,,,,,,,,
S5,1_5,"[0, 0.2]","[0, 1]",0.966666667,0.488328702,0.244164351,,,,,,,,,,,,
S5,1_5,"[0.2, 0.4]","[0, 1]",0.966666667,0.406897729,0.203448865,,,,,,,,,,,,
S5,1_5,"[0.4, 0.6]","[0, 1]",1,0.520131308,0.260065654,,,,,,,,,,,,
S5,1_5,"[0.6, 0.8]","[0, 1]",1,1,0.5,,,,,,,,,,,,
S5,1_5,"[0.8, 1.0]","[0, 1]",1,1,0.5,,,,,,,,,,,,
S5,1_6,"[0, 0.2]","[0, 1]",0.966666667,0.38097038,0.19048519,,,,,,,,,,,,
S5,1_6,"[0.2, 0.4]","[0, 1]",0.866666667,0.410724815,0.205362408,,,,,,,,,,,,
S5,1_6,"[0.4, 0.6]","[0, 1]",0.966666667,0.528776217,0.264388109,,,,,,,,,,,,
S5,1_6,"[0.6, 0.8]","[0, 1]",0.6,0.536446349,0.268223174,,,,,,,,,,,,
S5,1_6,"[0.8, 1.0]","[0, 1]",1,0.594054387,0.594054387,,,,,,,,,,,,
S5,1_7,"[0, 0.2]","[0, 1]",1,0.339692435,0.169846218,,,,,,,,,,,,
S5,1_7,"[0.2, 0.4]","[0, 1]",0.5,0.456076486,0.228038243,,,,,,,,,,,,
S5,1_7,"[0.4, 0.6]","[0, 1]",1,0.603652948,0.301826474,,,,,,,,,,,,
S5,1_7,"[0.6, 0.8]","[0, 1]",0.5,0.633102303,0.316551151,,,,,,,,,,,,
S5,1_7,"[0.8, 1.0]","[0, 1]",1,0.732202178,0.732202178,,,,,,,,,,,,
S5,2_3,"[0, 0.2]","[0, 1]",0.933333333,0.205387834,0.205387834,,,,,,,,,,,,
S5,2_3,"[0.2, 0.4]","[0, 1]",0.833333333,0.22584578,0.11292289,,,,,,,,,,,,
S5,2_3,"[0.4, 0.6]","[0, 1]",0.833333333,0.248428467,0.124214233,,,,,,,,,,,,
S5,2_3,"[0.6, 0.8]","[0, 1]",1,0.204784451,0.204784451,,,,,,,,,,,,
S5,2_3,"[0.8, 1.0]","[0, 1]",1,0.372852046,0.372852046,,,,,,,,,,,,
S5,2_4,"[0, 0.2]","[0, 1]",1,0.183126129,0.091563065,,,,,,,,,,,,
S5,2_4,"[0.2, 0.4]","[0, 1]",0.833333333,0.22584578,0.11292289,,,,,,,,,,,,
S5,2_4,"[0.4, 0.6]","[0, 1]",0,0.230171502,0.115085751,,,,,,,,,,,,
S5,2_4,"[0.6, 0.8]","[0, 1]",0,0.230171502,0.115085751,,,,,,,,,,,,
S5,2_4,"[0.8, 1.0]","[0, 1]",1,0.377472203,0.377472203,,,,,,,,,,,,
S5,2_5,"[0, 0.2]","[0, 1]",0.633333333,0.672113379,0.336056689,,,,,,,,,,,,
S5,2_5,"[0.2, 0.4]","[0, 1]",0.933333333,0.524971101,0.26248555,,,,,,,,,,,,
S5,2_5,"[0.4, 0.6]","[0, 1]",0,0.642479786,0.321239893,,,,,,,,,,,,
S5,2_5,"[0.6, 0.8]","[0, 1]",1,0.617375875,0.617375875,,,,,,,,,,,,
S5,2_5,"[0.8, 1.0]","[0, 1]",1,0.786994005,0.786994005,,,,,,,,,,,,
S5,2_6,"[0, 0.2]","[0, 1]",0.933333333,0.224595446,0.112297723,,,,,,,,,,,,
S5,2_6,"[0.2, 0.4]","[0, 1]",0.9,0.202099412,0.101049706,,,,,,,,,,,,
S5,2_6,"[0.4, 0.6]","[0, 1]",0.833333333,0.264542929,0.132271465,,,,,,,,,,,,
S5,2_6,"[0.6, 0.8]","[0, 1]",0.933333333,0.264542929,0.132271465,,,,,,,,,,,,
S5,2_6,"[0.8, 1.0]","[0, 1]",1,0.487651671,0.487651671,,,,,,,,,,,,
S5,2_7,"[0, 0.2]","[0, 1]",1,0.28362715,0.141813575,,,,,,,,,,,,
S5,2_7,"[0.2, 0.4]","[0, 1]",0.8,0.477312547,0.238656274,,,,,,,,,,,,
S5,2_7,"[0.4, 0.6]","[0, 1]",1,0.677610913,0.338805457,,,,,,,,,,,,
S5,2_7,"[0.6, 0.8]","[0, 1]",0.933333333,0.557789825,0.278894913,,,,,,,,,,,,
S5,2_7,"[0.8, 1.0]","[0, 1]",1,0.507591949,0.507591949,,,,,,,,,,,,
S5,3_4,"[0, 0.2]","[0, 1]",0.633333333,0.104908295,0.052454147,,,,,,,,,,,,
S5,3_4,"[0.2, 0.4]","[0, 1]",0.7,0.227459222,0.113729611,,,,,,,,,,,,
S5,3_4,"[0.4, 0.6]","[0, 1]",0.833333333,0.186807599,0.186807599,,,,,,,,,,,,
S5,3_4,"[0.6, 0.8]","[0, 1]",0.966666667,0.204515616,0.102257808,,,,,,,,,,,,
S5,3_4,"[0.8, 1.0]","[0, 1]",1,0.590478198,0.590478198,,,,,,,,,,,,
S5,3_5,"[0, 0.2]","[0, 1]",0.966666667,0.379767386,0.189883693,,,,,,,,,,,,
S5,3_5,"[0.2, 0.4]","[0, 1]",0.766666667,0.554133814,0.277066907,,,,,,,,,,,,
S5,3_5,"[0.4, 0.6]","[0, 1]",0.666666667,0.573397221,0.286698611,,,,,,,,,,,,
S5,3_5,"[0.6, 0.8]","[0, 1]",1,0.585858041,0.585858041,,,,,,,,,,,,
S5,3_5,"[0.8, 1.0]","[0, 1]",1,0.707193196,0.707193196,,,,,,,,,,,,
S5,3_6,"[0, 0.2]","[0, 1]",0.966666667,0.180471259,0.09023563,,,,,,,,,,,,
S5,3_6,"[0.2, 0.4]","[0, 1]",0.866666667,0.204515616,0.102257808,,,,,,,,,,,,
S5,3_6,"[0.4, 0.6]","[0, 1]",0.933333333,0.198721383,0.198721383,,,,,,,,,,,,
S5,3_6,"[0.6, 0.8]","[0, 1]",0.633333333,0.188238349,0.094119175,,,,,,,,,,,,
S5,3_6,"[0.8, 1.0]","[0, 1]",1,0.286515707,0.286515707,,,,,,,,,,,,
S5,3_7,"[0, 0.2]","[0, 1]",1,0.220418072,0.110209036,,,,,,,,,,,,
S5,3_7,"[0.2, 0.4]","[0, 1]",0.633333333,0.542290464,0.271145232,,,,,,,,,,,,
S5,3_7,"[0.4, 0.6]","[0, 1]",0.8,0.477312547,0.238656274,,,,,,,,,,,,
S5,3_7,"[0.6, 0.8]","[0, 1]",0.7,0.542290464,0.271145232,,,,,,,,,,,,
S5,3_7,"[0.8, 1.0]","[0, 1]",1,0.618778823,0.618778823,,,,,,,,,,,,
S5,4_5,"[0, 0.2]","[0, 1]",0.966666667,0.374535709,0.187267854,,,,,,,,,,,,
S5,4_5,"[0.2, 0.4]","[0, 1]",0.966666667,0.488328702,0.244164351,,,,,,,,,,,,
S5,4_5,"[0.4, 0.6]","[0, 1]",0.866666667,0.672113379,0.336056689,,,,,,,,,,,,
S5,4_5,"[0.6, 0.8]","[0, 1]",0.633333333,1,0.5,,,,,,,,,,,,
S5,4_5,"[0.8, 1.0]","[0, 1]",1,0.672113379,0.336056689,,,,,,,,,,,,
S5,4_6,"[0, 0.2]","[0, 1]",0.933333333,0.153745476,0.076872738,,,,,,,,,,,,
S5,4_6,"[0.2, 0.4]","[0, 1]",0,0.170340198,0.085170099,,,,,,,,,,,,
S5,4_6,"[0.4, 0.6]","[0, 1]",1,0.219012162,0.109506081,,,,,,,,,,,,
S5,4_6,"[0.6, 0.8]","[0, 1]",0.966666667,0.204615842,0.204615842,,,,,,,,,,,,
S5,4_6,"[0.8, 1.0]","[0, 1]",1,0.291135864,0.291135864,,,,,,,,,,,,
S5,4_7,"[0, 0.2]","[0, 1]",0.966666667,0.34270284,0.17135142,,,,,,,,,,,,
S5,4_7,"[0.2, 0.4]","[0, 1]",0.566666667,0.425713966,0.212856983,,,,,,,,,,,,
S5,4_7,"[0.4, 0.6]","[0, 1]",0.6,0.443631317,0.221815659,,,,,,,,,,,,
S5,4_7,"[0.6, 0.8]","[0, 1]",0.5,0.633102303,0.316551151,,,,,,,,,,,,
S5,4_7,"[0.8, 1.0]","[0, 1]",1,0.429283655,0.429283655,,,,,,,,,,,,
S5,5_6,"[0, 0.2]","[0, 1]",1,0.432820187,0.216410094,,,,,,,,,,,,
S5,5_6,"[0.2, 0.4]","[0, 1]",0.933333333,0.554133814,0.277066907,,,,,,,,,,,,
S5,5_6,"[0.4, 0.6]","[0, 1]",0.933333333,0.672113379,0.336056689,,,,,,,,,,,,
S5,5_6,"[0.6, 0.8]","[0, 1]",1,0.601049706,0.601049706,,,,,,,,,,,,
S5,5_6,"[0.8, 1.0]","[0, 1]",1,0.700657666,0.700657666,,,,,,,,,,,,
S5,5_7,"[0, 0.2]","[0, 1]",1,0.488328702,0.244164351,,,,,,,,,,,,
S5,5_7,"[0.2, 0.4]","[0, 1]",0.566666667,0.672113379,0.336056689,,,,,,,,,,,,
S5,5_7,"[0.4, 0.6]","[0, 1]",0.8,0.562114569,0.562114569,,,,,,,,,,,,
S5,5_7,"[0.6, 0.8]","[0, 1]",0.966666667,0.804182096,0.804182096,,,,,,,,,,,,
S5,5_7,"[0.8, 1.0]","[0, 1]",1,0.838805457,0.838805457,,,,,,,,,,,,
S5,6_7,"[0, 0.2]","[0, 1]",0.9,0.299362657,0.299362657,,,,,,,,,,,,
S5,6_7,"[0.2, 0.4]","[0, 1]",0,0.497266017,0.248633009,,,,,,,,,,,,
S5,6_7,"[0.4, 0.6]","[0, 1]",0.833333333,0.336033527,0.168016763,,,,,,,,,,,,
S5,6_7,"[0.6, 0.8]","[0, 1]",1,0.417600858,0.417600858,,,,,,,,,,,,
S5,6_7,"[0.8, 1.0]","[0, 1]",1,0.522187668,0.522187668,,,,,,,,,,,,
S4,1_2,"[0, 0.2]","[0, 1]",0.8,1,0.5,,,,,,,,,,,,
S4,1_2,"[0.2, 0.4]","[0, 1]",0.7,1,0.5,,,,,,,,,,,,
S4,1_2,"[0.4, 0.6]","[0, 1]",0.961538462,1,0.5,,,,,,,,,,,,
S4,1_2,"[0.6, 0.8]","[0, 1]",1,0.643491572,0.643491572,,,,,,,,,,,,
S4,1_2,"[0.8, 1.0]","[0, 1]",0.925925926,0.59202037,0.59202037,,,,,,,,,,,,
S4,1_3,"[0, 0.2]","[0, 1]",0.633333333,0.522575007,0.261287503,,,,,,,,,,,,
S4,1_3,"[0.2, 0.4]","[0, 1]",0.9,0.522575007,0.261287503,,,,,,,,,,,,
S4,1_3,"[0.4, 0.6]","[0, 1]",0.533333333,0.589594437,0.294797219,,,,,,,,,,,,
S4,1_3,"[0.6, 0.8]","[0, 1]",0.777777778,1,0.5,,,,,,,,,,,,
S4,1_3,"[0.8, 1.0]","[0, 1]",1,0.707193196,0.707193196,,,,,,,,,,,,
S4,1_4,"[0, 0.2]","[0, 1]",0.633333333,0.589594437,0.294797219,,,,,,,,,,,,
S4,1_4,"[0.2, 0.4]","[0, 1]",0.966666667,1,0.5,,,,,,,,,,,,
S4,1_4,"[0.4, 0.6]","[0, 1]",0.566666667,1,0.5,,,,,,,,,,,,
S4,1_4,"[0.6, 0.8]","[0, 1]",0.555555556,1,0.5,,,,,,,,,,,,
S4,1_4,"[0.8, 1.0]","[0, 1]",0.8,1,0.5,,,,,,,,,,,,
S4,1_5,"[0, 0.2]","[0, 1]",1,0.601278218,0.300639109,,,,,,,,,,,,
S4,1_5,"[0.2, 0.4]","[0, 1]",1,1,0.5,,,,,,,,,,,,
S4,1_5,"[0.4, 0.6]","[0, 1]",0.966666667,1,0.5,,,,,,,,,,,,
S4,1_5,"[0.6, 0.8]","[0, 1]",1,0.707193196,0.707193196,,,,,,,,,,,,
S4,1_5,"[0.8, 1.0]","[0, 1]",1,0.707193196,0.707193196,,,,,,,,,,,,
S4,2_3,"[0, 0.2]","[0, 1]",0.6,0.258695514,0.129347757,,,,,,,,,,,,
S4,2_3,"[0.2, 0.4]","[0, 1]",0.6,0.196715897,0.098357949,,,,,,,,,,,,
S4,2_3,"[0.4, 0.6]","[0, 1]",0.7,0.215750161,0.215750161,,,,,,,,,,,,
S4,2_3,"[0.6, 0.8]","[0, 1]",1,1,1,,,,,,,,,,,,
S4,2_3,"[0.8, 1.0]","[0, 1]",0.9,0.197470291,0.197470291,,,,,,,,,,,,
S4,2_4,"[0, 0.2]","[0, 1]",0.866666667,0.40154233,0.40154233,,,,,,,,,,,,
S4,2_4,"[0.2, 0.4]","[0, 1]",0.833333333,0.786793442,0.393396721,,,,,,,,,,,,
S4,2_4,"[0.4, 0.6]","[0, 1]",0.766666667,0.786793442,0.393396721,,,,,,,,,,,,
S4,2_4,"[0.6, 0.8]","[0, 1]",1,1,0.5,,,,,,,,,,,,
S4,2_4,"[0.8, 1.0]","[0, 1]",0.8,1,0.5,,,,,,,,,,,,
S4,2_5,"[0, 0.2]","[0, 1]",0.9,0.235483143,0.235483143,,,,,,,,,,,,
S4,2_5,"[0.2, 0.4]","[0, 1]",0.7,0.211652281,0.10582614,,,,,,,,,,,,
S4,2_5,"[0.4, 0.6]","[0, 1]",0.793103448,0.318805446,0.318805446,,,,,,,,,,,,
S4,2_5,"[0.6, 0.8]","[0, 1]",1,0.707193196,0.707193196,,,,,,,,,,,,
S4,2_5,"[0.8, 1.0]","[0, 1]",0,0.237852821,0.11892641,,,,,,,,,,,,
S4,3_4,"[0, 0.2]","[0, 1]",0.851851852,0.383215376,0.191607688,,,,,,,,,,,,
S4,3_4,"[0.2, 0.4]","[0, 1]",0.933333333,0.786793442,0.393396721,,,,,,,,,,,,
S4,3_4,"[0.4, 0.6]","[0, 1]",0.733333333,0.487059697,0.243529849,,,,,,,,,,,,
S4,3_4,"[0.6, 0.8]","[0, 1]",1,0.751306301,0.751306301,,,,,,,,,,,,
S4,3_4,"[0.8, 1.0]","[0, 1]",0.533333333,0.487059697,0.243529849,,,,,,,,,,,,
S4,3_5,"[0, 0.2]","[0, 1]",0.7,0.286962906,0.286962906,,,,,,,,,,,,
S4,3_5,"[0.2, 0.4]","[0, 1]",0.833333333,0.264672661,0.13233633,,,,,,,,,,,,
S4,3_5,"[0.4, 0.6]","[0, 1]",0.833333333,0.30033883,0.150169415,,,,,,,,,,,,
S4,3_5,"[0.6, 0.8]","[0, 1]",0.9,0.237852821,0.11892641,,,,,,,,,,,,
S4,3_5,"[0.8, 1.0]","[0, 1]",0.766666667,0.30033883,0.150169415,,,,,,,,,,,,
S4,4_5,"[0, 0.2]","[0, 1]",1,0.310534098,0.310534098,,,,,,,,,,,,
S4,4_5,"[0.2, 0.4]","[0, 1]",0.666666667,0.619043921,0.30952196,,,,,,,,,,,,
S4,4_5,"[0.4, 0.6]","[0, 1]",0.733333333,0.487059697,0.243529849,,,,,,,,,,,,
S4,4_5,"[0.6, 0.8]","[0, 1]",1,0.707193196,0.707193196,,,,,,,,,,,,
S4,4_5,"[0.8, 1.0]","[0, 1]",1,0.627162122,0.627162122,,,,num,分析,,,,,,,
S2,1,"[0, 0.2]","[0, 1]",1,1,1,1,0.5,1,30,,,,,,,,
S2,1,"[0.2, 0.4]","[0, 1]",1,1,1,1,1,1,30,,,,,,,,
S2,1,"[0.4, 0.6]","[0, 1]",1,1,1,1,1,1,30,,,,,,,,
S2,1,"[0.6, 0.8]","[0, 1]",0.888888889,0.376638847,0.753277695,0.555555556,0.753277695,0.753277695,9,样本量太少,,,,,,,
S2,1,"[0.8, 1.0]","[0, 1]",1,1,1,1,1,1,30,,,,,,,,
S2,2,"[0, 0.2]","[0, 1]",0.533333333,0.121557887,0.243115775,0.607142857,0.094036153,0.094036153,30,,,,,,,,
S2,2,"[0.2, 0.4]","[0, 1]",0.413793103,0.371514703,0.371514703,0.5,0.143491572,0.286983145,30,,,,,,,,
S2,2,"[0.4, 0.6]","[0, 1]",0.533333333,0.163018248,0.326036496,0.633333333,0.188224489,0.376448978,30,,,,,,,,
S2,2,"[0.6, 0.8]","[0, 1]",1,1,1,1,1,1,30,,,,,,,,
S2,2,"[0.8, 1.0]","[0, 1]",0.92,0.18404074,0.18404074,0.95,0.18404074,0.18404074,30,由于意图维度的高度一致性，导致其它维度也高度一致（没有语义推理的一致），其它维度意图更加显著,,,,,,,
S2,3,"[0, 0.2]","[0, 1]",0.68,0.117933923,0.117933923,0.633333333,0.260090101,0.260090101,,,,,,,,,
S2,3,"[0.2, 0.4]","[0, 1]",0.9,0.467530802,0.467530802,0.896551724,0.412010067,0.412010067,,,,,,,,,
S2,3,"[0.4, 0.6]","[0, 1]",0.866666667,0.414386392,0.414386392,0.896551724,0.414386392,0.414386392,,,,,,,,,
S2,3,"[0.6, 0.8]","[0, 1]",1,1,1,1,1,1,,,,,,,,,
S2,3,"[0.8, 1.0]","[0, 1]",1,0.414386392,0.414386392,1,1,1,,,,,,,,,
S2,4,"[0, 0.2]","[0, 1]",1,0.237227149,0.237227149,1,0.237227149,0.237227149,,,,,,,,,
S2,4,"[0.2, 0.4]","[0, 1]",1,0.487059697,0.487059697,1,0.333333333,1,,,,,,,,,
S2,4,"[0.4, 0.6]","[0, 1]",0.933333333,0.786793442,0.786793442,0.966666667,0.786793442,0.786793442,,,,,,,,,
S2,4,"[0.6, 0.8]","[0, 1]",1,1,1,1,1,1,,,,,,,,,
S2,4,"[0.8, 1.0]","[0, 1]",1,1,1,1,0.393396721,0.786793442,,,,,,,,,
S2,5,"[0, 0.2]","[0, 1]",1,0.262546453,0.262546453,1,0.329859323,0.329859323,,,,,,,,,
S2,5,"[0.2, 0.4]","[0, 1]",0.9,0.58811853,0.58811853,0.966666667,0.518277627,0.518277627,,,,,,,,,
S2,5,"[0.4, 0.6]","[0, 1]",0.933333333,0.58811853,0.58811853,1,1,1,,,,,,,,,
S2,5,"[0.6, 0.8]","[0, 1]",1,0.58811853,0.58811853,1,0.233765401,0.467530802,,,,,,,,,
S2,5,"[0.8, 1.0]","[0, 1]",0.8,0.57398801,0.57398801,0.9,0.58811853,0.58811853,,,,,,,,,
S2,1,"[0, 0.2]","[0, 1]",1,1,1,,,,,,,,,,,,
S2,1,"[0.2, 0.4]","[0, 1]",1,1,1,,,,,,,,,,,,
S2,1,"[0.4, 0.6]","[0, 1]",1,1,1,,,,,,,,,,,,
S2,1,"[0.6, 0.8]","[0, 1]",0.888888889,0.376638847,0.753277695,,,,,,,,,,,,
S2,1,"[0.8, 1.0]","[0, 1]",1,1,1,,,,,,,,,,,,
S2,2,"[0, 0.2]","[0, 1]",0.6,0.10849974,0.216999479,,,,,,,,,,,,
S2,2,"[0.2, 0.4]","[0, 1]",0.5,0.407739904,0.407739904,,,,,,,,,,,,
S2,2,"[0.4, 0.6]","[0, 1]",0.633333333,0.317152899,0.317152899,,,,,,,,,,,,
S2,2,"[0.6, 0.8]","[0, 1]",1,1,1,,,,,,,,,,,,
S2,2,"[0.8, 1.0]","[0, 1]",1,0.18404074,0.18404074,,,,,,,,,,,,
S2,3,"[0, 0.2]","[0, 1]",0.633333333,0.20956438,0.20956438,,,,,,,,,,,,
S2,3,"[0.2, 0.4]","[0, 1]",0.962962963,0.365176721,0.365176721,,,,,,,,,,,,
S2,3,"[0.4, 0.6]","[0, 1]",0.862068966,0.414386392,0.414386392,,,,,,,,,,,,
S2,3,"[0.6, 0.8]","[0, 1]",1,1,1,,,,,,,,,,,,
S2,3,"[0.8, 1.0]","[0, 1]",1,0.414386392,0.414386392,,,,,,,,,,,,
S2,4,"[0, 0.2]","[0, 1]",1,0.186648765,0.186648765,,,,,,,,,,,,
S2,4,"[0.2, 0.4]","[0, 1]",0.9,0.619043921,0.619043921,,,,,,,,,,,,
S2,4,"[0.4, 0.6]","[0, 1]",0.9,0.786793442,0.786793442,,,,,,,,,,,,
S2,4,"[0.6, 0.8]","[0, 1]",1,1,1,,,,,,,,,,,,
S2,4,"[0.8, 1.0]","[0, 1]",1,1,1,,,,,,,,,,,,
S2,5,"[0, 0.2]","[0, 1]",1,0.262546453,0.262546453,,,,,,,,,,,,
S2,5,"[0.2, 0.4]","[0, 1]",0.933333333,0.518277627,0.518277627,,,,,,,,,,,,
S2,5,"[0.4, 0.6]","[0, 1]",0.9,0.071787358,0.071787358,,,,,,,,,,,,
S2,5,"[0.6, 0.8]","[0, 1]",1,0.58811853,0.58811853,,,,,,,,,,,,
S2,5,"[0.8, 1.0]","[0, 1]",0.866666667,0.57398801,0.57398801,,,,,,,,,,,,
S2,1,"[0, 0.2]","[0, 1]",1,0.5,1,,,,,,,,,,,,
S2,1,"[0.2, 0.4]","[0, 1]",1,0.249715678,0.499431357,,,,,,,,,,,,
S2,1,"[0.4, 0.6]","[0, 1]",1,0.5,1,,,,,,,,,,,,
S2,1,"[0.6, 0.8]","[0, 1]",0.888888889,0.121376892,0.242753784,,,,,,,,,,,,
S2,1,"[0.8, 1.0]","[0, 1]",1,1,1,,,,,,,,,,,,
S2,2,"[0, 0.2]","[0, 1]",0.566666667,0.090989065,0.181978131,,,,,,,,,,,,
S2,2,"[0.2, 0.4]","[0, 1]",0.233333333,0.1444879,0.2889758,,,,,,,,,,,,
S2,2,"[0.4, 0.6]","[0, 1]",0.766666667,0.285491394,0.570982788,,,,,,,,,,,,
S2,2,"[0.6, 0.8]","[0, 1]",1,0.5,1,,,,,,,,,,,,
S2,2,"[0.8, 1.0]","[0, 1]",0.766666667,0.207193196,0.414386392,,,,,,,,,,,,
S2,3,"[0, 0.2]","[0, 1]",0.733333333,0.035590166,0.106770499,,,,,,,,,,,,
S2,3,"[0.2, 0.4]","[0, 1]",0.896551724,0.320683003,0.320683003,,,,,,,,,,,,
S2,3,"[0.4, 0.6]","[0, 1]",0.9,0.414386392,0.414386392,,,,,,,,,,,,
S2,3,"[0.6, 0.8]","[0, 1]",1,1,1,,,,,,,,,,,,
S2,3,"[0.8, 1.0]","[0, 1]",0.966666667,0.362389832,0.724779664,,,,,,,,,,,,
S2,4,"[0, 0.2]","[0, 1]",1,0.237227149,0.237227149,,,,,,,,,,,,
S2,4,"[0.2, 0.4]","[0, 1]",1,0.5,1,,,,,,,,,,,,
S2,4,"[0.4, 0.6]","[0, 1]",1,0.30952196,0.619043921,,,,,,,,,,,,
S2,4,"[0.6, 0.8]","[0, 1]",1,0.5,1,,,,,,,,,,,,
S2,4,"[0.8, 1.0]","[0, 1]",1,0.5,1,,,,,,,,,,,,
S2,5,"[0, 0.2]","[0, 1]",1,0.056952604,0.113905208,,,,,,,,,,,,
S2,5,"[0.2, 0.4]","[0, 1]",0.966666667,0.300040132,0.300040132,,,,,,,,,,,,
S2,5,"[0.4, 0.6]","[0, 1]",1,0.207193196,0.414386392,,,,,,,,,,,,
S2,5,"[0.6, 0.8]","[0, 1]",1,0.233765401,0.467530802,,,,,,,,,,,,
S2,5,"[0.8, 1.0]","[0, 1]",0.9,0.398210692,0.398210692,,,,,,,,,,,,
S2,1,"[0, 0.2]","[0, 1]",1,1,1,,,,,,,,,,,,
S2,1,"[0.2, 0.4]","[0, 1]",1,1,1,,,,,,,,,,,,
S2,1,"[0.4, 0.6]","[0, 1]",1,1,1,,,,,,,,,,,,
S2,1,"[0.6, 0.8]","[0, 1]",0.555555556,0.753277695,0.753277695,,,,,,,,,,,,
S2,1,"[0.8, 1.0]","[0, 1]",1,1,1,,,,,,,,,,,,
S2,2,"[0, 0.2]","[0, 1]",0.566666667,0.224155421,0.224155421,,,,,,,,,,,,
S2,2,"[0.2, 0.4]","[0, 1]",0.4,0.286983145,0.286983145,,,,,,,,,,,,
S2,2,"[0.4, 0.6]","[0, 1]",0.566666667,0.286983145,0.286983145,,,,,,,,,,,,
S2,2,"[0.6, 0.8]","[0, 1]",1,1,1,,,,,,,,,,,,
S2,2,"[0.8, 1.0]","[0, 1]",1,0.414386392,0.414386392,,,,,,,,,,,,
S2,3,"[0, 0.2]","[0, 1]",0.433333333,0.198072377,0.198072377,,,,,,,,,,,,
S2,3,"[0.2, 0.4]","[0, 1]",0.833333333,0.338856817,0.338856817,,,,,,,,,,,,
S2,3,"[0.4, 0.6]","[0, 1]",0.965517241,0.414386392,0.414386392,,,,,,,,,,,,
S2,3,"[0.6, 0.8]","[0, 1]",1,1,1,,,,,,,,,,,,
S2,3,"[0.8, 1.0]","[0, 1]",1,0.414386392,0.414386392,,,,,,,,,,,,
S2,4,"[0, 0.2]","[0, 1]",1,1,1,,,,,,,,,,,,
S2,4,"[0.2, 0.4]","[0, 1]",0.766666667,0.619043921,0.619043921,,,,,,,,,,,,
S2,4,"[0.4, 0.6]","[0, 1]",0.9,0.786793442,0.786793442,,,,,,,,,,,,
S2,4,"[0.6, 0.8]","[0, 1]",1,1,1,,,,,,,,,,,,
S2,4,"[0.8, 1.0]","[0, 1]",1,1,1,,,,,,,,,,,,
S2,5,"[0, 0.2]","[0, 1]",1,0.329859323,0.329859323,,,,,,,,,,,,
S2,5,"[0.2, 0.4]","[0, 1]",0.933333333,0.412010067,0.412010067,,,,,,,,,,,,
S2,5,"[0.4, 0.6]","[0, 1]",0.9,0.232875204,0.232875204,,,,,,,,,,,,
S2,5,"[0.6, 0.8]","[0, 1]",1,0.467530802,0.467530802,,,,,,,,,,,,
S2,5,"[0.8, 1.0]","[0, 1]",0.933333333,1,1,,,,,,,,,,,,
S2,1,"[0, 0.2]","[0, 1]",1,1,1,1,0.5,1,,,,,,,,,
S2,1,"[0.2, 0.4]","[0, 1]",1,1,1,1,1,1,,,,,,,,,
S2,1,"[0.4, 0.6]","[0, 1]",1,1,1,1,1,1,,,,,,,,,
S2,1,"[0.6, 0.8]","[0, 1]",0.555555556,0.753277695,0.753277695,0.555555556,0.753277695,0.753277695,,,,,,,,,
S2,1,"[0.8, 1.0]","[0, 1]",1,1,1,1,1,1,,,,,,,,,
S2,2,"[0, 0.2]","[0, 1]",0.566666667,0.132228686,0.132228686,0.607142857,0.094036153,0.094036153,,,,,,,,,
S2,2,"[0.2, 0.4]","[0, 1]",0.266666667,0.286983145,0.286983145,0.5,0.143491572,0.286983145,,,,,,,,,
S2,2,"[0.4, 0.6]","[0, 1]",0.633333333,0.286983145,0.286983145,0.633333333,0.188224489,0.376448978,,,,,,,,,
S2,2,"[0.6, 0.8]","[0, 1]",1,1,1,1,1,1,,,,,,,,,
S2,2,"[0.8, 1.0]","[0, 1]",1,0.414386392,0.414386392,0.95,0.18404074,0.18404074,,,,,,,,,
S2,3,"[0, 0.2]","[0, 1]",0.8,0.119697353,0.119697353,0.633333333,0.260090101,0.260090101,,,,,,,,,
S2,3,"[0.2, 0.4]","[0, 1]",0.888888889,0.412010067,0.412010067,0.896551724,0.412010067,0.412010067,,,,,,,,,
S2,3,"[0.4, 0.6]","[0, 1]",0.866666667,0.414386392,0.414386392,0.896551724,0.414386392,0.414386392,,,,,,,,,
S2,3,"[0.6, 0.8]","[0, 1]",1,1,1,1,1,1,,,,,,,,,
S2,3,"[0.8, 1.0]","[0, 1]",1,1,1,1,1,1,,,,,,,,,
S2,4,"[0, 0.2]","[0, 1]",1,0.186648765,0.186648765,1,0.237227149,0.237227149,,,,,,,,,
S2,4,"[0.2, 0.4]","[0, 1]",0.966666667,0.619043921,0.619043921,1,0.333333333,1,,,,,,,,,
S2,4,"[0.4, 0.6]","[0, 1]",0.8,0.619043921,0.619043921,0.966666667,0.786793442,0.786793442,,,,,,,,,
S2,4,"[0.6, 0.8]","[0, 1]",1,1,1,1,1,1,,,,,,,,,
S2,4,"[0.8, 1.0]","[0, 1]",1,1,1,1,0.393396721,0.786793442,,,,,,,,,
S2,5,"[0, 0.2]","[0, 1]",1,0.329859323,0.329859323,1,0.329859323,0.329859323,,,,,,,,,
S2,5,"[0.2, 0.4]","[0, 1]",0.966666667,0.412010067,0.412010067,0.966666667,0.518277627,0.518277627,,,,,,,,,
S2,5,"[0.4, 0.6]","[0, 1]",0.866666667,0.154843729,0.154843729,1,1,1,,,,,,,,,
S2,5,"[0.6, 0.8]","[0, 1]",1,0.414386392,0.414386392,1,0.233765401,0.467530802,,,,,,,,,
S2,5,"[0.8, 1.0]","[0, 1]",0.866666667,0.57398801,0.57398801,0.9,0.58811853,0.58811853,,,,,,,,,
S2,1,"[0, 0.2]","[0, 1]",1,0.5,1,,,,,,,,,,,,
S2,1,"[0.2, 0.4]","[0, 1]",1,1,1,,,,,,,,,,,,
S2,1,"[0.4, 0.6]","[0, 1]",1,1,1,,,,,,,,,,,,
S2,1,"[0.6, 0.8]","[0, 1]",0.555555556,0.753277695,0.753277695,,,,,,,,,,,,
S2,1,"[0.8, 1.0]","[0, 1]",1,1,1,,,,,,,,,,,,
S2,2,"[0, 0.2]","[0, 1]",0.607142857,0.094036153,0.094036153,,,,,,,,,,,,
S2,2,"[0.2, 0.4]","[0, 1]",0.5,0.143491572,0.286983145,,,,,,,,,,,,
S2,2,"[0.4, 0.6]","[0, 1]",0.633333333,0.188224489,0.376448978,,,,,,,,,,,,
S2,2,"[0.6, 0.8]","[0, 1]",1,1,1,,,,,,,,,,,,
S2,2,"[0.8, 1.0]","[0, 1]",0.95,0.18404074,0.18404074,,,,,,,,,,,,
S2,3,"[0, 0.2]","[0, 1]",0.633333333,0.260090101,0.260090101,,,,,,,,,,,,
S2,3,"[0.2, 0.4]","[0, 1]",0.896551724,0.412010067,0.412010067,,,,,,,,,,,,
S2,3,"[0.4, 0.6]","[0, 1]",0.896551724,0.414386392,0.414386392,,,,,,,,,,,,
S2,3,"[0.6, 0.8]","[0, 1]",1,1,1,,,,,,,,,,,,
S2,3,"[0.8, 1.0]","[0, 1]",1,1,1,,,,,,,,,,,,
S2,4,"[0, 0.2]","[0, 1]",1,0.237227149,0.237227149,,,,,,,,,,,,
S2,4,"[0.2, 0.4]","[0, 1]",1,0.333333333,1,,,,,,,,,,,,
S2,4,"[0.4, 0.6]","[0, 1]",0.966666667,0.786793442,0.786793442,,,,,,,,,,,,
S2,4,"[0.6, 0.8]","[0, 1]",1,1,1,,,,,,,,,,,,
S2,4,"[0.8, 1.0]","[0, 1]",1,0.393396721,0.786793442,,,,,,,,,,,,
S2,5,"[0, 0.2]","[0, 1]",1,0.329859323,0.329859323,,,,,,,,,,,,
S2,5,"[0.2, 0.4]","[0, 1]",0.966666667,0.518277627,0.518277627,,,,,,,,,,,,
S2,5,"[0.4, 0.6]","[0, 1]",1,1,1,,,,,,,,,,,,
S2,5,"[0.6, 0.8]","[0, 1]",1,0.233765401,0.467530802,,,,,,,,,,,,
S2,5,"[0.8, 1.0]","[0, 1]",0.9,0.58811853,0.58811853,,,,,,,,,,,,
S2,1,"[0, 0.2]","[0, 1]",1,1,1,,,,,,,,,,,,
S2,1,"[0.2, 0.4]","[0, 1]",1,1,1,,,,,,,,,,,,
S2,1,"[0.4, 0.6]","[0, 1]",1,1,1,,,,,,,,,,,,
S2,1,"[0.6, 0.8]","[0, 1]",1,1,1,,,,,,,,,,,,
S2,1,"[0.8, 1.0]","[0, 1]",1,1,1,,,,,,,,,,,,
S2,2,"[0, 0.2]","[0, 1]",0.533333333,0.254361658,0.254361658,,,,,,,,,,,,
S2,2,"[0.2, 0.4]","[0, 1]",0.346153846,0.2232245,0.2232245,,,,,,,,,,,,
S2,2,"[0.4, 0.6]","[0, 1]",0.413793103,0.2232245,0.2232245,,,,,,,,,,,,
S2,2,"[0.6, 0.8]","[0, 1]",1,1,1,,,,,,,,,,,,
S2,2,"[0.8, 1.0]","[0, 1]",0.916666667,0.18404074,0.18404074,,,,,,,,,,,,
S2,3,"[0, 0.2]","[0, 1]",0.366666667,0.258695514,0.258695514,,,,,,,,,,,,
S2,3,"[0.2, 0.4]","[0, 1]",0.88,0.414386392,0.414386392,,,,,,,,,,,,
S2,3,"[0.4, 0.6]","[0, 1]",0.933333333,0.414386392,0.414386392,,,,,,,,,,,,
S2,3,"[0.6, 0.8]","[0, 1]",1,1,1,,,,,,,,,,,,
S2,3,"[0.8, 1.0]","[0, 1]",1,0.414386392,0.414386392,,,,,,,,,,,,
S2,4,"[0, 0.2]","[0, 1]",1,0.301511345,0.301511345,,,,,,,,,,,,
S2,4,"[0.2, 0.4]","[0, 1]",0.766666667,0.786793442,0.786793442,,,,,,,,,,,,
S2,4,"[0.4, 0.6]","[0, 1]",0.966666667,0.393396721,0.786793442,,,,,,,,,,,,
S2,4,"[0.6, 0.8]","[0, 1]",1,1,1,,,,,,,,,,,,
S2,4,"[0.8, 1.0]","[0, 1]",0.866666667,0.393396721,0.786793442,,,,,,,,,,,,
S2,5,"[0, 0.2]","[0, 1]",1,0.329859323,0.329859323,,,,,,,,,,,,
S2,5,"[0.2, 0.4]","[0, 1]",0.966666667,0.374513755,0.374513755,,,,,,,,,,,,
S2,5,"[0.4, 0.6]","[0, 1]",1,0.467530802,0.467530802,,,,,,,,,,,,
S2,5,"[0.6, 0.8]","[0, 1]",1,0.414386392,0.414386392,,,,,,,,,,,,
S2,5,"[0.8, 1.0]","[0, 1]",0.933333333,0.58811853,0.58811853,,,,,,,,,,,,
S2,1,"[0, 0.2]","[0, 1]",1,1,1,,,,,,,,,,,,
S2,1,"[0.2, 0.4]","[0, 1]",1,1,1,,,,,,,,,,,,
S2,1,"[0.4, 0.6]","[0, 1]",1,1,1,,,,,,,,,,,,
S2,1,"[0.6, 0.8]","[0, 1]",1,1,1,,,,,,,,,,,,
S2,1,"[0.8, 1.0]","[0, 1]",1,1,1,,,,,,,,,,,,
S2,2,"[0, 0.2]","[0, 1]",0.566666667,0.254361658,0.254361658,,,,,,,,,,,,
S2,2,"[0.2, 0.4]","[0, 1]",0.3,0.286983145,0.286983145,,,,,,,,,,,,
S2,2,"[0.4, 0.6]","[0, 1]",0.535714286,0.326036496,0.326036496,,,,,,,,,,,,
S2,2,"[0.6, 0.8]","[0, 1]",1,1,1,,,,,,,,,,,,
S2,2,"[0.8, 1.0]","[0, 1]",0.913043478,0.18404074,0.18404074,,,,,,,,,,,,
S2,3,"[0, 0.2]","[0, 1]",0.633333333,0.274898433,0.274898433,,,,,,,,,,,,
S2,3,"[0.2, 0.4]","[0, 1]",0.958333333,0.414386392,0.414386392,,,,,,,,,,,,
S2,3,"[0.4, 0.6]","[0, 1]",0.933333333,0.414386392,0.414386392,,,,,,,,,,,,
S2,3,"[0.6, 0.8]","[0, 1]",1,1,1,,,,,,,,,,,,
S2,3,"[0.8, 1.0]","[0, 1]",1,0.414386392,0.414386392,,,,,,,,,,,,
S2,4,"[0, 0.2]","[0, 1]",1,0.237227149,0.237227149,,,,,,,,,,,,
S2,4,"[0.2, 0.4]","[0, 1]",0.833333333,0.786793442,0.786793442,,,,,,,,,,,,
S2,4,"[0.4, 0.6]","[0, 1]",1,0.393396721,0.786793442,,,,,,,,,,,,
S2,4,"[0.6, 0.8]","[0, 1]",1,1,1,,,,,,,,,,,,
S2,4,"[0.8, 1.0]","[0, 1]",0.7,0.619043921,0.619043921,,,,,,,,,,,,
S2,5,"[0, 0.2]","[0, 1]",1,0.329859323,0.329859323,,,,,,,,,,,,
S2,5,"[0.2, 0.4]","[0, 1]",0.966666667,0.412010067,0.412010067,,,,,,,,,,,,
S2,5,"[0.4, 0.6]","[0, 1]",1,0.48919618,0.48919618,,,,,,,,,,,,
S2,5,"[0.6, 0.8]","[0, 1]",1,0.414386392,0.414386392,,,,,,,,,,,,
S2,5,"[0.8, 1.0]","[0, 1]",0.933333333,0.467530802,0.467530802,,,,,,,,,,,,
S2,1,"[0, 0.2]","[0, 1]",1,1,1,,,,,,,,,,,,
S2,1,"[0.2, 0.4]","[0, 1]",1,1,1,,,,,,,,,,,,
S2,1,"[0.4, 0.6]","[0, 1]",1,1,1,,,,,,,,,,,,
S2,1,"[0.6, 0.8]","[0, 1]",0.555555556,0.753277695,0.753277695,,,,,,,,,,,,
S2,1,"[0.8, 1.0]","[0, 1]",1,1,1,,,,,,,,,,,,
S2,2,"[0, 0.2]","[0, 1]",0.5,0.224155421,0.224155421,,,,,,,,,,,,
S2,2,"[0.2, 0.4]","[0, 1]",0.333333333,0.157379431,0.314758861,,,,,,,,,,,,
S2,2,"[0.4, 0.6]","[0, 1]",0.7,0.419160885,0.419160885,,,,,,,,,,,,
S2,2,"[0.6, 0.8]","[0, 1]",1,1,1,,,,,,,,,,,,
S2,2,"[0.8, 1.0]","[0, 1]",0.888888889,0.444128339,0.444128339,,,,,,,,,,,,
S2,3,"[0, 0.2]","[0, 1]",0.5,0.173711528,0.173711528,,,,,,,,,,,,
S2,3,"[0.2, 0.4]","[0, 1]",0.9,0.235563129,0.235563129,,,,,,,,,,,,
S2,3,"[0.4, 0.6]","[0, 1]",0.833333333,0.414386392,0.414386392,,,,,,,,,,,,
S2,3,"[0.6, 0.8]","[0, 1]",1,1,1,,,,,,,,,,,,
S2,3,"[0.8, 1.0]","[0, 1]",0.966666667,0.414386392,0.414386392,,,,,,,,,,,,
S2,4,"[0, 0.2]","[0, 1]",1,0.186648765,0.186648765,,,,,,,,,,,,
S2,4,"[0.2, 0.4]","[0, 1]",0.8,0.619043921,0.619043921,,,,,,,,,,,,
S2,4,"[0.4, 0.6]","[0, 1]",0.933333333,0.786793442,0.786793442,,,,,,,,,,,,
S2,4,"[0.6, 0.8]","[0, 1]",1,1,1,,,,,,,,,,,,
S2,4,"[0.8, 1.0]","[0, 1]",1,0.393396721,0.786793442,,,,,,,,,,,,
S2,5,"[0, 0.2]","[0, 1]",1,0.329859323,0.329859323,,,,,,,,,,,,
S2,5,"[0.2, 0.4]","[0, 1]",0.933333333,0.330039083,0.330039083,,,,,,,,,,,,
S2,5,"[0.4, 0.6]","[0, 1]",0.931034483,0.154843729,0.154843729,,,,,,,,,,,,
S2,5,"[0.6, 0.8]","[0, 1]",1,0.58811853,0.58811853,,,,,,,,,,,,
S2,5,"[0.8, 1.0]","[0, 1]",0.866666667,0.398210692,0.398210692,,,,,,,,,,,,
S2,1,"[0, 0.2]","[0, 1]",1,1,1,,,,,,,,,,,,
S2,1,"[0.2, 0.4]","[0, 1]",1,1,1,,,,,,,,,,,,
S2,1,"[0.4, 0.6]","[0, 1]",1,1,1,,,,,,,,,,,,
S2,1,"[0.6, 0.8]","[0, 1]",1,1,1,,,,,,,,,,,,
S2,1,"[0.8, 1.0]","[0, 1]",1,1,1,,,,,,,,,,,,
S2,2,"[0, 0.2]","[0, 1]",0.533333333,0.254361658,0.254361658,,,,,,,,,,,,
S2,2,"[0.2, 0.4]","[0, 1]",0.275862069,0.2232245,0.2232245,,,,,,,,,,,,
S2,2,"[0.4, 0.6]","[0, 1]",0.533333333,0.2232245,0.2232245,,,,,,,,,,,,
S2,2,"[0.6, 0.8]","[0, 1]",1,1,1,,,,,,,,,,,,
S2,2,"[0.8, 1.0]","[0, 1]",0.925925926,0.18404074,0.18404074,,,,,,,,,,,,
S2,3,"[0, 0.2]","[0, 1]",0.5,0.257261933,0.257261933,,,,,,,,,,,,
S2,3,"[0.2, 0.4]","[0, 1]",0.962962963,0.414386392,0.414386392,,,,,,,,,,,,
S2,3,"[0.4, 0.6]","[0, 1]",0.933333333,0.414386392,0.414386392,,,,,,,,,,,,
S2,3,"[0.6, 0.8]","[0, 1]",1,1,1,,,,,,,,,,,,
S2,3,"[0.8, 1.0]","[0, 1]",1,0.414386392,0.414386392,,,,,,,,,,,,
S2,4,"[0, 0.2]","[0, 1]",1,0.237227149,0.237227149,,,,,,,,,,,,
S2,4,"[0.2, 0.4]","[0, 1]",0.833333333,0.786793442,0.786793442,,,,,,,,,,,,
S2,4,"[0.4, 0.6]","[0, 1]",0.7,0.619043921,0.619043921,,,,,,,,,,,,
S2,4,"[0.6, 0.8]","[0, 1]",1,1,1,,,,,,,,,,,,
S2,4,"[0.8, 1.0]","[0, 1]",0.8,0.619043921,0.619043921,,,,,,,,,,,,
S2,5,"[0, 0.2]","[0, 1]",1,0.329859323,0.329859323,,,,,,,,,,,,
S2,5,"[0.2, 0.4]","[0, 1]",0.933333333,0.374513755,0.374513755,,,,,,,,,,,,
S2,5,"[0.4, 0.6]","[0, 1]",1,0.552932829,0.552932829,,,,,,,,,,,,
S2,5,"[0.6, 0.8]","[0, 1]",1,0.467530802,0.467530802,,,,,,,,,,,,
S2,5,"[0.8, 1.0]","[0, 1]",0.9,0.57398801,0.57398801,,,,,,,,,,,,
S2,1,"[0, 0.2]","[0, 1]",1,1,1,,,,,,,,,,,,
S2,1,"[0.2, 0.4]","[0, 1]",1,1,1,,,,,,,,,,,,
S2,1,"[0.4, 0.6]","[0, 1]",1,1,1,,,,,,,,,,,,
S2,1,"[0.6, 0.8]","[0, 1]",1,1,1,,,,,,,,,,,,
S2,1,"[0.8, 1.0]","[0, 1]",1,1,1,,,,,,,,,,,,
S2,2,"[0, 0.2]","[0, 1]",0.533333333,0.254361658,0.254361658,,,,,,,,,,,,
S2,2,"[0.2, 0.4]","[0, 1]",0.266666667,0.286983145,0.286983145,,,,,,,,,,,,
S2,2,"[0.4, 0.6]","[0, 1]",0.851851852,0.236607498,0.236607498,,,,,,,,,,,,
S2,2,"[0.6, 0.8]","[0, 1]",1,1,1,,,,,,,,,,,,
S2,2,"[0.8, 1.0]","[0, 1]",0.875,0.18404074,0.18404074,,,,,,,,,,,,
S2,3,"[0, 0.2]","[0, 1]",0.5,0.258695514,0.258695514,,,,,,,,,,,,
S2,3,"[0.2, 0.4]","[0, 1]",1,0.414386392,0.414386392,,,,,,,,,,,,
S2,3,"[0.4, 0.6]","[0, 1]",1,0.414386392,0.414386392,,,,,,,,,,,,
S2,3,"[0.6, 0.8]","[0, 1]",1,1,1,,,,,,,,,,,,
S2,3,"[0.8, 1.0]","[0, 1]",1,0.414386392,0.414386392,,,,,,,,,,,,
S2,4,"[0, 0.2]","[0, 1]",1,0.237227149,0.237227149,,,,,,,,,,,,
S2,4,"[0.2, 0.4]","[0, 1]",0.866666667,0.786793442,0.786793442,,,,,,,,,,,,
S2,4,"[0.4, 0.6]","[0, 1]",0.933333333,0.393396721,0.786793442,,,,,,,,,,,,
S2,4,"[0.6, 0.8]","[0, 1]",1,1,1,,,,,,,,,,,,
S2,4,"[0.8, 1.0]","[0, 1]",0.966666667,0.393396721,0.786793442,,,,,,,,,,,,
S2,5,"[0, 0.2]","[0, 1]",1,0.329859323,0.329859323,,,,,,,,,,,,
S2,5,"[0.2, 0.4]","[0, 1]",0.933333333,0.374513755,0.374513755,,,,,,,,,,,,
S2,5,"[0.4, 0.6]","[0, 1]",0.966666667,0.467530802,0.467530802,,,,,,,,,,,,
S2,5,"[0.6, 0.8]","[0, 1]",1,0.467530802,0.467530802,,,,,,,,,,,,
S2,5,"[0.8, 1.0]","[0, 1]",0.8,0.57398801,0.57398801,,,,,,,,,,,,
0.7,0.8,0.610995116,,,,,,,,,,,,,,,,
S2,1,"[0, 0.2]","[0, 1]",1,1,1,,,,,,,,,,,,
S2,1,"[0.2, 0.4]","[0, 1]",1,1,1,,,,,,,,,,,,
S2,1,"[0.4, 0.6]","[0, 1]",1,1,1,,,,,,,,,,,,
S2,1,"[0.6, 0.8]","[0, 1]",1,1,1,,,,,,,,,,,,
S2,1,"[0.8, 1.0]","[0, 1]",1,0.5,1,,,,,,,,,,,,
S2,2,"[0, 0.2]","[0, 1]",0.6,0.223183356,0.223183356,,,,,,,,,,,,
S2,2,"[0.2, 0.4]","[0, 1]",0.333333333,0.143491572,0.286983145,,,,,,,,,,,,
S2,2,"[0.4, 0.6]","[0, 1]",0.666666667,0.11161225,0.2232245,,,,,,,,,,,,
S2,2,"[0.6, 0.8]","[0, 1]",1,1,1,,,,,,,,,,,,
S2,2,"[0.8, 1.0]","[0, 1]",0.8,0.18404074,0.18404074,,,,,,,,,,,,
S2,3,"[0, 0.2]","[0, 1]",0.5,0.207081452,0.207081452,,,,,,,,,,,,
S2,3,"[0.2, 0.4]","[0, 1]",0.884615385,0.414386392,0.414386392,,,,,,,,,,,,
S2,3,"[0.4, 0.6]","[0, 1]",0.965517241,0.414386392,0.414386392,,,,,,,,,,,,
S2,3,"[0.6, 0.8]","[0, 1]",1,1,1,,,,,,,,,,,,
S2,3,"[0.8, 1.0]","[0, 1]",1,0.414386392,0.414386392,,,,,,,,,,,,
S2,4,"[0, 0.2]","[0, 1]",1,0.237227149,0.237227149,,,,,,,,,,,,
S2,4,"[0.2, 0.4]","[0, 1]",0.733333333,0.786793442,0.786793442,,,,,,,,,,,,
S2,4,"[0.4, 0.6]","[0, 1]",0.933333333,0.262264481,0.786793442,,,,,,,,,,,,
S2,4,"[0.6, 0.8]","[0, 1]",1,1,1,,,,,,,,,,,,
S2,4,"[0.8, 1.0]","[0, 1]",0.733333333,0.786793442,0.786793442,,,,,,,,,,,,
S2,5,"[0, 0.2]","[0, 1]",1,0.329859323,0.329859323,,,,,,,,,,,,
S2,5,"[0.2, 0.4]","[0, 1]",0.933333333,0.374513755,0.374513755,,,,,,,,,,,,
S2,5,"[0.4, 0.6]","[0, 1]",0.933333333,0.233765401,0.467530802,,,,,,,,,,,,
S2,5,"[0.6, 0.8]","[0, 1]",1,0.467530802,0.467530802,,,,,,,,,,,,
S2,5,"[0.8, 1.0]","[0, 1]",0.866666667,0.57398801,0.57398801,,,,,,,,,,,,
0.7,0.9,0.607148101,,,,,,,,,,,,,,,,
S2,1,"[0, 0.2]","[0, 1]",1,0.5,1,,,,,,,,,,,,
S2,1,"[0.2, 0.4]","[0, 1]",1,0.333333333,1,,,,,,,,,,,,
S2,1,"[0.4, 0.6]","[0, 1]",1,1,1,,,,,,,,,,,,
S2,1,"[0.6, 0.8]","[0, 1]",1,1,1,,,,,,,,,,,,
S2,1,"[0.8, 1.0]","[0, 1]",1,0.5,1,,,,,,,,,,,,
S2,2,"[0, 0.2]","[0, 1]",0.566666667,0.254361658,0.254361658,,,,,,,,,,,,
S2,2,"[0.2, 0.4]","[0, 1]",0.333333333,0.139720295,0.419160885,,,,,,,,,,,,
S2,2,"[0.4, 0.6]","[0, 1]",0.551724138,0.163018248,0.326036496,,,,,,,,,,,,
S2,2,"[0.6, 0.8]","[0, 1]",1,0.5,1,,,,,,,,,,,,
S2,2,"[0.8, 1.0]","[0, 1]",0.958333333,0.18404074,0.18404074,,,,,,,,,,,,
S2,3,"[0, 0.2]","[0, 1]",0.88,0.117933923,0.117933923,,,,,,,,,,,,
S2,3,"[0.2, 0.4]","[0, 1]",0.896551724,0.412010067,0.412010067,,,,,,,,,,,,
S2,3,"[0.4, 0.6]","[0, 1]",0.933333333,0.414386392,0.414386392,,,,,,,,,,,,
S2,3,"[0.6, 0.8]","[0, 1]",1,1,1,,,,,,,,,,,,
S2,3,"[0.8, 1.0]","[0, 1]",0.966666667,0.150169415,0.30033883,,,,,,,,,,,,
S2,4,"[0, 0.2]","[0, 1]",1,0.237227149,0.237227149,,,,,,,,,,,,
S2,4,"[0.2, 0.4]","[0, 1]",0.766666667,0.786793442,0.786793442,,,,,,,,,,,,
S2,4,"[0.4, 0.6]","[0, 1]",0.966666667,0.393396721,0.786793442,,,,,,,,,,,,
S2,4,"[0.6, 0.8]","[0, 1]",1,1,1,,,,,,,,,,,,
S2,4,"[0.8, 1.0]","[0, 1]",0.966666667,0.393396721,0.786793442,,,,,,,,,,,,
S2,5,"[0, 0.2]","[0, 1]",1,0.229478128,0.229478128,,,,,,,,,,,,
S2,5,"[0.2, 0.4]","[0, 1]",0.9,0.330039083,0.330039083,,,,,,,,,,,,
S2,5,"[0.4, 0.6]","[0, 1]",0.933333333,0.207193196,0.414386392,,,,,,,,,,,,
S2,5,"[0.6, 0.8]","[0, 1]",1,0.467530802,0.467530802,,,,,,,,,,,,
S2,5,"[0.8, 1.0]","[0, 1]",0.866666667,0.57398801,0.57398801,,,,,,,,,,,,
0.6,0.9,0.601651955,,,,,,,,,,,,,,,,
S2,1,"[0, 0.2]","[0, 1]",1,0.333333333,1,,,,,,,,,,,,
S2,1,"[0.2, 0.4]","[0, 1]",1,1,1,,,,,,,,,,,,
S2,1,"[0.4, 0.6]","[0, 1]",1,0.5,1,,,,,,,,,,,,
S2,1,"[0.6, 0.8]","[0, 1]",0.555555556,0.753277695,0.753277695,,,,,,,,,,,,
S2,1,"[0.8, 1.0]","[0, 1]",1,0.5,1,,,,,,,,,,,,
S2,2,"[0, 0.2]","[0, 1]",0.566666667,0.095200418,0.190400835,,,,,,,,,,,,
S2,2,"[0.2, 0.4]","[0, 1]",0.466666667,0.209580442,0.419160885,,,,,,,,,,,,
S2,2,"[0.4, 0.6]","[0, 1]",0.666666667,0.188224489,0.376448978,,,,,,,,,,,,
S2,2,"[0.6, 0.8]","[0, 1]",1,0.5,1,,,,,,,,,,,,
S2,2,"[0.8, 1.0]","[0, 1]",0.766666667,0.207193196,0.414386392,,,,,,,,,,,,
S2,3,"[0, 0.2]","[0, 1]",0.75,0.116277608,0.116277608,,,,,,,,,,,,
S2,3,"[0.2, 0.4]","[0, 1]",0.884615385,0.414386392,0.414386392,,,,,,,,,,,,
S2,3,"[0.4, 0.6]","[0, 1]",0.866666667,0.30033883,0.30033883,,,,,,,,,,,,
S2,3,"[0.6, 0.8]","[0, 1]",1,1,1,,,,,,,,,,,,
S2,3,"[0.8, 1.0]","[0, 1]",0.966666667,0.362389832,0.724779664,,,,,,,,,,,,
S2,4,"[0, 0.2]","[0, 1]",1,0.237227149,0.237227149,,,,,,,,,,,,
S2,4,"[0.2, 0.4]","[0, 1]",1,0.393396721,0.786793442,,,,,,,,,,,,
S2,4,"[0.4, 0.6]","[0, 1]",1,0.262264481,0.786793442,,,,,,,,,,,,
S2,4,"[0.6, 0.8]","[0, 1]",1,0.5,1,,,,,,,,,,,,
S2,4,"[0.8, 1.0]","[0, 1]",1,0.393396721,0.786793442,,,,,,,,,,,,
S2,5,"[0, 0.2]","[0, 1]",1,0.178462394,0.178462394,,,,,,,,,,,,
S2,5,"[0.2, 0.4]","[0, 1]",0.9,0.234783555,0.46956711,,,,,,,,,,,,
S2,5,"[0.4, 0.6]","[0, 1]",1,1,1,,,,,,,,,,,,
S2,5,"[0.6, 0.8]","[0, 1]",1,0.294059265,0.58811853,,,,,,,,,,,,
S2,5,"[0.8, 1.0]","[0, 1]",0.866666667,0.57398801,0.57398801,,,,,,,,,,,,
0.5,0.9,0.644688032,,,,,,,,,,,,,,,,
S2,1,"[0, 0.2]","[0, 1]",1,0.5,1,,,,,,,,,,,,
S2,1,"[0.2, 0.4]","[0, 1]",1,0.333333333,1,,,,,,,,,,,,
S2,1,"[0.4, 0.6]","[0, 1]",1,0.5,1,,,,,,,,,,,,
S2,1,"[0.6, 0.8]","[0, 1]",0.555555556,0.753277695,0.753277695,,,,,,,,,,,,
S2,1,"[0.8, 1.0]","[0, 1]",1,0.333333333,1,,,,,,,,,,,,
S2,2,"[0, 0.2]","[0, 1]",0.3,0.224155421,0.224155421,,,,,,,,,,,,
S2,2,"[0.2, 0.4]","[0, 1]",0.2,0.185757351,0.371514703,,,,,,,,,,,,
S2,2,"[0.4, 0.6]","[0, 1]",0.833333333,0.310368927,0.310368927,,,,,,,,,,,,
S2,2,"[0.6, 0.8]","[0, 1]",1,0.5,1,,,,,,,,,,,,
S2,2,"[0.8, 1.0]","[0, 1]",0.7,0.108678832,0.326036496,,,,,,,,,,,,
S2,3,"[0, 0.2]","[0, 1]",0.6,0.258695514,0.258695514,,,,,,,,,,,,
S2,3,"[0.2, 0.4]","[0, 1]",0.9,0.467530802,0.467530802,,,,,,,,,,,,
S2,3,"[0.4, 0.6]","[0, 1]",1,0.138128797,0.414386392,,,,,,,,,,,,
S2,3,"[0.6, 0.8]","[0, 1]",1,1,1,,,,,,,,,,,,
S2,3,"[0.8, 1.0]","[0, 1]",1,0.5,1,,,,,,,,,,,,
S2,4,"[0, 0.2]","[0, 1]",1,0.118613574,0.237227149,,,,,,,,,,,,
S2,4,"[0.2, 0.4]","[0, 1]",1,0.333333333,1,,,,,,,,,,,,
S2,4,"[0.4, 0.6]","[0, 1]",1,0.393396721,0.786793442,,,,,,,,,,,,
S2,4,"[0.6, 0.8]","[0, 1]",1,0.5,1,,,,,,,,,,,,
S2,4,"[0.8, 1.0]","[0, 1]",1,0.333333333,1,,,,,,,,,,,,
S2,5,"[0, 0.2]","[0, 1]",1,0.229478128,0.229478128,,,,,,,,,,,,
S2,5,"[0.2, 0.4]","[0, 1]",0.9,0.233765401,0.467530802,,,,,,,,,,,,
S2,5,"[0.4, 0.6]","[0, 1]",1,0.309158265,0.309158265,,,,,,,,,,,,
S2,5,"[0.6, 0.8]","[0, 1]",1,0.155843601,0.467530802,,,,,,,,,,,,
S2,5,"[0.8, 1.0]","[0, 1]",1,0.53284399,0.53284399,,,,,,,,,,,,
SamNum,10,min_support,0.5,gamma,0.9,avg_Recall,0.646261141,,,,,,,,,,,
S2,1,"[0, 0.2]","[0, 1]",1,1,1,,,,,,,,,,,,
S2,1,"[0.2, 0.4]","[0, 1]",1,1,1,,,,,,,,,,,,
S2,1,"[0.4, 0.6]","[0, 1]",1,1,1,,,,,,,,,,,,
S2,1,"[0.6, 0.8]","[0, 1]",1,1,1,,,,,,,,,,,,
S2,1,"[0.8, 1.0]","[0, 1]",1,0.333333333,1,,,,,,,,,,,,
S2,2,"[0, 0.2]","[0, 1]",0.4,0.254361658,0.254361658,,,,,,,,,,,,
S2,2,"[0.2, 0.4]","[0, 1]",0.4,0.143491572,0.286983145,,,,,,,,,,,,
S2,2,"[0.4, 0.6]","[0, 1]",0.4,0.2232245,0.2232245,,,,,,,,,,,,
S2,2,"[0.6, 0.8]","[0, 1]",1,1,1,,,,,,,,,,,,
S2,2,"[0.8, 1.0]","[0, 1]",0.4,0.326036496,0.326036496,,,,,,,,,,,,
S2,3,"[0, 0.2]","[0, 1]",1,0.117933923,0.117933923,,,,,,,,,,,,
S2,3,"[0.2, 0.4]","[0, 1]",1,0.414386392,0.414386392,,,,,,,,,,,,
S2,3,"[0.4, 0.6]","[0, 1]",0.9,0.150169415,0.30033883,,,,,,,,,,,,
S2,3,"[0.6, 0.8]","[0, 1]",1,1,1,,,,,,,,,,,,
S2,3,"[0.8, 1.0]","[0, 1]",1,0.414386392,0.414386392,,,,,,,,,,,,
S2,4,"[0, 0.2]","[0, 1]",1,0.237227149,0.237227149,,,,,,,,,,,,
S2,4,"[0.2, 0.4]","[0, 1]",1,0.393396721,0.786793442,,,,,,,,,,,,
S2,4,"[0.4, 0.6]","[0, 1]",0.7,0.619043921,0.619043921,,,,,,,,,,,,
S2,4,"[0.6, 0.8]","[0, 1]",1,1,1,,,,,,,,,,,,
S2,4,"[0.8, 1.0]","[0, 1]",1,0.393396721,0.786793442,,,,,,,,,,,,
S2,5,"[0, 0.2]","[0, 1]",1,0.329859323,0.329859323,,,,,,,,,,,,
S2,5,"[0.2, 0.4]","[0, 1]",1,0.467530802,0.467530802,,,,,,,,,,,,
S2,5,"[0.4, 0.6]","[0, 1]",1,0.294059265,0.58811853,,,,,,,,,,,,
S2,5,"[0.6, 0.8]","[0, 1]",1,0.414386392,0.414386392,,,,,,,,,,,,
S2,5,"[0.8, 1.0]","[0, 1]",0.9,0.58811853,0.58811853,,,,,,,,,,,,
SamNum,10,min_support,0.7,gamma,0.9,avg_Recall,0.606220915,,,,,,,,,,,
S2,1,"[0, 0.2]","[0, 1]",1,1,1,,,,,,,,,,,,
S2,1,"[0.2, 0.4]","[0, 1]",1,1,1,,,,,,,,,,,,
S2,1,"[0.4, 0.6]","[0, 1]",1,1,1,,,,,,,,,,,,
S2,1,"[0.6, 0.8]","[0, 1]",1,1,1,,,,,,,,,,,,
S2,1,"[0.8, 1.0]","[0, 1]",1,1,1,,,,,,,,,,,,
S2,2,"[0, 0.2]","[0, 1]",0.7,0.12685706,0.12685706,,,,,,,,,,,,
S2,2,"[0.2, 0.4]","[0, 1]",0.3,0.2232245,0.2232245,,,,,,,,,,,,
S2,2,"[0.4, 0.6]","[0, 1]",0.222222222,0.2232245,0.2232245,,,,,,,,,,,,
S2,2,"[0.6, 0.8]","[0, 1]",1,1,1,,,,,,,,,,,,
S2,2,"[0.8, 1.0]","[0, 1]",1,0.414386392,0.414386392,,,,,,,,,,,,
S2,3,"[0, 0.2]","[0, 1]",0.7,0.298616517,0.298616517,,,,,,,,,,,,
S2,3,"[0.2, 0.4]","[0, 1]",0.8,0.414386392,0.414386392,保留了效果最差的一组,,,,,,,,,,,
S2,3,"[0.4, 0.6]","[0, 1]",0.7,0.30033883,0.30033883,,,,,,,,,,,,
S2,3,"[0.6, 0.8]","[0, 1]",1,1,1,,,,,,,,,,,,
S2,3,"[0.8, 1.0]","[0, 1]",0.9,0.414386392,0.414386392,,,,,,,,,,,,
S2,4,"[0, 0.2]","[0, 1]",1,0.237227149,0.237227149,,,,,,,,,,,,
S2,4,"[0.2, 0.4]","[0, 1]",1,0.393396721,0.786793442,,,,,,,,,,,,
S2,4,"[0.4, 0.6]","[0, 1]",0.8,0.619043921,0.619043921,,,,,,,,,,,,
S2,4,"[0.6, 0.8]","[0, 1]",1,1,1,,,,,,,,,,,,
S2,4,"[0.8, 1.0]","[0, 1]",0.9,0.786793442,0.786793442,,,,,,,,,,,,
S2,5,"[0, 0.2]","[0, 1]",1,0.329859323,0.329859323,,,,,,,,,,,,
S2,5,"[0.2, 0.4]","[0, 1]",1,0.414386392,0.414386392,,,,,,,,,,,,
S2,5,"[0.4, 0.6]","[0, 1]",1,0.467530802,0.467530802,,,,,,,,,,,,
S2,5,"[0.6, 0.8]","[0, 1]",1,0.467530802,0.467530802,,,,,,,,,,,,
S2,5,"[0.8, 1.0]","[0, 1]",0.9,0.57398801,0.57398801,,,,,,,,,,,,
SamNum,10,min_support,0.7,gamma,0.8,avg_Recall,0.603942955,,,,,,,,,,,
S2,1,"[0, 0.2]","[0, 1]",1.0,0.5,1.0
S2,1,"[0.2, 0.4]","[0, 1]",1.0,0.1898402731879947,0.3796805463759894
S2,1,"[0.4, 0.6]","[0, 1]",1.0,0.5,1.0
S2,1,"[0.6, 0.8]","[0, 1]",1.0,0.12867752826378828,0.25735505652757656
S2,1,"[0.8, 1.0]","[0, 1]",1.0,0.5,1.0
S2,2,"[0, 0.2]","[0, 1]",0.6,0.16301824805639917,0.32603649611279834
S2,2,"[0.2, 0.4]","[0, 1]",0.5555555555555556,0.0740213897767894,0.1480427795535788
S2,2,"[0.4, 0.6]","[0, 1]",0.8,0.20719319622344962,0.41438639244689923
S2,2,"[0.6, 0.8]","[0, 1]",1.0,0.5,1.0
S2,2,"[0.8, 1.0]","[0, 1]",0.5,0.3670521195471983,0.7341042390943966
S2,3,"[0, 0.2]","[0, 1]",0.5,0.05799872874403568,0.11599745748807136
S2,3,"[0.2, 0.4]","[0, 1]",0.7,0.13733668884486444,0.4120100665345933
S2,3,"[0.4, 0.6]","[0, 1]",0.8,0.1501694150751386,0.3003388301502772
S2,3,"[0.6, 0.8]","[0, 1]",1.0,1.0,1.0
S2,3,"[0.8, 1.0]","[0, 1]",1.0,0.5,1.0
S2,4,"[0, 0.2]","[0, 1]",1.0,0.09332438243903839,0.18664876487807677
S2,4,"[0.2, 0.4]","[0, 1]",1.0,0.5,1.0
S2,4,"[0.4, 0.6]","[0, 1]",1.0,0.39339672109838614,0.7867934421967723
S2,4,"[0.6, 0.8]","[0, 1]",1.0,0.5,1.0
S2,4,"[0.8, 1.0]","[0, 1]",1.0,0.5,1.0
S2,5,"[0, 0.2]","[0, 1]",1.0,0.026927768043617965,0.05385553608723593
S2,5,"[0.2, 0.4]","[0, 1]",0.9,0.08617469908248387,0.17234939816496775
S2,5,"[0.4, 0.6]","[0, 1]",0.9,0.11892641036790491,0.23785282073580982
S2,5,"[0.6, 0.8]","[0, 1]",1.0,0.2108791164290803,0.4217582328581606
S2,5,"[0.8, 1.0]","[0, 1]",0.6,0.3982106917869115,0.3982106917869115
SamNum,10,min_support,0.3,gamma,0.8,avg_Recall,0.5738168300396846
S2,1,"[0, 0.2]","[0, 1]",1.0,1.0,1.0
S2,1,"[0.2, 0.4]","[0, 1]",1.0,1.0,1.0
S2,1,"[0.4, 0.6]","[0, 1]",1.0,1.0,1.0
S2,1,"[0.6, 0.8]","[0, 1]",1.0,1.0,1.0
S2,1,"[0.8, 1.0]","[0, 1]",1.0,1.0,1.0
S2,2,"[0, 0.2]","[0, 1]",0.5,0.25436165819975054,0.25436165819975054
S2,2,"[0.2, 0.4]","[0, 1]",0.1,0.28698314465178587,0.28698314465178587
S2,2,"[0.4, 0.6]","[0, 1]",0.4,0.32603649611279834,0.32603649611279834
S2,2,"[0.6, 0.8]","[0, 1]",1.0,1.0,1.0
S2,2,"[0.8, 1.0]","[0, 1]",1.0,0.1840407400410573,0.1840407400410573
S2,3,"[0, 0.2]","[0, 1]",0.5,0.2586955137099869,0.2586955137099869
S2,3,"[0.2, 0.4]","[0, 1]",0.7,0.3003388301502772,0.3003388301502772
S2,3,"[0.4, 0.6]","[0, 1]",1.0,0.41438639244689923,0.41438639244689923
S2,3,"[0.6, 0.8]","[0, 1]",1.0,1.0,1.0
S2,3,"[0.8, 1.0]","[0, 1]",1.0,0.41438639244689923,0.41438639244689923
S2,4,"[0, 0.2]","[0, 1]",1.0,0.18664876487807677,0.18664876487807677
S2,4,"[0.2, 0.4]","[0, 1]",1.0,0.7867934421967723,0.7867934421967723
S2,4,"[0.4, 0.6]","[0, 1]",0.7,0.6190439206838455,0.6190439206838455
S2,4,"[0.6, 0.8]","[0, 1]",1.0,1.0,1.0
S2,4,"[0.8, 1.0]","[0, 1]",1.0,0.6190439206838455,0.6190439206838455
S2,5,"[0, 0.2]","[0, 1]",1.0,0.27195739667643354,0.27195739667643354
S2,5,"[0.2, 0.4]","[0, 1]",1.0,0.41438639244689923,0.41438639244689923
S2,5,"[0.4, 0.6]","[0, 1]",1.0,0.4675308018000523,0.4675308018000523
S2,5,"[0.6, 0.8]","[0, 1]",1.0,0.4675308018000523,0.4675308018000523
S2,5,"[0.8, 1.0]","[0, 1]",1.0,0.4675308018000523,0.4675308018000523
SamNum,10,min_support,0.7,gamma,0.8,avg_Recall,0.5895878164290194
S2,1,"[0, 0.2]","[0, 1]",1.0,0.5,1.0
S2,1,"[0.2, 0.4]","[0, 1]",1.0,1.0,1.0
S2,1,"[0.4, 0.6]","[0, 1]",1.0,0.5,1.0
S2,1,"[0.6, 0.8]","[0, 1]",1.0,1.0,1.0
S2,1,"[0.8, 1.0]","[0, 1]",1.0,0.5,1.0
S2,2,"[0, 0.2]","[0, 1]",0.5,0.22415542102303684,0.22415542102303684
S2,2,"[0.2, 0.4]","[0, 1]",0.3,0.32603649611279834,0.32603649611279834
S2,2,"[0.4, 0.6]","[0, 1]",0.5,0.32603649611279834,0.32603649611279834
S2,2,"[0.6, 0.8]","[0, 1]",1.0,1.0,1.0
S2,2,"[0.8, 1.0]","[0, 1]",0.625,0.1840407400410573,0.1840407400410573
S2,3,"[0, 0.2]","[0, 1]",0.4,0.2586955137099869,0.2586955137099869
S2,3,"[0.2, 0.4]","[0, 1]",1.0,0.41438639244689923,0.41438639244689923
S2,3,"[0.4, 0.6]","[0, 1]",1.0,0.41438639244689923,0.41438639244689923
S2,3,"[0.6, 0.8]","[0, 1]",1.0,1.0,1.0
S2,3,"[0.8, 1.0]","[0, 1]",1.0,1.0,1.0
S2,4,"[0, 0.2]","[0, 1]",1.0,0.2372271486617157,0.2372271486617157
S2,4,"[0.2, 0.4]","[0, 1]",0.7,0.7867934421967723,0.7867934421967723
S2,4,"[0.4, 0.6]","[0, 1]",0.9,0.7867934421967723,0.7867934421967723
S2,4,"[0.6, 0.8]","[0, 1]",1.0,1.0,1.0
S2,4,"[0.8, 1.0]","[0, 1]",1.0,0.39339672109838614,0.7867934421967723
S2,5,"[0, 0.2]","[0, 1]",1.0,0.21646030579922199,0.21646030579922199
S2,5,"[0.2, 0.4]","[0, 1]",1.0,0.3651767209042482,0.3651767209042482
S2,5,"[0.4, 0.6]","[0, 1]",1.0,0.20719319622344962,0.41438639244689923
S2,5,"[0.6, 0.8]","[0, 1]",1.0,0.41438639244689923,0.41438639244689923
S2,5,"[0.8, 1.0]","[0, 1]",0.9,0.29405926500752316,0.5881185300150463
SamNum,10,min_support,0.7,gamma,0.9,avg_Recall,0.629754930750313
S3,1,"[0, 0.2]","[0, 1]",1.0,0.23943579271153795,0.4788715854230759
S3,1,"[0.2, 0.4]","[0, 1]",1.0,0.2810632787484497,0.5621265574968994
S3,1,"[0.4, 0.6]","[0, 1]",1.0,0.30681674560063316,0.30681674560063316
S3,1,"[0.6, 0.8]","[0, 1]",1.0,0.2519731148847433,0.7559193446542298
S3,1,"[0.8, 1.0]","[0, 1]",1.0,0.7867934421967723,0.7867934421967723
S3,2,"[0, 0.2]","[0, 1]",1.0,0.09636982315659176,0.19273964631318352
S3,2,"[0.2, 0.4]","[0, 1]",0.9,0.23341765797597552,0.23341765797597552
S3,2,"[0.4, 0.6]","[0, 1]",0.9,0.1965847866068783,0.3931695732137566
S3,2,"[0.6, 0.8]","[0, 1]",1.0,0.4675308018000523,0.4675308018000523
S3,2,"[0.8, 1.0]","[0, 1]",1.0,0.5881185300150463,0.5881185300150463
S3,3,"[0, 0.2]","[0, 1]",1.0,3.7514157722241355e-05,3.7514157722241355e-05
S3,3,"[0.2, 0.4]","[0, 1]",1.0,0.2349868728369499,0.2349868728369499
S3,3,"[0.4, 0.6]","[0, 1]",1.0,0.22076260124851382,0.22076260124851382
S3,3,"[0.6, 0.8]","[0, 1]",1.0,0.17171608224515558,0.17171608224515558
S3,3,"[0.8, 1.0]","[0, 1]",1.0,1.0,1.0
S3,4,"[0, 0.2]","[0, 1]",1.0,0.054971871904054066,0.054971871904054066
S3,4,"[0.2, 0.4]","[0, 1]",1.0,0.08156037851970976,0.16312075703941953
S3,4,"[0.4, 0.6]","[0, 1]",1.0,0.30542066805953383,0.30542066805953383
S3,4,"[0.6, 0.8]","[0, 1]",1.0,0.23353372351934035,0.23353372351934035
S3,4,"[0.8, 1.0]","[0, 1]",1.0,1.0,1.0
S3,5,"[0, 0.2]","[0, 1]",1.0,0.29614891333427285,0.5922978266685457
S3,5,"[0.2, 0.4]","[0, 1]",1.0,0.6721133785296066,0.6721133785296066
S3,5,"[0.4, 0.6]","[0, 1]",0.9,0.6721133785296066,0.6721133785296066
S3,5,"[0.6, 0.8]","[0, 1]",1.0,1.0,1.0
S3,5,"[0.8, 1.0]","[0, 1]",1.0,0.5,1.0
S3,6,"[0, 0.2]","[0, 1]",0.0,0.0,0.0
S3,6,"[0.2, 0.4]","[0, 1]",1.0,0.11296755166612457,0.11296755166612457
S3,6,"[0.4, 0.6]","[0, 1]",1.0,0.41183533426753843,0.41183533426753843
S3,6,"[0.6, 0.8]","[0, 1]",1.0,0.41183533426753843,0.41183533426753843
S3,6,"[0.8, 1.0]","[0, 1]",1.0,0.41438639244689923,0.41438639244689923
S3,7,"[0, 0.2]","[0, 1]",1.0,0.39344173801617416,0.39344173801617416
S3,7,"[0.2, 0.4]","[0, 1]",1.0,0.3165511513019251,0.6331023026038503
S3,7,"[0.4, 0.6]","[0, 1]",1.0,0.3388054567002405,0.677610913400481
S3,7,"[0.6, 0.8]","[0, 1]",1.0,0.3235331845792167,0.6470663691584334
S3,7,"[0.8, 1.0]","[0, 1]",1.0,0.8231712539930442,0.8231712539930442
SamNum,10,min_support,0.7,gamma,0.9,avg_Recall,0.4746284499785187
S3,1,"[0, 0.2]","[0, 1]",1.0,0.17933872242115723,0.35867744484231445
S3,1,"[0.2, 0.4]","[0, 1]",1.0,0.20344886460798048,0.40689772921596096
S3,1,"[0.4, 0.6]","[0, 1]",1.0,0.31435713673468413,0.6287142734693683
S3,1,"[0.6, 0.8]","[0, 1]",1.0,0.20201602098890004,0.6060480629667001
S3,1,"[0.8, 1.0]","[0, 1]",1.0,0.7867934421967723,0.7867934421967723
S3,2,"[0, 0.2]","[0, 1]",0.9,0.11892641036790491,0.23785282073580982
S3,2,"[0.2, 0.4]","[0, 1]",0.8,0.23785282073580982,0.23785282073580982
S3,2,"[0.4, 0.6]","[0, 1]",1.0,0.16174909131921372,0.32349818263842745
S3,2,"[0.6, 0.8]","[0, 1]",1.0,0.23785282073580982,0.23785282073580982
S3,2,"[0.8, 1.0]","[0, 1]",1.0,0.3982106917869115,0.3982106917869115
S3,3,"[0, 0.2]","[0, 1]",1.0,0.040324879831463926,0.08064975966292785
S3,3,"[0.2, 0.4]","[0, 1]",1.0,0.2349868728369499,0.2349868728369499
S3,3,"[0.4, 0.6]","[0, 1]",1.0,0.22076260124851382,0.22076260124851382
S3,3,"[0.6, 0.8]","[0, 1]",1.0,0.20719319622344962,0.41438639244689923
S3,3,"[0.8, 1.0]","[0, 1]",1.0,1.0,1.0
S3,4,"[0, 0.2]","[0, 1]",1.0,0.054971871904054066,0.054971871904054066
S3,4,"[0.2, 0.4]","[0, 1]",1.0,0.2190121615042692,0.2190121615042692
S3,4,"[0.4, 0.6]","[0, 1]",1.0,0.11021776285502237,0.22043552571004474
S3,4,"[0.6, 0.8]","[0, 1]",1.0,0.23353372351934035,0.23353372351934035
S3,4,"[0.8, 1.0]","[0, 1]",1.0,1.0,1.0
S3,5,"[0, 0.2]","[0, 1]",1.0,0.29785699377652186,0.5957139875530437
S3,5,"[0.2, 0.4]","[0, 1]",1.0,0.5201313082450684,0.5201313082450684
S3,5,"[0.4, 0.6]","[0, 1]",0.9,0.6721133785296066,0.6721133785296066
S3,5,"[0.6, 0.8]","[0, 1]",1.0,1.0,1.0
S3,5,"[0.8, 1.0]","[0, 1]",1.0,1.0,1.0
S3,6,"[0, 0.2]","[0, 1]",0.0,0.0,0.0
S3,6,"[0.2, 0.4]","[0, 1]",1.0,0.1798481285760674,0.1798481285760674
S3,6,"[0.4, 0.6]","[0, 1]",1.0,0.44016176897120635,0.44016176897120635
S3,6,"[0.6, 0.8]","[0, 1]",1.0,0.2888485420108308,0.2888485420108308
S3,6,"[0.8, 1.0]","[0, 1]",1.0,0.41438639244689923,0.41438639244689923
S3,7,"[0, 0.2]","[0, 1]",1.0,0.14279604193946605,0.2855920838789321
S3,7,"[0.2, 0.4]","[0, 1]",1.0,0.3041820957961329,0.6083641915922658
S3,7,"[0.4, 0.6]","[0, 1]",1.0,0.2247198218818662,0.6741594656455986
S3,7,"[0.6, 0.8]","[0, 1]",1.0,0.3388054567002405,0.677610913400481
S3,7,"[0.8, 1.0]","[0, 1]",1.0,0.8231712539930442,0.8231712539930442
SamNum,10,min_support,0.7,gamma,0.9,avg_Recall,0.45946396037142634
