Scene,Folder,p,q,Jaccard,Precision,Recall,argminC,avgConf,,,,,,,,,,,,,,,,,,,,,,,
S2,1,"[0, 0.2]","[0, 1]",1,1,1,-0.830593891,0.237970014,,,,,,,,,,,,,,,,,,,,,,,
S2,1,"[0.2, 0.4]","[0, 1]",1,1,1,-1,0.550979038,,,,,,,,,,,,,,,,,,,,,,,
S2,1,"[0.4, 0.6]","[0, 1]",1,1,1,-1,0.676132658,,,,,,,,,,,,,,,,,,,,,,,
S2,1,"[0.6, 0.8]","[0, 1]",1,1,1,-1,0.430363451,,,,,,,,,,,,,,,,,,,,,,,
S2,1,"[0.8, 1.0]","[0, 1]",1,1,1,-1,0.570105248,,,,,,,,,,,,,,,,,,,,,,,
S2,2,"[0, 0.2]","[0, 1]",0.7,0.254361658,0.254361658,-0.982934359,0.104284327,,,,,,,,,,,,,,,,,,,,,,,
S2,2,"[0.2, 0.4]","[0, 1]",0.4,0.236607498,0.236607498,-1,0.141420945,,,,,,,,,,,,,,,,,,,,,,,
S2,2,"[0.4, 0.6]","[0, 1]",0.75,0.236607498,0.236607498,-1,0.150539471,,,,,,,,,,,,,,,,,,,,,,,
S2,2,"[0.6, 0.8]","[0, 1]",1,1,1,-0.975,0.975,,,,,,,,,,,,,,,,,,,,,,,
S2,2,"[0.8, 1.0]","[0, 1]",1,0.18404074,0.18404074,-0.788404385,0.8,,,,,,,,,,,,,,,,,,,,,,,
S2,3,"[0, 0.2]","[0, 1]",0.4,0.207081452,0.207081452,-0.973507493,0.081102067,,,,,,,,,,,,,,,,,,,,,,,
S2,3,"[0.2, 0.4]","[0, 1]",0.9,0.414386392,0.414386392,-0.881481481,0.85,,,,,,,,,,,,,,,,,,,,,,,
S2,3,"[0.4, 0.6]","[0, 1]",0.8,0.30033883,0.30033883,-1,0.845310163,,,,,,,,,,,,,,,,,,,,,,,
S2,3,"[0.6, 0.8]","[0, 1]",1,1,1,-0.997795691,0.816228757,,,,,,,,,,,,,,,,,,,,,,,
S2,3,"[0.8, 1.0]","[0, 1]",1,0.414386392,0.414386392,-1,1,,,,,,,,,,,,,,,,,,,,,,,
S2,4,"[0, 0.2]","[0, 1]",1,0.237227149,0.237227149,-0.941875,0.96,,,,,,,,,,,,,,,,,,,,,,,
S2,4,"[0.2, 0.4]","[0, 1]",0.7,0.619043921,0.619043921,-1,0.304387352,,,,,,,,,,,,,,,,,,,,,,,
S2,4,"[0.4, 0.6]","[0, 1]",1,0.393396721,0.786793442,0.670413323,0.259473119,,,,,,,,,,,,,,,,,,,,,,,
S2,4,"[0.6, 0.8]","[0, 1]",1,1,1,-0.900596698,0.675048634,,,,,,,,,,,,,,,,,,,,,,,
S2,4,"[0.8, 1.0]","[0, 1]",1,0.393396721,0.786793442,0.606906061,0.262189886,,,,,,,,,,,,,,,,,,,,,,,
S5,1_2,"[0.4, 0.6]","[0, 1]",1,0.290470455,0.290470455,0.099883995,0.523577452,,,,,,,,,,,,,,,,,,,,,,,
S5,1_4,"[0.4, 0.6]","[0, 1]",1,0.150395777,0.225593665,0.549238006,0.590411953,,,,,,,,,,,,,,,,,,,,,,,
S5,1_5,"[0.4, 0.6]","[0, 1]",1,0.350264489,0.175132245,-0.78254492,0.335691244,,,,,,,,,,,,,,,,,,,,,,,
S5,1_6,"[0.4, 0.6]","[0, 1]",1,0.300105929,0.450158894,0.530030653,0.564295324,,,,,,,,,,,,,,,,,,,,,,,
S5,1_7,"[0.4, 0.6]","[0, 1]",1,0.447886773,0.447886773,0.232994271,0.66538509,,,,,,,,,,,,,,,,,,,,,,,
S5,2_4,"[0.4, 0.6]","[0, 1]",1,0.275504555,0.275504555,0.117008493,0.467819015,,,,,,,,,,,,,,,,,,,,,,,
S5,2_5,"[0.4, 0.6]","[0, 1]",1,0.328848255,0.493272383,0.513998473,0.55741173,,,,,,,,,,,,,,,,,,,,,,,
S5,2_6,"[0.4, 0.6]","[0, 1]",1,0.297730912,0.446596367,0.506128883,0.48682845,,,,,,,,,,,,,,,,,,,,,,,
S5,2_7,"[0.4, 0.6]","[0, 1]",1,0.55097217,0.55097217,0.437065219,0.434955142,,,,,,,,,,,,,,,,,,,,,,,
S5,4_5,"[0.4, 0.6]","[0, 1]",0.9,0.491145207,0.245572603,-0.602221044,0.348635656,,,,,,,,,,,,,,,,,,,,,,,
S5,4_6,"[0.4, 0.6]","[0, 1]",1,0.228509885,0.228509885,0.507862297,0.473063562,,,,,,,,,,,,,,,,,,,,,,,
S5,4_7,"[0.4, 0.6]","[0, 1]",1,0.640253931,0.640253931,0.168899865,0.458444554,,,,,,,,,,,,,,,,,,,,,,,
S5,5_6,"[0.4, 0.6]","[0, 1]",1,0.40633527,0.609502905,0.530016772,0.49260414,,,,,,,,,,,,,,,,,,,,,,,
S5,5_7,"[0.4, 0.6]","[0, 1]",1,0.626000601,0.626000601,0.27623554,0.415055636,,,,,,,,,,,,,,,,,,,,,,,
S5,6_7,"[0.4, 0.6]","[0, 1]",1,0.602440965,0.602440965,0.082558426,0.711613358,,S5,0.4-0.6,,,,,,,,,,,,,,,,,,,,
SamNum,10,min_support,0.3,gamma,0.6,avg_Recall,0.42052456,,,Presicion,10,20,30,40,50,60,70,80,,,,,,,,,,,,,
S5,1_2,"[0.4, 0.6]","[0, 1]",1,0.279753935,0.279753935,0.103658125,0.556069327,,,0.279753935,0.455084104,0.337093593,0.284686181,0.435646851,0.340382144,0.377301653,0.414088153,,,,,,,,,,,,,
S5,1_4,"[0.4, 0.6]","[0, 1]",1,0.147624277,0.147624277,0.443227659,0.64622777,,,0.147624277,0.224426304,0.274514938,0.28257226,0.248298791,0.224863727,0.231696759,0.269216096,,,,,,,,,,,,,
S5,1_5,"[0.4, 0.6]","[0, 1]",1,0.639257319,0.639257319,0.434119121,0.79897662,,,0.639257319,0.579369344,0.539195387,0.407304515,0.395629462,0.524091432,0.48996849,0.464517753,,,,,,,,,,,,,
S5,1_6,"[0.4, 0.6]","[0, 1]",1,0.267065519,0.267065519,0.26200784,0.704874476,,,0.267065519,0.243494342,0.291222827,0.313049785,0.391764473,0.41691615,0.363136356,0.452338982,,,,,,,,,,,,,
S5,1_7,"[0.4, 0.6]","[0, 1]",1,0.375106603,0.375106603,0.209689963,0.618767898,,,0.375106603,0.516910865,0.532011094,0.512987485,0.591908379,0.674071177,0.50187953,0.566067219,,,,,,,,,,,,,
S5,2_4,"[0.4, 0.6]","[0, 1]",1,0.276057542,0.276057542,0.101052929,0.634815491,,,0.276057542,0.308286483,0.380380931,0.322083999,0.258606508,0.284451618,0.271904802,0.306981043,,,,,,,,,,,,,
S5,2_5,"[0.4, 0.6]","[0, 1]",1,0.505763566,0.505763566,0.496554678,0.591246736,,,0.505763566,0.524255023,0.505173017,0.449742428,0.483405791,0.485113871,0.50956523,0.564162799,,,,,,,,,,,,,
S5,2_6,"[0.4, 0.6]","[0, 1]",0.9,0.439683068,0.439683068,0.323772177,0.540747704,,,0.439683068,0.423710083,0.378522722,0.393174545,0.404379539,0.469261771,0.400087844,0.408127272,,,,,,,,,,,,,
S5,2_7,"[0.4, 0.6]","[0, 1]",1,0.35876068,0.35876068,0.481853642,0.390802292,,,0.35876068,0.532336324,0.508409559,0.496747047,0.473476827,0.477280533,0.510790062,0.56685693,,,,,,,,,,,,,
S5,4_5,"[0.4, 0.6]","[0, 1]",1,0.405748602,0.405748602,0.3872613,0.49353586,,,0.405748602,0.407761163,0.385042257,0.271840776,0.284299604,0.297516301,0.298445959,0.285338683,,,,,,,,,,,,,
S5,4_6,"[0.4, 0.6]","[0, 1]",1,0.281021304,0.281021304,0.538521449,0.607534122,,,0.281021304,0.157004262,0.251862903,0.210534214,0.222965575,0.30172431,0.223217945,0.201543886,,,,,,,,,,,,,
S5,4_7,"[0.4, 0.6]","[0, 1]",1,0.542697095,0.542697095,0.405855229,0.519035599,,,0.542697095,0.474040839,0.510510869,0.335788039,0.538766456,0.491703368,0.433433163,0.503536962,,,,,,,,,,,,,
S5,5_6,"[0.4, 0.6]","[0, 1]",1,0.468588205,0.468588205,0.69877056,0.496517796,,,0.468588205,0.401572531,0.250544091,0.42841243,0.240823187,0.336268977,0.486002345,0.263265428,,,,,,,,,,,,,
S5,5_7,"[0.4, 0.6]","[0, 1]",1,0.65715823,0.65715823,0.16187525,0.427292707,,,0.65715823,0.63495437,0.688652534,0.743470258,0.674862146,0.674071177,0.674862146,0.747642316,,,,,,,,,,,,,
S5,6_7,"[0.4, 0.6]","[0, 1]",1,0.59596677,0.59596677,0.003330333,0.567668574,,,0.59596677,0.61759066,0.617503294,0.61759066,0.624416593,0.601439058,0.578098817,0.601439058,,,,,,,,,,,,,
SamNum,10,min_support,0.3,gamma,0.8,avg_Recall,0.416016848,,,Recall,,,,,,,,,,,,,,,,,,,,,
S5,1_2,"[0.4, 0.6]","[0, 1]",1,0.455084104,0.455084104,0.512074776,0.467253621,,CC,10,20,30,40,50,60,70,80,,,,,,,,,,,,,
S5,1_4,"[0.4, 0.6]","[0, 1]",1,0.224426304,0.336639456,0.759059128,0.343846615,,,0.103658125,0.512074776,0.135171676,0.364444958,0.326948774,0.271858793,0.343441063,0.35927077,,,,,,,,,,,,,
S5,1_5,"[0.4, 0.6]","[0, 1]",1,0.579369344,0.579369344,0.749623088,0.475166735,,,0.443227659,0.759059128,0.356353591,0.602317931,0.431889674,0.478735162,0.494366849,0.441801372,,,,,,,,,,,,,
S5,1_6,"[0.4, 0.6]","[0, 1]",1,0.243494342,0.243494342,0.271555416,0.661587357,,,0.434119121,0.749623088,0.77781541,0.782793719,0.752807349,-0.835249696,-0.910546991,-0.851127256,,,,,,,,,,,,,
S5,1_7,"[0.4, 0.6]","[0, 1]",1,0.516910865,0.516910865,0.267956743,0.530794953,,,0.26200784,0.271555416,0.326251619,0.28586999,0.359167555,0.307282314,0.262184105,0.338326313,,,,,,,,,,,,,
S5,2_4,"[0.4, 0.6]","[0, 1]",1,0.308286483,0.308286483,0.209182625,0.484784301,,,0.209689963,0.267956743,0.30592806,0.340002413,0.304011013,0.312857165,0.252510122,0.243253376,,,,,,,,,,,,,
S5,2_5,"[0.4, 0.6]","[0, 1]",0.95,0.524255023,0.524255023,0.566952678,0.468866497,,,0.101052929,0.209182625,0.185313692,0.313777053,0.271704823,0.141770492,0.177883638,0.213197806,,,,,,,,,,,,,
S5,2_6,"[0.4, 0.6]","[0, 1]",1,0.423710083,0.423710083,0.36073215,0.538088609,,,0.496554678,0.566952678,0.376140171,0.367176849,0.393215519,0.353120229,0.445035135,0.404072853,,,,,,,,,,,,,
S5,2_7,"[0.4, 0.6]","[0, 1]",1,0.532336324,0.532336324,0.456969784,0.413131428,,,0.323772177,0.36073215,0.463993401,0.438916363,0.398047869,0.465609511,0.449625918,0.521446367,,,,,,,,,,,,,
S5,4_5,"[0.4, 0.6]","[0, 1]",1,0.407761163,0.407761163,0.539988895,0.547365996,,,0.481853642,0.456969784,0.687493097,0.600427825,0.610397067,0.516560209,0.66869316,0.612518379,,,,,,,,,,,,,
S5,4_6,"[0.4, 0.6]","[0, 1]",1,0.157004262,0.235506393,0.767249258,0.575095297,,,0.3872613,0.539988895,0.436252132,0.693481124,0.714069923,0.769437663,0.716499617,0.746920712,,,,,,,,,,,,,
S5,4_7,"[0.4, 0.6]","[0, 1]",1,0.474040839,0.474040839,0.419525984,0.370183902,,,0.538521449,0.767249258,0.722105731,0.549647015,0.580523271,0.681608493,-0.800789325,0.783258691,,,,,,,,,,,,,
S5,5_6,"[0.4, 0.6]","[0, 1]",1,0.401572531,0.401572531,0.436854312,0.43786813,,,0.405855229,0.419525984,0.385105709,0.455101852,0.416287309,0.343787465,0.324631595,0.497047456,,,,,,,,,,,,,
S5,5_7,"[0.4, 0.6]","[0, 1]",1,0.63495437,0.63495437,0.429175304,0.638435242,,,0.69877056,0.436854312,0.72304791,0.659662497,0.7763826,0.70106183,0.681712126,0.753245101,,,,,,,,,,,,,
S5,6_7,"[0.4, 0.6]","[0, 1]",1,0.61759066,0.61759066,0.190840171,0.632604343,,,0.16187525,0.429175304,0.232950228,0.222844134,0.472236403,0.272958751,0.424280945,0.320206131,,,,,,,,,,,,,
SamNum,20,min_support,0.3,gamma,0.8,avg_Recall,0.446100799,,,,0.003330333,0.190840171,0.222385977,0.250782309,0.296643848,0.24460485,0.428085073,0.304997323,,,,,,,,,,,,,
S5,1_2,"[0.4, 0.6]","[0, 1]",1,0.337093593,0.337093593,0.135171676,0.457750318,,,,,,,,,,,,,,,,,,,,,,,
S5,1_4,"[0.4, 0.6]","[0, 1]",1,0.274514938,0.274514938,0.356353591,0.491683479,,,,,,,,,,,,,,,,,,,,,,,
S5,1_5,"[0.4, 0.6]","[0, 1]",1,0.539195387,0.539195387,0.77781541,0.534223794,,,,,,,,,,,,,,,,,,,,,,,
S5,1_6,"[0.4, 0.6]","[0, 1]",1,0.291222827,0.291222827,0.326251619,0.499873869,,,,,,,,,,,,,,,,,,,,,,,
S5,1_7,"[0.4, 0.6]","[0, 1]",1,0.532011094,0.532011094,0.30592806,0.571738126,,,,,,,,,,,,,,,,,,,,,,,
S5,2_4,"[0.4, 0.6]","[0, 1]",1,0.380380931,0.380380931,0.185313692,0.444688658,,,,,,,,,,,,,,,,,,,,,,,
S5,2_5,"[0.4, 0.6]","[0, 1]",1,0.505173017,0.505173017,0.376140171,0.499786257,,,,,,,,,,,,,,,,,,,,,,,
S5,2_6,"[0.4, 0.6]","[0, 1]",1,0.378522722,0.378522722,0.463993401,0.480502611,,,,,,,,,,,,,,,,,,,,,,,
S5,2_7,"[0.4, 0.6]","[0, 1]",1,0.508409559,0.508409559,0.687493097,0.426663732,,,,,,,,,,,,,,,,,,,,,,,
S5,4_5,"[0.4, 0.6]","[0, 1]",0.966666667,0.385042257,0.385042257,0.436252132,0.57839998,,,,,,,,,,,,,,,,,,,,,,,
S5,4_6,"[0.4, 0.6]","[0, 1]",1,0.251862903,0.251862903,0.722105731,0.450220139,,,,,,,,,,,,,,,,,,,,,,,
S5,4_7,"[0.4, 0.6]","[0, 1]",1,0.510510869,0.510510869,0.385105709,0.43022049,,,,,,,,,,,,,,,,,,,,,,,
S5,5_6,"[0.4, 0.6]","[0, 1]",0.966666667,0.250544091,0.375816137,0.72304791,0.474995618,,,,,,,,,,,,,,,,,,,,,,,
S5,5_7,"[0.4, 0.6]","[0, 1]",1,0.688652534,0.688652534,0.232950228,0.440246574,,,,,,,,,,,,,,,,,,,,,,,
S5,6_7,"[0.4, 0.6]","[0, 1]",1,0.617503294,0.617503294,0.222385977,0.604367051,,,,,,,,,,,,,,,,,,,,,,,
SamNum,30,min_support,0.3,gamma,0.8,avg_Recall,0.438394138,,,,,,,,,,,,,,,,,,,,,,,,
S5,1_2,"[0.4, 0.6]","[0, 1]",1,0.284686181,0.284686181,0.364444958,0.402171796,,,,,,,,,,,,,,,,,,,,,,,
S5,1_4,"[0.4, 0.6]","[0, 1]",1,0.28257226,0.28257226,0.602317931,0.510220346,,,,,,,,,,,,,,,,,,,,,,,
S5,1_5,"[0.4, 0.6]","[0, 1]",1,0.407304515,0.610956772,0.782793719,0.681241151,,,,,,,,,,,,,,,,,,,,,,,
S5,1_6,"[0.4, 0.6]","[0, 1]",1,0.313049785,0.313049785,0.28586999,0.59287488,,,,,,,,,,,,,,,,,,,,,,,
S5,1_7,"[0.4, 0.6]","[0, 1]",1,0.512987485,0.512987485,0.340002413,0.392515124,,,,,,,,,,,,,,,,,,,,,,,
S5,2_4,"[0.4, 0.6]","[0, 1]",1,0.322083999,0.322083999,0.313777053,0.399865357,,,,,,,,,,,,,,,,,,,,,,,
S5,2_5,"[0.4, 0.6]","[0, 1]",0.9,0.449742428,0.449742428,0.367176849,0.424952904,,,,,,,,,,,,,,,,,,,,,,,
S5,2_6,"[0.4, 0.6]","[0, 1]",0.95,0.393174545,0.393174545,0.438916363,0.510457394,,,,,,,,,,,,,,,,,,,,,,,
S5,2_7,"[0.4, 0.6]","[0, 1]",1,0.496747047,0.496747047,0.600427825,0.382707198,,,,,,,,,,,,,,,,,,,,,,,
S5,4_5,"[0.4, 0.6]","[0, 1]",0.975,0.271840776,0.407761163,0.693481124,0.498301072,,,,,,,,,,,,,,,,,,,,,,,
S5,4_6,"[0.4, 0.6]","[0, 1]",1,0.210534214,0.210534214,0.549647015,0.413711993,,,,,,,,,,,,,,,,,,,,,,,
S5,4_7,"[0.4, 0.6]","[0, 1]",1,0.335788039,0.335788039,0.455101852,0.498981885,,,,,,,,,,,,,,,,,,,,,,,
S5,5_6,"[0.4, 0.6]","[0, 1]",1,0.42841243,0.42841243,0.659662497,0.489845111,,,,,,,,,,,,,,,,,,,,,,,
S5,5_7,"[0.4, 0.6]","[0, 1]",1,0.743470258,0.743470258,0.222844134,0.485776831,,,,,,,,,,,,,,,,,,,,,,,
S5,6_7,"[0.4, 0.6]","[0, 1]",1,0.61759066,0.61759066,0.250782309,0.425239054,,,,,,,,,,,,,,,,,,,,,,,
SamNum,40,min_support,0.3,gamma,0.8,avg_Recall,0.427303818,,,,,,,,,,,,,,,,,,,,,,,,
S5,1_2,"[0.4, 0.6]","[0, 1]",1,0.435646851,0.435646851,0.326948774,0.601273305,,,,,,,,,,,,,,,,,,,,,,,
S5,1_4,"[0.4, 0.6]","[0, 1]",1,0.248298791,0.248298791,0.431889674,0.625811614,,,,,,,,,,,,,,,,,,,,,,,
S5,1_5,"[0.4, 0.6]","[0, 1]",1,0.395629462,0.593444192,0.752807349,0.594595245,,,,,,,,,,,,,,,,,,,,,,,
S5,1_6,"[0.4, 0.6]","[0, 1]",1,0.391764473,0.391764473,0.359167555,0.556950929,,,,,,,,,,,,,,,,,,,,,,,
S5,1_7,"[0.4, 0.6]","[0, 1]",1,0.591908379,0.591908379,0.304011013,0.526189071,,,,,,,,,,,,,,,,,,,,,,,
S5,2_4,"[0.4, 0.6]","[0, 1]",1,0.258606508,0.258606508,0.271704823,0.383227422,,,,,,,,,,,,,,,,,,,,,,,
S5,2_5,"[0.4, 0.6]","[0, 1]",0.94,0.483405791,0.483405791,0.393215519,0.455835622,,,,,,,,,,,,,,,,,,,,,,,
S5,2_6,"[0.4, 0.6]","[0, 1]",1,0.404379539,0.404379539,0.398047869,0.609031185,,,,,,,,,,,,,,,,,,,,,,,
S5,2_7,"[0.4, 0.6]","[0, 1]",1,0.473476827,0.473476827,0.610397067,0.368249334,,,,,,,,,,,,,,,,,,,,,,,
S5,4_5,"[0.4, 0.6]","[0, 1]",0.9,0.284299604,0.426449406,0.714069923,0.739365094,,,,,,,,,,,,,,,,,,,,,,,
S5,4_6,"[0.4, 0.6]","[0, 1]",1,0.222965575,0.222965575,0.580523271,0.403027406,,,,,,,,,,,,,,,,,,,,,,,
S5,4_7,"[0.4, 0.6]","[0, 1]",1,0.538766456,0.538766456,0.416287309,0.366139411,,,,,,,,,,,,,,,,,,,,,,,
S5,5_6,"[0.4, 0.6]","[0, 1]",0.92,0.240823187,0.36123478,0.7763826,0.379747138,,,,,,,,,,,,,,,,,,,,,,,
S5,5_7,"[0.4, 0.6]","[0, 1]",0.98,0.674862146,0.674862146,0.472236403,0.438534707,,,,,,,,,,,,,,,,,,,,,,,
S5,6_7,"[0.4, 0.6]","[0, 1]",1,0.624416593,0.624416593,0.296643848,0.549214559,,,,,,,,,,,,,,,,,,,,,,,
SamNum,50,min_support,0.3,gamma,0.8,avg_Recall,0.448641754,,,,,,,,,,,,,,,,,,,,,,,,
S5,1_2,"[0.4, 0.6]","[0, 1]",1,0.340382144,0.340382144,0.271858793,0.470214057,,,,,,,,,,,,,,,,,,,,,,,
S5,1_4,"[0.4, 0.6]","[0, 1]",1,0.224863727,0.224863727,0.478735162,0.529148111,,,,,,,,,,,,,,,,,,,,,,,
S5,1_5,"[0.4, 0.6]","[0, 1]",1,0.524091432,0.262045716,-0.835249696,0.470805297,,,,,,,,,,,,,,,,,,,,,,,
S5,1_6,"[0.4, 0.6]","[0, 1]",1,0.41691615,0.41691615,0.307282314,0.502938062,,,,,,,,,,,,,,,,,,,,,,,
S5,1_7,"[0.4, 0.6]","[0, 1]",1,0.674071177,0.674071177,0.312857165,0.464670897,,,,,,,,,,,,,,,,,,,,,,,
S5,2_4,"[0.4, 0.6]","[0, 1]",1,0.284451618,0.284451618,0.141770492,0.422169164,,,,,,,,,,,,,,,,,,,,,,,
S5,2_5,"[0.4, 0.6]","[0, 1]",0.933333333,0.485113871,0.485113871,0.353120229,0.456209641,,,,,,,,,,,,,,,,,,,,,,,
S5,2_6,"[0.4, 0.6]","[0, 1]",1,0.469261771,0.469261771,0.465609511,0.599028946,,,,,,,,,,,,,,,,,,,,,,,
S5,2_7,"[0.4, 0.6]","[0, 1]",1,0.477280533,0.477280533,0.516560209,0.388097988,,,,,,,,,,,,,,,,,,,,,,,
S5,4_5,"[0.4, 0.6]","[0, 1]",1,0.297516301,0.446274452,0.769437663,0.742361273,,,,,,,,,,,,,,,,,,,,,,,
S5,4_6,"[0.4, 0.6]","[0, 1]",0.983333333,0.30172431,0.30172431,0.681608493,0.565586856,,,,,,,,,,,,,,,,,,,,,,,
S5,4_7,"[0.4, 0.6]","[0, 1]",1,0.491703368,0.491703368,0.343787465,0.461381183,,,,,,,,,,,,,,,,,,,,,,,
S5,5_6,"[0.4, 0.6]","[0, 1]",0.966666667,0.336268977,0.504403466,0.70106183,0.523588858,,,,,,,,,,,,,,,,,,,,,,,
S5,5_7,"[0.4, 0.6]","[0, 1]",0.966666667,0.674071177,0.674071177,0.272958751,0.41169712,,,,,,,,,,,,,,,,,,,,,,,
S5,6_7,"[0.4, 0.6]","[0, 1]",1,0.601439058,0.601439058,0.24460485,0.506391859,,,,,,,,,,,,,,,,,,,,,,,
SamNum,60,min_support,0.3,gamma,0.8,avg_Recall,0.443600169,,,,,,,,,,,,,,,,,,,,,,,,
S5,1_2,"[0.4, 0.6]","[0, 1]",1,0.377301653,0.377301653,0.343441063,0.475674853,,,,,,,,,,,,,,,,,,,,,,,
S5,1_4,"[0.4, 0.6]","[0, 1]",1,0.231696759,0.231696759,0.494366849,0.570677491,,,,,,,,,,,,,,,,,,,,,,,
S5,1_5,"[0.4, 0.6]","[0, 1]",1,0.48996849,0.244984245,-0.910546991,0.445097049,,,,,,,,,,,,,,,,,,,,,,,
S5,1_6,"[0.4, 0.6]","[0, 1]",1,0.363136356,0.363136356,0.262184105,0.547500126,,,,,,,,,,,,,,,,,,,,,,,
S5,1_7,"[0.4, 0.6]","[0, 1]",1,0.50187953,0.50187953,0.252510122,0.465301309,,,,,,,,,,,,,,,,,,,,,,,
S5,2_4,"[0.4, 0.6]","[0, 1]",1,0.271904802,0.271904802,0.177883638,0.537136045,,,,,,,,,,,,,,,,,,,,,,,
S5,2_5,"[0.4, 0.6]","[0, 1]",0.985714286,0.50956523,0.50956523,0.445035135,0.469263881,,,,,,,,,,,,,,,,,,,,,,,
S5,2_6,"[0.4, 0.6]","[0, 1]",1,0.400087844,0.400087844,0.449625918,0.501761961,,,,,,,,,,,,,,,,,,,,,,,
S5,2_7,"[0.4, 0.6]","[0, 1]",1,0.510790062,0.510790062,0.66869316,0.510785196,,,,,,,,,,,,,,,,,,,,,,,
S5,4_5,"[0.4, 0.6]","[0, 1]",0.971428571,0.298445959,0.447668939,0.716499617,0.721051939,,,,,,,,,,,,,,,,,,,,,,,
S5,4_6,"[0.4, 0.6]","[0, 1]",1,0.223217945,0.111608972,-0.800789325,0.373943466,,,,,,,,,,,,,,,,,,,,,,,
S5,4_7,"[0.4, 0.6]","[0, 1]",1,0.433433163,0.433433163,0.324631595,0.514524165,,,,,,,,,,,,,,,,,,,,,,,
S5,5_6,"[0.4, 0.6]","[0, 1]",0.971428571,0.486002345,0.486002345,0.681712126,0.469632148,,,,,,,,,,,,,,,,,,,,,,,
S5,5_7,"[0.4, 0.6]","[0, 1]",1,0.674862146,0.674862146,0.424280945,0.539942169,,,,,,,,,,,,,,,,,,,,,,,
S5,6_7,"[0.4, 0.6]","[0, 1]",1,0.578098817,0.578098817,0.428085073,0.520006099,,,,,,,,,,,,,,,,,,,,,,,
SamNum,70,min_support,0.3,gamma,0.8,avg_Recall,0.409534724,,,,,,,,,,,,,,,,,,,,,,,,
S5,1_2,"[0.4, 0.6]","[0, 1]",1,0.414088153,0.414088153,0.35927077,0.467126,,,,,,,,,,,,,,,,,,,,,,,
S5,1_4,"[0.4, 0.6]","[0, 1]",0.975,0.269216096,0.269216096,0.441801372,0.561405207,,,,,,,,,,,,,,,,,,,,,,,
S5,1_5,"[0.4, 0.6]","[0, 1]",1,0.464517753,0.232258877,-0.851127256,0.386767883,,,,,,,,,,,,,,,,,,,,,,,
S5,1_6,"[0.4, 0.6]","[0, 1]",1,0.452338982,0.452338982,0.338326313,0.517703805,,,,,,,,,,,,,,,,,,,,,,,
S5,1_7,"[0.4, 0.6]","[0, 1]",1,0.566067219,0.566067219,0.243253376,0.456714168,,,,,,,,,,,,,,,,,,,,,,,
S5,2_4,"[0.4, 0.6]","[0, 1]",1,0.306981043,0.306981043,0.213197806,0.461787528,,,,,,,,,,,,,,,,,,,,,,,
S5,2_5,"[0.4, 0.6]","[0, 1]",0.975,0.564162799,0.564162799,0.404072853,0.702208187,,,,,,,,,,,,,,,,,,,,,,,
S5,2_6,"[0.4, 0.6]","[0, 1]",1,0.408127272,0.408127272,0.521446367,0.464555313,,,,,,,,,,,,,,,,,,,,,,,
S5,2_7,"[0.4, 0.6]","[0, 1]",1,0.56685693,0.56685693,0.612518379,0.473773893,,,,,,,,,,,,,,,,,,,,,,,
S5,4_5,"[0.4, 0.6]","[0, 1]",0.9625,0.285338683,0.428008025,0.746920712,0.746914646,,,,,,,,,,,,,,,,,,,,,,,
S5,4_6,"[0.4, 0.6]","[0, 1]",1,0.201543886,0.30231583,0.783258691,0.73378833,,,,,,,,,,,,,,,,,,,,,,,
S5,4_7,"[0.4, 0.6]","[0, 1]",1,0.503536962,0.503536962,0.497047456,0.577293999,,,,,,,,,,,,,,,,,,,,,,,
S5,5_6,"[0.4, 0.6]","[0, 1]",0.95,0.263265428,0.394898143,0.753245101,0.462716413,,,,,,,,,,,,,,,,,,,,,,,
S5,5_7,"[0.4, 0.6]","[0, 1]",0.9875,0.747642316,0.747642316,0.320206131,0.564753829,,,,,,,,,,,,,,,,,,,,,,,
S5,6_7,"[0.4, 0.6]","[0, 1]",1,0.601439058,0.601439058,0.304997323,0.471591003,,,,,,,,,,,,,,,,,,,,,,,
SamNum,80,min_support,0.3,gamma,0.8,avg_Recall,0.45052918,,,,,,,,,,,,,,,,,,,,,,,,
S5,1_2,"[0.6, 0.8]","[0, 1]",1,0.468740606,0.468740606,0,0.771275549,,,,,,,,,,,,,,,,,,,,,,,
S5,1_4,"[0.6, 0.8]","[0, 1]",1,0.585152869,0.585152869,0.233495969,0.671460495,,,,,,,,,,,,,,,,,,,,,,,
S5,1_5,"[0.6, 0.8]","[0, 1]",1,1,0.5,-0.850284029,0.586475414,,,,,,,,,,,,,,,,,,,,,,,
S5,1_6,"[0.6, 0.8]","[0, 1]",1,0.495811117,0.495811117,0.10455326,0.570163693,,,,,,,,,,,,,,,,,,,,,,,
S5,1_7,"[0.6, 0.8]","[0, 1]",1,0.757559725,0.757559725,0,0.597167753,,,,,,,,,,,,,,,,,,,,,,,
S5,2_4,"[0.6, 0.8]","[0, 1]",1,0.127914049,0.127914049,0.11198946,0.716666667,,,,,,,,,,,,,,,,,,,,,,,
S5,2_5,"[0.6, 0.8]","[0, 1]",1,0.723232947,0.723232947,0.173579845,0.768725279,,,,,,,,,,,,,,,,,,,,,,,
S5,2_6,"[0.6, 0.8]","[0, 1]",1,0.417745782,0.417745782,0.283002036,0.731477119,,,,,,,,,,,,,,,,,,,,,,,
S5,2_7,"[0.6, 0.8]","[0, 1]",1,0.374699136,0.374699136,0.23386462,0.789182376,,,,,,,,,,,,,,,,,,,,,,,
S5,4_5,"[0.6, 0.8]","[0, 1]",1,0.581324916,0.581324916,0.438209862,0.618146852,,,,,,,,,,,,,,,,,,,,,,,
S5,4_6,"[0.6, 0.8]","[0, 1]",1,0.557907457,0.557907457,0.328703449,0.663462149,,,,,,,,,,,,,,,,,,,,,,,
S5,4_7,"[0.6, 0.8]","[0, 1]",1,0.618778823,0.618778823,0.407583088,0.679804437,,,,,,,,,,,,,,,,,,,,,,,
S5,5_6,"[0.6, 0.8]","[0, 1]",1,0.816551151,0.816551151,0.207974707,0.834774039,,,,,,,,,,,,,,,,,,,,,,,
S5,5_7,"[0.6, 0.8]","[0, 1]",1,0.867159506,0.867159506,0.175768847,0.731451639,,,,,,,,,,,,,,,,,,,,,,,
S5,6_7,"[0.6, 0.8]","[0, 1]",1,0.514677342,0.514677342,0.317350641,0.603939025,,,,,,,,,,,,,,,,,,,,,,,
SamNum,10,min_support,0.3,gamma,0.8,avg_Recall,0.560483695,,,,,,,,,,,,,,,,,,,,,,,,
S5,1_2,"[0.6, 0.8]","[0, 1]",1,0.446267175,0.446267175,0,0.627243586,,,,,,,,,,,,,,,,,,,,,,,
S5,1_4,"[0.6, 0.8]","[0, 1]",1,0.414636281,0.414636281,0.482987056,0.517735201,,,,,,,,,,,,,,,,,,,,,,,
S5,1_5,"[0.6, 0.8]","[0, 1]",1,0.814357137,0.814357137,0.553585224,0.826852646,,,,,,,,,,,,,,,,,,,,,,,
S5,1_6,"[0.6, 0.8]","[0, 1]",1,0.458194045,0.458194045,0.162552594,0.593432942,,,,,,,,,,,,,,,,,,,,,,,
S5,1_7,"[0.6, 0.8]","[0, 1]",1,0.716765129,0.716765129,0.232464881,0.704056191,,,,,,,,,,,,,,,,,,,,,,,
S5,2_4,"[0.6, 0.8]","[0, 1]",1,0.610217763,0.610217763,0.071172077,0.620103659,,,,,,,,,,,,,,,,,,,,,,,
S5,2_5,"[0.6, 0.8]","[0, 1]",1,0.794059265,0.794059265,0.175808567,0.631867565,,,,,,,,,,,,,,,,,,,,,,,
S5,2_6,"[0.6, 0.8]","[0, 1]",1,0.453846285,0.453846285,0.439901489,0.59002836,,,,,,,,,,,,,,,,,,,,,,,
S5,2_7,"[0.6, 0.8]","[0, 1]",1,0.605717725,0.605717725,0.310804573,0.596413536,,,,,,,,,,,,,,,,,,,,,,,
S5,4_5,"[0.6, 0.8]","[0, 1]",1,0.703259432,0.703259432,0.205927749,0.8275,,,,,,,,,,,,,,,,,,,,,,,
S5,4_6,"[0.6, 0.8]","[0, 1]",1,0.403686304,0.403686304,0.280211253,0.759232181,,,,,,,,,,,,,,,,,,,,,,,
S5,4_7,"[0.6, 0.8]","[0, 1]",1,0.563913409,0.563913409,0.25270631,0.672059002,,,,,,,,,,,,,,,,,,,,,,,
S5,5_6,"[0.6, 0.8]","[0, 1]",1,0.733765401,0.733765401,0.260847063,0.595777001,,,,,,,,,,,,,,,,,,,,,,,
S5,5_7,"[0.6, 0.8]","[0, 1]",1,0.838805457,0.838805457,0.38274731,0.714071526,,,,,,,,,,,,,,,,,,,,,,,
S5,6_7,"[0.6, 0.8]","[0, 1]",1,0.572570858,0.572570858,0.155038406,0.715142899,,,,,,,,,,,,,,,,,,,,,,,
SamNum,20,min_support,0.3,gamma,0.8,avg_Recall,0.608670778,,,,,,,,,,,,,,,,,,,,,,,,
S5,1_2,"[0.6, 0.8]","[0, 1]",1,0.672018937,0.672018937,0,0.558903252,,,,,,,,,,,,,,,,,,,,,,,
S5,1_4,"[0.6, 0.8]","[0, 1]",1,0.585152869,0.585152869,0.314333201,0.647798624,,,,,,,,,,,,,,,,,,,,,,,
S5,1_5,"[0.6, 0.8]","[0, 1]",1,1,0.5,-0.919290371,0.593258726,,,,,,,,,,,,,,,,,,,,,,,
S5,1_6,"[0.6, 0.8]","[0, 1]",1,0.619575183,0.619575183,0.44701212,0.660128067,,,,,,,,,,,,,,,,,,,,,,,
S5,1_7,"[0.6, 0.8]","[0, 1]",1,0.641829488,0.641829488,0.091229475,0.676101108,,,,,,,,,,,,,,,,,,,,,,,
S5,2_4,"[0.6, 0.8]","[0, 1]",1,0.25481624,0.25481624,0.009856265,0.580786752,,,,,,,,,,,,,,,,,,,,,,,
S5,2_5,"[0.6, 0.8]","[0, 1]",1,0.640396371,0.640396371,0.163405097,0.671175656,,,,,,,,,,,,,,,,,,,,,,,
S5,2_6,"[0.6, 0.8]","[0, 1]",1,0.494716931,0.494716931,0.435953312,0.654215477,,,,,,,,,,,,,,,,,,,,,,,
S5,2_7,"[0.6, 0.8]","[0, 1]",1,0.632864722,0.632864722,0.462578697,0.733768543,,,,,,,,,,,,,,,,,,,,,,,
S5,4_5,"[0.6, 0.8]","[0, 1]",1,0.683111296,0.683111296,0.400555604,0.717393159,,,,,,,,,,,,,,,,,,,,,,,
S5,4_6,"[0.6, 0.8]","[0, 1]",1,0.303223683,0.303223683,0.434260567,0.562127947,,,,,,,,,,,,,,,,,,,,,,,
S5,4_7,"[0.6, 0.8]","[0, 1]",1,0.511436935,0.511436935,0.461146932,0.511613284,,,,,,,,,,,,,,,,,,,,,,,
S5,5_6,"[0.6, 0.8]","[0, 1]",1,0.690855338,0.690855338,0.338334831,0.632848879,,,,,,,,,,,,,,,,,,,,,,,
S5,5_7,"[0.6, 0.8]","[0, 1]",1,0.838805457,0.838805457,0.302595069,0.760153103,,,,,,,,,,,,,,,,,,,,,,,
S5,6_7,"[0.6, 0.8]","[0, 1]",1,0.614425403,0.614425403,0.257034557,0.711130452,,,,,,,,,,,,,,,,,,,,,,,
SamNum,30,min_support,0.3,gamma,0.8,avg_Recall,0.578881923,,,,,,,,,,,,,,,,,,,,,,,,
S5,1_2,"[0.6, 0.8]","[0, 1]",1,0.613514718,0.613514718,0,0.572012172,,,,,,,,,,,,,,,,,,,,,,,
S5,1_4,"[0.6, 0.8]","[0, 1]",1,0.489571922,0.489571922,0.3195538,0.577617877,,,,,,,,,,,,,,,,,,,,,,,
S5,1_5,"[0.6, 0.8]","[0, 1]",1,1,0.5,-0.894562,0.559147806,,,,,,,,,,,,,,,,,,,,,,,
S5,1_6,"[0.6, 0.8]","[0, 1]",0.975,0.583877339,0.583877339,0.290443751,0.59040914,,,,,,,,,,,,,,,,,,,,,,,
S5,1_7,"[0.6, 0.8]","[0, 1]",1,0.716765129,0.716765129,0.109066015,0.683366636,,,,,,,,,,,,,,,,,,,,,,,
S5,2_4,"[0.6, 0.8]","[0, 1]",1,0.404277028,0.404277028,0.049300874,0.572443228,,,,,,,,,,,,,,,,,,,,,,,
S5,2_5,"[0.6, 0.8]","[0, 1]",1,0.713416317,0.713416317,0.110372654,0.685686211,,,,,,,,,,,,,,,,,,,,,,,
S5,2_6,"[0.6, 0.8]","[0, 1]",0.95,0.473051201,0.473051201,0.459208252,0.716152532,,,,,,,,,,,,,,,,,,,,,,,
S5,2_7,"[0.6, 0.8]","[0, 1]",1,0.493177597,0.493177597,0.467943596,0.77229911,,,,,,,,,,,,,,,,,,,,,,,
S5,4_5,"[0.6, 0.8]","[0, 1]",1,0.688224489,0.688224489,0.373039559,0.562571265,,,,,,,,,,,,,,,,,,,,,,,
S5,4_6,"[0.6, 0.8]","[0, 1]",1,0.297938037,0.297938037,0.394385681,0.636084226,,,,,,,,,,,,,,,,,,,,,,,
S5,4_7,"[0.6, 0.8]","[0, 1]",1,0.555077199,0.555077199,0.295261221,0.476122102,,,,,,,,,,,,,,,,,,,,,,,
S5,5_6,"[0.6, 0.8]","[0, 1]",0.975,0.705917667,0.705917667,0.280956375,0.726786373,,,,,,,,,,,,,,,,,,,,,,,
S5,5_7,"[0.6, 0.8]","[0, 1]",1,0.838805457,0.838805457,0.261485919,0.816300613,,,,,,,,,,,,,,,,,,,,,,,
S5,6_7,"[0.6, 0.8]","[0, 1]",1,0.557298585,0.557298585,0.299036612,0.583137703,,,,,,,,,,,,,,,,,,,,,,,
SamNum,40,min_support,0.3,gamma,0.8,avg_Recall,0.575394179,,,,,,,,,,,,,,,,,,,,,,,,
S5,1_2,"[0.6, 0.8]","[0, 1]",1,0.538579078,0.538579078,0.028934628,0.539684026,,,,,,,,,,,,,,,,,,,,,,,
S5,1_4,"[0.6, 0.8]","[0, 1]",1,0.585152869,0.585152869,0.291860455,0.654431489,,,,,,,,,,,,,,,,,,,,,,,
S5,1_5,"[0.6, 0.8]","[0, 1]",1,1,0.5,-0.869141832,0.575278703,,,,,,,,,,,,,,,,,,,,,,,
S5,1_6,"[0.6, 0.8]","[0, 1]",0.94,0.488349453,0.488349453,0.303452772,0.609306996,,,,,,,,,,,,,,,,,,,,,,,
S5,1_7,"[0.6, 0.8]","[0, 1]",1,0.626557216,0.626557216,0.091499704,0.603125415,,,,,,,,,,,,,,,,,,,,,,,
S5,2_4,"[0.6, 0.8]","[0, 1]",1,0.340937473,0.340937473,0.113362096,0.529818268,,,,,,,,,,,,,,,,,,,,,,,
S5,2_5,"[0.6, 0.8]","[0, 1]",1,0.535893679,0.535893679,0.117560515,0.724314315,,,,,,,,,,,,,,,,,,,,,,,
S5,2_6,"[0.6, 0.8]","[0, 1]",0.96,0.463006781,0.463006781,0.488384526,0.745978484,,,,,,,,,,,,,,,,,,,,,,,
S5,2_7,"[0.6, 0.8]","[0, 1]",1,0.538398337,0.538398337,0.326182464,0.703927884,,,,,,,,,,,,,,,,,,,,,,,
S5,4_5,"[0.6, 0.8]","[0, 1]",1,0.61161225,0.61161225,0.447212987,0.689563778,,,,,,,,,,,,,,,,,,,,,,,
S5,4_6,"[0.6, 0.8]","[0, 1]",1,0.282875708,0.282875708,0.461078316,0.667337627,,,,,,,,,,,,,,,,,,,,,,,
S5,4_7,"[0.6, 0.8]","[0, 1]",1,0.684646788,0.684646788,0.248928328,0.498498316,,,,,,,,,,,,,,,,,,,,,,,
S5,5_6,"[0.6, 0.8]","[0, 1]",1,0.712830966,0.712830966,0.364532855,0.618385795,,,,,,,,,,,,,,,,,,,,,,,
S5,5_7,"[0.6, 0.8]","[0, 1]",1,0.838805457,0.838805457,0.426571388,0.709795378,,,,,,,,,,,,,,,,,,,,,,,
S5,6_7,"[0.6, 0.8]","[0, 1]",1,0.566911567,0.566911567,0.311813339,0.646725044,,,,,,,,,,,,,,,,,,,,,,,
SamNum,50,min_support,0.3,gamma,0.8,avg_Recall,0.554303841,,,,,,,,,,,,,,,,,,,,,,,,
S5,1_2,"[0.6, 0.8]","[0, 1]",1,0.672018937,0.672018937,0.031616895,0.586363192,,,,,,,,,,,,,,,,,,,,,,,
S5,1_4,"[0.6, 0.8]","[0, 1]",1,0.585152869,0.585152869,0.241761952,0.656477528,,,,,,,,,,,,,,,,,,,,,,,
S5,1_5,"[0.6, 0.8]","[0, 1]",1,0.720353283,0.360176641,-0.897131428,0.591061055,,,,,,,,,,,,,,,,,,,,,,,
S5,1_6,"[0.6, 0.8]","[0, 1]",0.983333333,0.508941699,0.508941699,0.354543781,0.566962437,,,,,,,,,,,,,,,,,,,,,,,
S5,1_7,"[0.6, 0.8]","[0, 1]",1,0.716765129,0.716765129,0.101859722,0.659830217,,,,,,,,,,,,,,,,,,,,,,,
S5,2_4,"[0.6, 0.8]","[0, 1]",1,0.349976596,0.349976596,0.029835832,0.517137948,,,,,,,,,,,,,,,,,,,,,,,
S5,2_5,"[0.6, 0.8]","[0, 1]",1,0.794059265,0.794059265,0.18260819,0.628089208,,,,,,,,,,,,,,,,,,,,,,,
S5,2_6,"[0.6, 0.8]","[0, 1]",1,0.494716931,0.494716931,0.434210204,0.62256583,,,,,,,,,,,,,,,,,,,,,,,
S5,2_7,"[0.6, 0.8]","[0, 1]",1,0.632864722,0.632864722,0.469471043,0.666683821,,,,,,,,,,,,,,,,,,,,,,,
S5,4_5,"[0.6, 0.8]","[0, 1]",1,0.61161225,0.61161225,0.440613152,0.61202948,,,,,,,,,,,,,,,,,,,,,,,
S5,4_6,"[0.6, 0.8]","[0, 1]",1,0.35206915,0.35206915,0.435137803,0.53577214,,,,,,,,,,,,,,,,,,,,,,,
S5,4_7,"[0.6, 0.8]","[0, 1]",1,0.638419304,0.638419304,0.281172647,0.616930557,,,,,,,,,,,,,,,,,,,,,,,
S5,5_6,"[0.6, 0.8]","[0, 1]",1,0.72810611,0.72810611,0.343511677,0.584277155,,,,,,,,,,,,,,,,,,,,,,,
S5,5_7,"[0.6, 0.8]","[0, 1]",1,0.838805457,0.838805457,0.28251617,0.691631875,,,,,,,,,,,,,,,,,,,,,,,
S5,6_7,"[0.6, 0.8]","[0, 1]",0.983333333,0.557160617,0.557160617,0.16084265,0.682510032,,,,,,,,,,,,,,,,,,,,,,,
SamNum,60,min_support,0.3,gamma,0.8,avg_Recall,0.589389712,,,,,,,,,,,,,,,,,,,,,,,,
S5,1_2,"[0.6, 0.8]","[0, 1]",1,0.664953677,0.664953677,0,0.713830462,,,,,,,,,,,,,,,,,,,,,,,
S5,1_4,"[0.6, 0.8]","[0, 1]",1,0.489571922,0.489571922,0.324361872,0.560183998,,,,,,,,,,,,,,,,,,,,,,,
S5,1_5,"[0.6, 0.8]","[0, 1]",1,0.720353283,0.360176641,-0.882087103,0.565033912,,,,,,,,,,,,,,,,,,,,,,,
S5,1_6,"[0.6, 0.8]","[0, 1]",0.971428571,0.583877339,0.583877339,0.297824667,0.591401185,,,,,,,,,,,,,,,,,,,,,,,
S5,1_7,"[0.6, 0.8]","[0, 1]",1,0.701492857,0.701492857,0.089456172,0.595192186,,,,,,,,,,,,,,,,,,,,,,,
S5,2_4,"[0.6, 0.8]","[0, 1]",1,0.435403858,0.435403858,0.043355914,0.514517178,,,,,,,,,,,,,,,,,,,,,,,
S5,2_5,"[0.6, 0.8]","[0, 1]",1,0.794059265,0.794059265,0.15217275,0.646477092,,,,,,,,,,,,,,,,,,,,,,,
S5,2_6,"[0.6, 0.8]","[0, 1]",0.971428571,0.490644052,0.490644052,0.493748203,0.752652334,,,,,,,,,,,,,,,,,,,,,,,
S5,2_7,"[0.6, 0.8]","[0, 1]",1,0.572570858,0.572570858,0.472119526,0.66667296,,,,,,,,,,,,,,,,,,,,,,,
S5,4_5,"[0.6, 0.8]","[0, 1]",1,0.643491572,0.643491572,0.414390682,0.613630664,,,,,,,,,,,,,,,,,,,,,,,
S5,4_6,"[0.6, 0.8]","[0, 1]",1,0.331134715,0.331134715,0.43211724,0.548795126,,,,,,,,,,,,,,,,,,,,,,,
S5,4_7,"[0.6, 0.8]","[0, 1]",1,0.485803007,0.485803007,0.334050798,0.547930011,,,,,,,,,,,,,,,,,,,,,,,
S5,5_6,"[0.6, 0.8]","[0, 1]",1,0.712830966,0.712830966,0.374053139,0.586817179,,,,,,,,,,,,,,,,,,,,,,,
S5,5_7,"[0.6, 0.8]","[0, 1]",1,0.838805457,0.838805457,0.364808832,0.691288254,,,,,,,,,,,,,,,,,,,,,,,
S5,6_7,"[0.6, 0.8]","[0, 1]",1,0.551639295,0.551639295,0.281368716,0.597766845,,,,,,,,,,,,,,,,,,,,,,,
SamNum,70,min_support,0.3,gamma,0.8,avg_Recall,0.577097032,,,Data Type,10,20,30,40,50,60,70,30,30,40,40,40,50,50,50,60,60,60,70,70,70
S5,1_2,"[0.2, 0.4]","[0, 1]",1,0.225747971,0.225747971,0.004447431,0.483752974,,Precision,0.225747971,0.29310859,0.303694243,0.225991618,0.210103598,0.191982366,0.288630101,,,,,,,,,,,,,,
S5,1_4,"[0.2, 0.4]","[0, 1]",1,0.290859325,0.290859325,0.58363049,0.528824107,,Precision,0.290859325,0.316824975,0.250552898,0.298130553,0.189711141,0.236513518,0.227619744,,,,,,,,,,,,,,
S5,1_5,"[0.2, 0.4]","[0, 1]",1,0.202244482,0.202244482,0.55859807,0.453307478,,Precision,0.202244482,0.208034184,0.409976242,0.309625918,0.319263763,0.249407405,0.344882847,,,,,,,,,,,,,,
S5,1_6,"[0.2, 0.4]","[0, 1]",1,0.24288492,0.24288492,0.357538726,0.402785431,,Precision,0.24288492,0.258331041,0.307038792,0.274563389,0.182142938,0.266406594,0.26905141,,,,,,,,,,,,,,
S5,1_7,"[0.2, 0.4]","[0, 1]",0.9,0.375259015,0.375259015,0.717519558,0.528747347,,Precision,0.375259015,0.381666044,0.319688129,0.461630422,0.422222108,0.402289705,0.396264584,,,,,,,,,,,,,,
S5,2_4,"[0.2, 0.4]","[0, 1]",1,0.196075223,0.196075223,0.530608806,0.361083964,,Precision,0.196075223,0.186367583,0.141884678,0.185419617,0.19546772,0.177982593,0.1257697,,,,,,,,,,,,,,
S5,2_5,"[0.2, 0.4]","[0, 1]",1,0.318973161,0.318973161,0.511294257,0.35552571,,Precision,0.318973161,0.304283212,0.348184194,0.240797996,0.258766099,0.26762281,0.355685111,,,,,,,,,,,,,,
S5,2_6,"[0.2, 0.4]","[0, 1]",1,0.119019035,0.178528552,0.566804268,0.526953111,,Precision,0.119019035,0.148283864,0.215805358,0.132451823,0.23503056,0.191731645,0.278749152,,,,,,,,,,,,,,
S5,2_7,"[0.2, 0.4]","[0, 1]",1,0.46059152,0.46059152,0.411360546,0.411486421,,Precision,0.46059152,0.338020421,0.355861866,0.266144284,0.281554318,0.249314919,0.295346226,,,,,,,,,,,,,,
S5,4_5,"[0.2, 0.4]","[0, 1]",1,0.298130553,0.298130553,0.532345074,0.367132111,,Precision,0.298130553,0.292581072,0.302171073,0.260440493,0.338097124,0.21995022,0.246234422,,,,,,,,,,,,,,
S5,4_6,"[0.2, 0.4]","[0, 1]",0.9,0.190063215,0.190063215,0.584254728,0.307925468,,Precision,0.190063215,0.133231063,0.153003939,0.139874141,0.205826765,0.139874141,0.193105267,,,,,,,,,,,,,,
S5,4_7,"[0.2, 0.4]","[0, 1]",1,0.24847276,0.24847276,0.55561637,0.471301768,,Precision,0.24847276,0.240907222,0.184880582,0.261717202,0.278053136,0.291540374,0.281390968,,,,,,,,,,,,,,
S5,5_6,"[0.2, 0.4]","[0, 1]",1,0.233949973,0.233949973,0.261025905,0.364679177,,Precision,0.233949973,0.236387619,0.341188018,0.233415354,0.34259627,0.23812105,0.23812105,,,,,,,,,,,,,,
S5,5_7,"[0.2, 0.4]","[0, 1]",1,0.343908349,0.515862524,0.369189188,0.516575153,,Precision,0.343908349,0.395872882,0.402504979,0.40399904,0.40476713,0.390564472,0.366503133,,,,,,,,,,,,,,
S5,6_7,"[0.2, 0.4]","[0, 1]",1,0.25746146,0.25746146,0.576973856,0.294843558,,Precision,0.25746146,0.249643561,0.303821904,0.208509096,0.331500981,0.225842217,0.295597791,,,,,,,,,,,,,,
SamNum,10,min_support,0.3,gamma,0.8,avg_Recall,0.28234031,,,Recall,0.225747971,0.29310859,0.303694243,0.338987428,0.315155397,0.28797355,0.288630101,,,,,,,,,,,,,,
S5,1_2,"[0.2, 0.4]","[0, 1]",0.95,0.29310859,0.29310859,0.643358664,0.290494536,,Recall,0.290859325,0.316824975,0.375829347,0.298130553,0.284566711,0.354770277,0.227619744,,,,,,,,,,,,,,
S5,1_4,"[0.2, 0.4]","[0, 1]",0.95,0.316824975,0.316824975,0.649143668,0.537491933,,Recall,0.202244482,0.208034184,0.409976242,0.464438877,0.478895644,0.374111108,0.344882847,,,,,,,,,,,,,,
S5,1_5,"[0.2, 0.4]","[0, 1]",1,0.208034184,0.208034184,0.699306536,0.394085612,,Recall,0.24288492,0.258331041,0.307038792,0.274563389,0.273214407,0.266406594,0.26905141,,,,,,,,,,,,,,
S5,1_6,"[0.2, 0.4]","[0, 1]",1,0.258331041,0.258331041,0.476600792,0.423585373,,Recall,0.375259015,0.572499066,0.479532194,0.461630422,0.422222108,0.402289705,0.396264584,,,,,,,,,,,,,,
S5,1_7,"[0.2, 0.4]","[0, 1]",0.95,0.381666044,0.572499066,0.657200733,0.468124052,,Recall,0.196075223,0.186367583,0.212827017,0.185419617,0.19546772,0.177982593,0.18865455,,,,,,,,,,,,,,
S5,2_4,"[0.2, 0.4]","[0, 1]",1,0.186367583,0.186367583,0.66645151,0.446199765,,Recall,0.318973161,0.304283212,0.348184194,0.361196994,0.258766099,0.401434214,0.355685111,,,,,,,,,,,,,,
S5,2_5,"[0.2, 0.4]","[0, 1]",0.95,0.304283212,0.304283212,0.660731516,0.402386324,,Recall,0.178528552,0.222425795,0.215805358,0.198677735,0.23503056,0.191731645,0.278749152,,,,,,,,,,,,,,
S5,2_6,"[0.2, 0.4]","[0, 1]",1,0.148283864,0.222425795,0.578424872,0.583464621,,Recall,0.46059152,0.338020421,0.355861866,0.399216426,0.281554318,0.373972378,0.295346226,,,,,,,,,,,,,,
S5,2_7,"[0.2, 0.4]","[0, 1]",0.95,0.338020421,0.338020421,0.457725013,0.411330656,,Recall,0.298130553,0.292581072,0.302171073,0.260440493,0.338097124,0.329925331,0.369351633,,,,,,,,,,,,,,
S5,4_5,"[0.2, 0.4]","[0, 1]",0.9,0.292581072,0.292581072,0.685004214,0.371032454,,Recall,0.190063215,0.133231063,0.153003939,0.209811211,0.205826765,0.209811211,0.193105267,,,,,,,,,,,,,,
S5,4_6,"[0.2, 0.4]","[0, 1]",0.95,0.133231063,0.133231063,0.455750492,0.309763839,,Recall,0.24847276,0.240907222,0.277320873,0.261717202,0.278053136,0.291540374,0.281390968,,,,,,,,,,,,,,
S5,4_7,"[0.2, 0.4]","[0, 1]",1,0.240907222,0.240907222,0.367141298,0.276342182,,Recall,0.233949973,0.236387619,0.341188018,0.350123031,0.34259627,0.357181576,0.357181576,,,,,,,,,,,,,,
S5,5_6,"[0.2, 0.4]","[0, 1]",0.95,0.236387619,0.236387619,0.548801192,0.35230586,,Recall,0.515862524,0.395872882,0.402504979,0.40399904,0.40476713,0.390564472,0.549754699,,,,,,,,,,,,,,
S5,5_7,"[0.2, 0.4]","[0, 1]",1,0.395872882,0.395872882,0.162330401,0.402925272,,Recall,0.25746146,0.249643561,0.303821904,0.312763644,0.331500981,0.338763326,0.295597791,,,,,,,,,,,,,,
S5,6_7,"[0.2, 0.4]","[0, 1]",1,0.249643561,0.249643561,0.544140632,0.23905593,,CC,0.004447431,0.643358664,0.476286799,0.66268349,0.73414553,0.60860565,0.626932796,,,,,,,,,,,,,,
SamNum,20,min_support,0.3,gamma,0.8,avg_Recall,0.283234552,,,CC,0.58363049,0.649143668,0.767475247,0.620038026,0.756840016,0.745344662,0.614932305,,,,,,,,,,,,,,
S5,1_2,"[0.2, 0.4]","[0, 1]",0.966666667,0.303694243,0.303694243,0.476286799,0.278246827,,CC,0.55859807,0.699306536,0.611747773,0.630630111,0.756436453,0.755291378,0.768019133,,,,,,,,,,,,,,
S5,1_4,"[0.2, 0.4]","[0, 1]",0.966666667,0.250552898,0.375829347,0.767475247,0.430940316,,CC,0.357538726,0.476600792,0.573057648,0.620284887,0.551366492,0.347580513,0.538434444,,,,,,,,,,,,,,
S5,1_5,"[0.2, 0.4]","[0, 1]",1,0.409976242,0.409976242,0.611747773,0.498049956,,CC,0.717519558,0.657200733,0.372990185,0.049186899,0.487590685,0.380903686,0.307913379,,,,,,,,,,,,,,
S5,1_6,"[0.2, 0.4]","[0, 1]",1,0.307038792,0.307038792,0.573057648,0.348072136,,CC,0.530608806,0.66645151,0.679277823,0.627499291,0.528004461,0.536315409,0.602230702,,,,,,,,,,,,,,
S5,1_7,"[0.2, 0.4]","[0, 1]",1,0.319688129,0.479532194,0.372990185,0.407468832,,CC,0.511294257,0.660731516,0.551657152,0.60873366,0.636578214,0.770193861,0.510777979,,,,,,,,,,,,,,
S5,2_4,"[0.2, 0.4]","[0, 1]",1,0.141884678,0.212827017,0.679277823,0.371071903,,CC,0.566804268,0.578424872,0.468070764,0.668035708,0.337138574,0.35068601,0.458404958,,,,,,,,,,,,,,
S5,2_5,"[0.2, 0.4]","[0, 1]",1,0.348184194,0.348184194,0.551657152,0.294191911,,CC,0.411360546,0.457725013,0.341552526,0.63088925,0.60410752,0.594306602,0.579642158,,,,,,,,,,,,,,
S5,2_6,"[0.2, 0.4]","[0, 1]",1,0.215805358,0.215805358,0.468070764,0.448698761,,CC,0.532345074,0.685004214,0.674620768,0.590208147,0.700071132,0.705441125,0.714258126,,,,,,,,,,,,,,
S5,2_7,"[0.2, 0.4]","[0, 1]",1,0.355861866,0.355861866,0.341552526,0.272141734,,CC,0.584254728,0.455750492,0.468799427,0.589914976,0.548561066,0.583482522,0.55983372,,,,,,,,,,,,,,
S5,4_5,"[0.2, 0.4]","[0, 1]",1,0.302171073,0.302171073,0.674620768,0.304789181,,CC,0.55561637,0.367141298,0.539813854,0.43529128,0.387121367,0.412960288,0.396747517,,,,,,,,,,,,,,
S5,4_6,"[0.2, 0.4]","[0, 1]",0.966666667,0.153003939,0.153003939,0.468799427,0.385539425,,CC,0.261025905,0.548801192,0.48212108,0.673405838,0.564636525,0.67484529,0.617416921,,,,,,,,,,,,,,
S5,4_7,"[0.2, 0.4]","[0, 1]",1,0.184880582,0.277320873,0.539813854,0.305664058,,CC,0.369189188,0.162330401,0.357733056,0.592952053,0.605988609,0.526346314,0.624790027,,,,,,,,,,,,,,
S5,5_6,"[0.2, 0.4]","[0, 1]",1,0.341188018,0.341188018,0.48212108,0.335219807,,CC,0.576973856,0.544140632,0.349770205,0.618586938,0.516152709,0.570619883,0.512823827,,,,,,,,,,,,,,
S5,5_7,"[0.2, 0.4]","[0, 1]",1,0.402504979,0.402504979,0.357733056,0.331752109,,,,,,,,,,,,,,,,,,,,,,,
S5,6_7,"[0.2, 0.4]","[0, 1]",1,0.303821904,0.303821904,0.349770205,0.314434815,,,,,,,,,,,,,,,,,,,,,,,
SamNum,30,min_support,0.3,gamma,0.8,avg_Recall,0.319250669,,,Data Type,10,20,30,40,50,60,70,,,,,,,,,,,,,,
S5,1_2,"[0.2, 0.4]","[0, 1]",0.975,0.223662935,0.335494402,0.735142889,0.255415786,1,Precision,0.225747971,0.29310859,0.303694243,0.225991618,0.210103598,0.191982366,0.288630101,,,,,,,,,,,,,,
S5,1_4,"[0.2, 0.4]","[0, 1]",0.975,0.162979211,0.244468816,0.725225158,0.434477817,,Recall,0.225747971,0.29310859,0.303694243,0.338987428,0.315155397,0.28797355,0.288630101,,,,,,,,,,,,,,
S5,1_5,"[0.2, 0.4]","[0, 1]",1,0.16065406,0.08032703,-0.806221857,0.273047632,,CC,0.004447431,0.643358664,0.476286799,0.66268349,0.73414553,0.60860565,0.626932796,,,,,,,,,,,,,,
S5,1_6,"[0.2, 0.4]","[0, 1]",1,0.230615809,0.230615809,0.534840488,0.318248129,2,Precision,0.343908349,0.395872882,0.402504979,0.40399904,0.40476713,0.390564472,0.366503133,,,,,,,,,,,,,,
S5,1_7,"[0.2, 0.4]","[0, 1]",1,0.373289554,0.373289554,0.333115766,0.247462588,,Recall,0.515862524,0.395872882,0.402504979,0.40399904,0.40476713,0.390564472,0.549754699,,,,,,,,,,,,,,
S5,2_4,"[0.2, 0.4]","[0, 1]",0.95,0.202469808,0.202469808,0.392701342,0.286375947,,CC,0.369189188,0.162330401,0.357733056,0.592952053,0.605988609,0.526346314,0.624790027,,,,,,,,,,,,,,
S5,2_5,"[0.2, 0.4]","[0, 1]",0.95,0.207413602,0.311120403,0.772966861,0.212495907,,,,,,,,,,,,,,,,,,,,,,,
S5,2_6,"[0.2, 0.4]","[0, 1]",0.95,0.145816993,0.218725489,0.75349565,0.265559246,,,,,,,,,,,,,,,,,,,,,,,
S5,2_7,"[0.2, 0.4]","[0, 1]",0.975,0.321271348,0.321271348,0.389201455,0.388475672,,,,,,,,,,,,,,,,,,,,,,,
S5,4_5,"[0.2, 0.4]","[0, 1]",1,0.217181984,0.325772976,0.781112064,0.442184385,,,,,,,,,,,,,,,,,,,,,,,
S5,4_6,"[0.2, 0.4]","[0, 1]",0.975,0.136495228,0.204742842,0.526295287,0.391617999,,,,,,,,,,,,,,,,,,,,,,,
S5,4_7,"[0.2, 0.4]","[0, 1]",1,0.335688747,0.335688747,0.505449542,0.348643581,,,,,,,,,,,,,,,,,,,,,,,
S5,5_6,"[0.2, 0.4]","[0, 1]",1,0.21940926,0.329113891,0.732463457,0.264733914,,,,,,,,,,,,,,,,,,,,,,,
S5,5_7,"[0.2, 0.4]","[0, 1]",0.9,0.484569408,0.484569408,0.683518894,0.354813918,,,,,,,,,,,,,,,,,,,,,,,
S5,6_7,"[0.2, 0.4]","[0, 1]",0.925,0.299824496,0.299824496,0.2171844,0.30921405,,,,,,,,,,,,,,,,,,,,,,,
SamNum,40,min_support,0.3,gamma,0.8,avg_Recall,0.286499668,,,,,,,,,,,,,,,,,,,,,,,,
S5,1_2,"[0.2, 0.4]","[0, 1]",1,0.225991618,0.338987428,0.66268349,0.429703029,,,,,,,,,,,,,,,,,,,,,,,
S5,1_4,"[0.2, 0.4]","[0, 1]",0.95,0.298130553,0.298130553,0.620038026,0.297584512,,,,,,,,,,,,,,,,,,,,,,,
S5,1_5,"[0.2, 0.4]","[0, 1]",1,0.309625918,0.464438877,0.630630111,0.528983346,,,,,,,,,,,,,,,,,,,,,,,
S5,1_6,"[0.2, 0.4]","[0, 1]",1,0.274563389,0.274563389,0.620284887,0.373824477,,,,,,,,,,,,,,,,,,,,,,,
S5,1_7,"[0.2, 0.4]","[0, 1]",0.975,0.461630422,0.461630422,0.049186899,0.570623781,,,,,,,,,,,,,,,,,,,,,,,
S5,2_4,"[0.2, 0.4]","[0, 1]",0.975,0.185419617,0.185419617,0.627499291,0.305539097,,,,,,,,,,,,,,,,,,,,,,,
S5,2_5,"[0.2, 0.4]","[0, 1]",1,0.240797996,0.361196994,0.60873366,0.339632734,,,,,,,,,,,,,,,,,,,,,,,
S5,2_6,"[0.2, 0.4]","[0, 1]",1,0.132451823,0.198677735,0.668035708,0.306323894,,,,,,,,,,,,,,,,,,,,,,,
S5,2_7,"[0.2, 0.4]","[0, 1]",1,0.266144284,0.399216426,0.63088925,0.244347915,,,,,,,,,,,,,,,,,,,,,,,
S5,4_5,"[0.2, 0.4]","[0, 1]",1,0.260440493,0.260440493,0.590208147,0.415727139,,,,,,,,,,,,,,,,,,,,,,,
S5,4_6,"[0.2, 0.4]","[0, 1]",1,0.139874141,0.209811211,0.589914976,0.32987943,,,,,,,,,,,,,,,,,,,,,,,
S5,4_7,"[0.2, 0.4]","[0, 1]",0.95,0.261717202,0.261717202,0.43529128,0.382656297,,,,,,,,,,,,,,,,,,,,,,,
S5,5_6,"[0.2, 0.4]","[0, 1]",1,0.233415354,0.350123031,0.673405838,0.430202299,,,,,,,,,,,,,,,,,,,,,,,
S5,5_7,"[0.2, 0.4]","[0, 1]",0.9,0.40399904,0.40399904,0.592952053,0.367634558,,,,,,,,,,,,,,,,,,,,,,,
S5,6_7,"[0.2, 0.4]","[0, 1]",0.95,0.208509096,0.312763644,0.618586938,0.331078081,,,,,,,,,,,,,,,,,,,,,,,
SamNum,40,min_support,0.3,gamma,0.8,avg_Recall,0.318741071,,,,,,,,,,,,,,,,,,,,,,,,
S5,1_2,"[0.2, 0.4]","[0, 1]",0.96,0.210103598,0.315155397,0.73414553,0.193623863,,,,,,,,,,,,,,,,,,,,,,,
S5,1_4,"[0.2, 0.4]","[0, 1]",0.96,0.189711141,0.284566711,0.756840016,0.409041821,,,,,,,,,,,,,,,,,,,,,,,
S5,1_5,"[0.2, 0.4]","[0, 1]",1,0.319263763,0.478895644,0.756436453,0.405358919,,,,,,,,,,,,,,,,,,,,,,,
S5,1_6,"[0.2, 0.4]","[0, 1]",1,0.182142938,0.273214407,0.551366492,0.337997861,,,,,,,,,,,,,,,,,,,,,,,
S5,1_7,"[0.2, 0.4]","[0, 1]",1,0.422222108,0.422222108,0.487590685,0.267595887,,,,,,,,,,,,,,,,,,,,,,,
S5,2_4,"[0.2, 0.4]","[0, 1]",1,0.19546772,0.19546772,0.528004461,0.362773165,,,,,,,,,,,,,,,,,,,,,,,
S5,2_5,"[0.2, 0.4]","[0, 1]",0.96,0.258766099,0.258766099,0.636578214,0.291737464,,,,,,,,,,,,,,,,,,,,,,,
S5,2_6,"[0.2, 0.4]","[0, 1]",0.96,0.23503056,0.23503056,0.337138574,0.316793908,,,,,,,,,,,,,,,,,,,,,,,
S5,2_7,"[0.2, 0.4]","[0, 1]",0.94,0.281554318,0.281554318,0.60410752,0.280886567,,,,,,,,,,,,,,,,,,,,,,,
S5,4_5,"[0.2, 0.4]","[0, 1]",1,0.338097124,0.338097124,0.700071132,0.36089549,,,,,,,,,,,,,,,,,,,,,,,
S5,4_6,"[0.2, 0.4]","[0, 1]",0.98,0.205826765,0.205826765,0.548561066,0.299770914,,,,,,,,,,,,,,,,,,,,,,,
S5,4_7,"[0.2, 0.4]","[0, 1]",0.94,0.278053136,0.278053136,0.387121367,0.316683343,,,,,,,,,,,,,,,,,,,,,,,
S5,5_6,"[0.2, 0.4]","[0, 1]",0.98,0.34259627,0.34259627,0.564636525,0.353106891,,,,,,,,,,,,,,,,,,,,,,,
S5,5_7,"[0.2, 0.4]","[0, 1]",0.94,0.40476713,0.40476713,0.605988609,0.142226702,,,,,,,,,,,,,,,,,,,,,,,
S5,6_7,"[0.2, 0.4]","[0, 1]",0.98,0.331500981,0.331500981,0.516152709,0.36490206,,,,,,,,,,,,,,,,,,,,,,,
SamNum,50,min_support,0.3,gamma,0.8,avg_Recall,0.309714291,,,,,,,,,,,,,,,,,,,,,,,,
S5,1_2,"[0.2, 0.4]","[0, 1]",1,0.191982366,0.28797355,0.60860565,0.317074991,,,,,,,,,,,,,,,,,,,,,,,
S5,1_4,"[0.2, 0.4]","[0, 1]",0.933333333,0.236513518,0.354770277,0.745344662,0.432179163,,,,,,,,,,,,,,,,,,,,,,,
S5,1_5,"[0.2, 0.4]","[0, 1]",1,0.249407405,0.374111108,0.755291378,0.480747825,,,,,,,,,,,,,,,,,,,,,,,
S5,1_6,"[0.2, 0.4]","[0, 1]",0.966666667,0.266406594,0.266406594,0.347580513,0.361768984,,,,,,,,,,,,,,,,,,,,,,,
S5,1_7,"[0.2, 0.4]","[0, 1]",1,0.402289705,0.402289705,0.380903686,0.233039312,,,,,,,,,,,,,,,,,,,,,,,
S5,2_4,"[0.2, 0.4]","[0, 1]",0.916666667,0.177982593,0.177982593,0.536315409,0.25430702,,,,,,,,,,,,,,,,,,,,,,,
S5,2_5,"[0.2, 0.4]","[0, 1]",0.95,0.26762281,0.401434214,0.770193861,0.418816414,,,,,,,,,,,,,,,,,,,,,,,
S5,2_6,"[0.2, 0.4]","[0, 1]",0.966666667,0.191731645,0.191731645,0.35068601,0.28989593,,,,,,,,,,,,,,,,,,,,,,,
S5,2_7,"[0.2, 0.4]","[0, 1]",0.95,0.249314919,0.373972378,0.594306602,0.223466517,,,,,,,,,,,,,,,,,,,,,,,
S5,4_5,"[0.2, 0.4]","[0, 1]",0.966666667,0.21995022,0.329925331,0.705441125,0.34973389,,,,,,,,,,,,,,,,,,,,,,,
S5,4_6,"[0.2, 0.4]","[0, 1]",0.933333333,0.139874141,0.209811211,0.583482522,0.372080319,,,,,,,,,,,,,,,,,,,,,,,
S5,4_7,"[0.2, 0.4]","[0, 1]",1,0.291540374,0.291540374,0.412960288,0.389029513,,,,,,,,,,,,,,,,,,,,,,,
S5,5_6,"[0.2, 0.4]","[0, 1]",0.983333333,0.23812105,0.357181576,0.67484529,0.354842772,,,,,,,,,,,,,,,,,,,,,,,
S5,5_7,"[0.2, 0.4]","[0, 1]",0.866666667,0.390564472,0.390564472,0.526346314,0.278886015,,,,,,,,,,,,,,,,,,,,,,,
S5,6_7,"[0.2, 0.4]","[0, 1]",0.966666667,0.225842217,0.338763326,0.570619883,0.296209666,,,,,,,,,,,,,,,,,,,,,,,
SamNum,60,min_support,0.3,gamma,0.8,avg_Recall,0.31656389,,,,,,,,,,,,,,,,,,,,,,,,
S5,1_2,"[0.2, 0.4]","[0, 1]",1,0.288630101,0.288630101,0.626932796,0.427408451,,,,,,,,,,,,,,,,,,,,,,,
S5,1_4,"[0.2, 0.4]","[0, 1]",1,0.227619744,0.227619744,0.614932305,0.389632537,,,,,,,,,,,,,,,,,,,,,,,
S5,1_5,"[0.2, 0.4]","[0, 1]",1,0.344882847,0.344882847,0.768019133,0.366879287,,,,,,,,,,,,,,,,,,,,,,,
S5,1_6,"[0.2, 0.4]","[0, 1]",1,0.26905141,0.26905141,0.538434444,0.270991786,,,,,,,,,,,,,,,,,,,,,,,
S5,1_7,"[0.2, 0.4]","[0, 1]",0.942857143,0.396264584,0.396264584,0.307913379,0.339928709,,,,,,,,,,,,,,,,,,,,,,,
S5,2_4,"[0.2, 0.4]","[0, 1]",0.985714286,0.1257697,0.18865455,0.602230702,0.293873542,,,,,,,,,,,,,,,,,,,,,,,
S5,2_5,"[0.2, 0.4]","[0, 1]",0.914285714,0.355685111,0.355685111,0.510777979,0.457039957,,,,,,,,,,,,,,,,,,,,,,,
S5,2_6,"[0.2, 0.4]","[0, 1]",1,0.278749152,0.278749152,0.458404958,0.31678091,,,,,,,,,,,,,,,,,,,,,,,
S5,2_7,"[0.2, 0.4]","[0, 1]",0.857142857,0.295346226,0.295346226,0.579642158,0.318270828,,,,,,,,,,,,,,,,,,,,,,,
S5,4_5,"[0.2, 0.4]","[0, 1]",0.957142857,0.246234422,0.369351633,0.714258126,0.4131054,,,,,,,,,,,,,,,,,,,,,,,
S5,4_6,"[0.2, 0.4]","[0, 1]",0.985714286,0.193105267,0.193105267,0.55983372,0.306522394,,,,,,,,,,,,,,,,,,,,,,,
S5,4_7,"[0.2, 0.4]","[0, 1]",0.971428571,0.281390968,0.281390968,0.396747517,0.342457199,,,,,,,,,,,,,,,,,,,,,,,
S5,5_6,"[0.2, 0.4]","[0, 1]",1,0.23812105,0.357181576,0.617416921,0.376788233,,,,,,,,,,,,,,,,,,,,,,,
S5,5_7,"[0.2, 0.4]","[0, 1]",0.942857143,0.366503133,0.549754699,0.624790027,0.305832882,,,,,,,,,,,,,,,,,,,,,,,
S5,6_7,"[0.2, 0.4]","[0, 1]",0.971428571,0.295597791,0.295597791,0.512823827,0.349422125,,,,,,,,,,,,,,,,,,,,,,,
SamNum,70,min_support,0.3,gamma,0.8,avg_Recall,0.312751044,,,,,,,,,,,,,,,,,,,,,,,,
S5,1_2,"[0.4, 0.6]","[0, 1]",1,0.444883365,0.444883365,0.47639416,0.441124979,,,,,,,,,,,,,,,,,,,,,,,
S5,1_4,"[0.4, 0.6]","[0, 1]",1,0.232682756,0.232682756,0.238411251,0.536437631,,,,,,,,,,,,,,,,,,,,,,,
S5,1_5,"[0.4, 0.6]","[0, 1]",1,0.836056689,0.836056689,0.651816984,0.6718685,,,,,,,,,,,,,,,,,,,,,,,
S5,1_6,"[0.4, 0.6]","[0, 1]",1,0.484963494,0.484963494,0.356456547,0.554477769,,,,,,,,,,,,,,,,,,,,,,,
S5,1_7,"[0.4, 0.6]","[0, 1]",1,0.721107587,0.721107587,0.420930292,0.514270567,,,,,,,,,,,,,,,,,,,,,,,
S5,2_4,"[0.4, 0.6]","[0, 1]",1,0.324158117,0.324158117,0.331726585,0.520674805,,,,,,,,,,,,,,,,,,,,,,,
S5,2_5,"[0.4, 0.6]","[0, 1]",1,0.462876535,0.462876535,0.397787309,0.43919858,,,,,,,,,,,,,,,,,,,,,,,
S5,2_6,"[0.4, 0.6]","[0, 1]",1,0.377110309,0.377110309,0.384383522,0.482759117,,,,,,,,,,,,,,,,,,,,,,,
S5,2_7,"[0.4, 0.6]","[0, 1]",1,0.475725745,0.475725745,0.624851802,0.416700702,,,,,,,,,,,,,,,,,,,,,,,
S5,4_5,"[0.4, 0.6]","[0, 1]",0.9,0.271575383,0.407363075,0.668181499,0.417893554,,,,,,,,,,,,,,,,,,,,,,,
S5,4_6,"[0.4, 0.6]","[0, 1]",1,0.274501356,0.274501356,0.546113252,0.599920978,,,,,,,,,,,,,,,,,,,,,,,
S5,4_7,"[0.4, 0.6]","[0, 1]",1,0.298874358,0.448311537,0.606968632,0.65267283,,,,,,,,,,,,,,,,,,,,,,,
S5,5_6,"[0.4, 0.6]","[0, 1]",1,0.336693553,0.168346776,-0.82393643,0.440805144,,,,,,,,,,,,Average,Median,,,,,,,,,,
S5,5_7,"[0.4, 0.6]","[0, 1]",1,0.532633219,0.532633219,0.446370268,0.395777671,,,,,,,Precision,Recall,CC,avgConf,,Precision,,,,,,,,,,,
S5,6_7,"[0.4, 0.6]","[0, 1]",1,0.624416593,0.624416593,0.281525318,0.516370298,1,S5,6_7,"[0.4, 0.6]","[0, 1]",1,0.624416593,0.624416593,0.281525318,0.516370298,,0.624416593,0.624416593,0.281525318,,,,,,,,,
SamNum,20,min_support,0.3,gamma,0.8,avg_Recall,0.454342477,,2,S5,6_7,"[0.4, 0.6]","[0, 1]",1,0.528658888,0.528658888,0.144401082,0.445310889,,0.576537741,0.576537741,,,,,,,,,,
S5,1_2,"[0.4, 0.6]","[0, 1]",1,0.408059016,0.408059016,0.317985792,0.551869537,3,S5,6_7,"[0.4, 0.6]","[0, 1]",1,0.529660795,0.529660795,0.341923841,0.623697463,,0.560912092,0.529660795,,,,,,,,,,
S5,1_4,"[0.4, 0.6]","[0, 1]",0.95,0.171445463,0.171445463,0.516337434,0.512271613,4,S5,6_7,"[0.4, 0.6]","[0, 1]",1,0.54481049,0.54481049,0.37614301,0.649894646,,0.556886692,0.537235643,,,,,,,,,,
S5,1_5,"[0.4, 0.6]","[0, 1]",1,0.341369539,0.512054309,0.754925302,0.462804224,5,S5,6_7,"[0.4, 0.6]","[0, 1]",0.95,0.540509166,0.540509166,0.178728364,0.450556815,,0.553611186,0.540509166,,,,,,,,,,
S5,1_6,"[0.4, 0.6]","[0, 1]",1,0.353285128,0.353285128,0.201591621,0.564442006,6,S5,6_7,"[0.4, 0.6]","[0, 1]",1,0.624416593,0.624416593,0.413044288,0.516389877,,0.565412088,0.542659828,,,,,,,,,,
S5,1_7,"[0.4, 0.6]","[0, 1]",1,0.615034492,0.615034492,0.266049172,0.516360844,7,S5,6_7,"[0.4, 0.6]","[0, 1]",1,0.601439058,0.601439058,0.173680065,0.491232561,,0.570558798,0.54481049,,,,,,,,,,
S5,2_4,"[0.4, 0.6]","[0, 1]",1,0.36094623,0.36094623,0.189449324,0.396287096,8,S5,6_7,"[0.4, 0.6]","[0, 1]",0.95,0.529660795,0.529660795,0.474645002,0.573531789,,0.565446547,0.542659828,0.298011371,0.31172458,,,,,,,,
S5,2_5,"[0.4, 0.6]","[0, 1]",0.95,0.376108533,0.564162799,0.531505933,0.639868939,9,S5,6_7,"[0.4, 0.6]","[0, 1]",1,0.61759066,0.61759066,0.408274665,0.469334758,,0.571240338,0.54481049,0.310262848,0.341923841,,,,,,,,
S5,2_6,"[0.4, 0.6]","[0, 1]",1,0.45621222,0.45621222,0.490098659,0.491629244,10,S5,6_7,"[0.4, 0.6]","[0, 1]",1,0.613289336,0.613289336,0.328464969,0.51525387,,0.575445237,0.573124774,0.31208306,0.335194405,,,,,,,,
S5,2_7,"[0.4, 0.6]","[0, 1]",1,0.411964348,0.617946523,0.701602693,0.556273676,,,,,,,,,,,,,,,,,,,,,,,
S5,4_5,"[0.4, 0.6]","[0, 1]",1,0.447668939,0.447668939,0.716191838,0.668583117,,,,,,,,,,,,,,,,,,,,,,,
S5,4_6,"[0.4, 0.6]","[0, 1]",1,0.216897572,0.325346358,0.72317691,0.47462929,,,,,,,,,,,,,,,,,,,,,,,
S5,4_7,"[0.4, 0.6]","[0, 1]",1,0.493084818,0.493084818,0.333412107,0.543594404,,,,,,,,,,,,,,,,,,,,,,,
S5,5_6,"[0.4, 0.6]","[0, 1]",1,0.200958666,0.301437999,0.752075702,0.379595083,,,,,,,,,,,,Precision,,,,,,,,,,,
S5,5_7,"[0.4, 0.6]","[0, 1]",1,0.674071177,0.674071177,0.230414643,0.432759216,1,,1_5,"[0.4, 0.6]","[0, 1]",1,0.836056689,0.836056689,0.651816984,0.6718685,,0.836056689,0.836056689,,,,,,,,,,
S5,6_7,"[0.4, 0.6]","[0, 1]",1,0.528658888,0.528658888,0.144401082,0.445310889,2,,1_5,"[0.4, 0.6]","[0, 1]",1,0.341369539,0.512054309,0.754925302,0.462804224,,0.588713114,0.588713114,,,,,,,,,,
SamNum,20,min_support,0.3,gamma,0.8,avg_Recall,0.455294291,,3,,1_5,"[0.4, 0.6]","[0, 1]",1,0.407579633,0.203789817,-0.856416899,0.394091444,,0.528335287,0.407579633,,,,,,,,,,
S5,1_2,"[0.4, 0.6]","[0, 1]",1,0.675604533,0.675604533,0.428237151,0.472405386,4,,1_5,"[0.4, 0.6]","[0, 1]",1,0.200014692,0.100007346,-0.862092107,0.449821825,,0.446255138,0.374474586,,,,,,,,,,
S5,1_4,"[0.4, 0.6]","[0, 1]",1,0.268911528,0.268911528,0.439627786,0.581880387,5,,1_5,"[0.4, 0.6]","[0, 1]",1,0.556634214,0.556634214,0.642991696,0.581048088,,0.468330953,0.407579633,,,,,,,,,,
S5,1_5,"[0.4, 0.6]","[0, 1]",1,0.407579633,0.203789817,-0.856416899,0.394091444,6,,1_5,"[0.4, 0.6]","[0, 1]",1,0.518044605,0.777066907,0.775692107,0.512013132,,0.476616562,0.462812119,,,,,,,,,,
S5,1_6,"[0.4, 0.6]","[0, 1]",1,0.261895366,0.261895366,0.224582973,0.644437585,7,,1_5,"[0.4, 0.6]","[0, 1]",1,0.470317696,0.470317696,0.762125918,0.762979414,,0.475716724,0.470317696,,,,,,,,,,
S5,1_7,"[0.4, 0.6]","[0, 1]",1,0.666146851,0.666146851,0.298086995,0.671280536,8,S5,1_5,"[0.4, 0.6]","[0, 1]",1,0.461586596,0.461586596,0.72667971,0.437121796,,0.473950458,0.465952146,0.324465339,0.689248347,,,,,,,,
S5,2_4,"[0.4, 0.6]","[0, 1]",1,0.278978478,0.278978478,0.218206138,0.396789754,9,S5,1_5,"[0.4, 0.6]","[0, 1]",1,0.456165293,0.456165293,0.761328859,0.568640776,,0.471974328,0.461586596,0.37300573,0.72667971,,,,,,,,
S5,2_5,"[0.4, 0.6]","[0, 1]",1,0.431554975,0.431554975,0.51101414,0.409719854,10,S5,1_5,"[0.4, 0.6]","[0, 1]",1,0.395185365,0.197592682,-0.881450388,0.457936162,,0.464295432,0.458875944,0.247560118,0.689248347,,,,,,,,
S5,2_6,"[0.4, 0.6]","[0, 1]",1,0.336073313,0.336073313,0.53519203,0.421165086,,,,,,,,,,,,,,,,,,,,,,,
S5,2_7,"[0.4, 0.6]","[0, 1]",1,0.489898397,0.489898397,0.429188663,0.557259956,,,,,,,,,,,,,,,,,,,,,,,
S5,4_5,"[0.4, 0.6]","[0, 1]",1,0.34227281,0.34227281,0.645854106,0.478745752,,,,,,,,,,,,,,,,,,,,,,,
S5,4_6,"[0.4, 0.6]","[0, 1]",1,0.199664695,0.199664695,0.773332579,0.452293852,,,,,,,,,,,,,,,,,,,,,,,
S5,4_7,"[0.4, 0.6]","[0, 1]",1,0.488061108,0.488061108,0.661666399,0.431979781,,,,,,,,,,,,Precision,,,,,,,,,,,
S5,5_6,"[0.4, 0.6]","[0, 1]",1,0.475316517,0.475316517,0.562712269,0.509330954,1,S5,2_4,"[0.4, 0.6]","[0, 1]",1,0.324158117,0.324158117,0.331726585,0.520674805,,0.324158117,0.324158117,,,,,,,,,,
S5,5_7,"[0.4, 0.6]","[0, 1]",1,0.747642316,0.747642316,0.361641912,0.521719162,2,,2_4,"[0.4, 0.6]","[0, 1]",1,0.36094623,0.36094623,0.189449324,0.396287096,,0.342552174,0.342552174,,,,,,,,,,
S5,6_7,"[0.4, 0.6]","[0, 1]",1,0.529660795,0.529660795,0.341923841,0.623697463,3,,2_4,"[0.4, 0.6]","[0, 1]",1,0.278978478,0.278978478,0.218206138,0.396789754,,0.321360942,0.324158117,,,,,,,,,,
SamNum,20,min_support,0.3,gamma,0.8,avg_Recall,0.426364767,,4,,2_4,"[0.4, 0.6]","[0, 1]",1,0.270211868,0.270211868,0.070740142,0.367165011,,0.308573673,0.301568298,,,,,,,,,,
S5,1_2,"[0.4, 0.6]","[0, 1]",1,0.535727052,0.535727052,0.191430291,0.46486803,5,,2_4,"[0.4, 0.6]","[0, 1]",1,0.310025707,0.310025707,0.033275102,0.493201387,,0.30886408,0.310025707,,,,,,,,,,
S5,1_4,"[0.4, 0.6]","[0, 1]",1,0.198180761,0.198180761,0.422804887,0.432476079,6,,2_4,"[0.4, 0.6]","[0, 1]",1,0.325300851,0.325300851,0.335362841,0.378089071,,0.311603542,0.317091912,,,,,,,,,,
S5,1_5,"[0.4, 0.6]","[0, 1]",1,0.200014692,0.100007346,-0.862092107,0.449821825,7,,2_4,"[0.4, 0.6]","[0, 1]",1,0.237632313,0.237632313,0.061760416,0.490013129,,0.301036223,0.310025707,,,,,,,,,,
S5,1_6,"[0.4, 0.6]","[0, 1]",1,0.352470704,0.352470704,0.352915385,0.545975639,8,,2_4,"[0.4, 0.6]","[0, 1]",1,0.344375051,0.344375051,0.256236241,0.469478807,,0.306453577,0.317091912,0.187094599,0.203827731,,,,,,,,
S5,1_7,"[0.4, 0.6]","[0, 1]",1,0.447886773,0.447886773,0.280399895,0.788836448,9,,2_4,"[0.4, 0.6]","[0, 1]",1,0.269757345,0.269757345,0.234810093,0.487506643,,0.302376218,0.310025707,0.19239632,0.218206138,,,,,,,,
S5,2_4,"[0.4, 0.6]","[0, 1]",1,0.270211868,0.270211868,0.070740142,0.367165011,10,,,"[0.4, 0.6]","[0, 1]",1,0.36892389,0.36892389,0.019972682,0.488693805,,0.309030985,0.317091912,0.175153956,0.203827731,,,,,,,,
S5,2_5,"[0.4, 0.6]","[0, 1]",1,0.528988184,0.528988184,0.19049671,0.566893723,,,,,,,,,,,,,,,,,,,,,,,
S5,2_6,"[0.4, 0.6]","[0, 1]",1,0.42174123,0.42174123,0.547666049,0.484422051,,,,,,,,,,,,,,,,,,,,,,,
S5,2_7,"[0.4, 0.6]","[0, 1]",1,0.622464743,0.622464743,0.698774489,0.418046764,,,,,,,,,,,,,,,,,,,,,,,
S5,4_5,"[0.4, 0.6]","[0, 1]",0.95,0.272979496,0.409469244,0.617554638,0.599768898,,,,,,,,,,,,,,,,,,,,,,,
S5,4_6,"[0.4, 0.6]","[0, 1]",1,0.261170664,0.261170664,0.512439158,0.541514179,,,,,,,,,,,,,,,,,,,,,,,
S5,4_7,"[0.4, 0.6]","[0, 1]",1,0.406862019,0.406862019,0.231587124,0.491037603,,,,,,,,,,,,,,,,,,,,,,,
S5,5_6,"[0.4, 0.6]","[0, 1]",1,0.41535043,0.41535043,0.439500506,0.493441847,,,,,,,,,,,,,,,,,,,,,,,
S5,5_7,"[0.4, 0.6]","[0, 1]",0.95,0.582969808,0.582969808,0.285218706,0.484717727,,,,,,,,,,,,,,,,,,,,,,,
S5,6_7,"[0.4, 0.6]","[0, 1]",1,0.54481049,0.54481049,0.37614301,0.649894646,,,,,,,,,,,,,,,,,,,,,,,
SamNum,20,min_support,0.3,gamma,0.8,avg_Recall,0.406554088,,,,,,,,,,,,,,,,,,,,,,,,
S5,1_2,"[0.4, 0.6]","[0, 1]",1,0.333098559,0.333098559,0.352910305,0.590392585,,,,,,,,,,,,,,,,,,,,,,,
S5,1_4,"[0.4, 0.6]","[0, 1]",1,0.206425925,0.206425925,0.364822794,0.525278772,,,,,,,,,,,,,,,,,,,,,,,
S5,1_5,"[0.4, 0.6]","[0, 1]",1,0.556634214,0.556634214,0.642991696,0.581048088,,,,,,,,,,,,,,,,,,,,,,,
S5,1_6,"[0.4, 0.6]","[0, 1]",1,0.358542925,0.358542925,0.36986686,0.715779052,,,,,,,,,,,,,,,,,,,,,,,
S5,1_7,"[0.4, 0.6]","[0, 1]",1,0.911585627,0.911585627,0.34132633,0.664106927,,,,,,,,,,,,,,,,,,,,,,,
S5,2_4,"[0.4, 0.6]","[0, 1]",1,0.310025707,0.310025707,0.033275102,0.493201387,,,,,,,,,,,,,,,,,,,,,,,
S5,2_5,"[0.4, 0.6]","[0, 1]",1,0.630115954,0.630115954,0.360441263,0.536214803,,20,,Precision,Recall,CC,avgConf,,,,,,,,,,,,,,,,
S5,2_6,"[0.4, 0.6]","[0, 1]",1,0.417371916,0.417371916,0.466149405,0.484621582,,6_7,均值,0.570558798,0.570558798,0.272777996,0.527636079,,,,,,,,,,,,,,,,
S5,2_7,"[0.4, 0.6]","[0, 1]",1,0.37790462,0.56685693,0.697250759,0.518480134,,239+203,标准差,0.044251402,0.044251402,0.108292034,0.080075181,,,,,,,,,,,,,,,,
S5,4_5,"[0.4, 0.6]","[0, 1]",0.95,0.257833558,0.386750338,0.746159993,0.596036001,,1_5,均值,0.475716724,0.493703854,0.267006143,0.547803804,,,,,,,,,,,,,,,,
S5,4_6,"[0.4, 0.6]","[0, 1]",1,0.197498459,0.098749229,-0.807117634,0.365106935,,612+462,标准差,0.198711168,0.27122901,0.771184891,0.131992192,,,,,,,,,,,,,,,,
S5,4_7,"[0.4, 0.6]","[0, 1]",1,0.503536962,0.503536962,0.380249332,0.568000153,,2_4,均值,0.301036223,0.301036223,0.177217221,0.434602893,,,,,,,,,,,,,,,,
S5,5_6,"[0.4, 0.6]","[0, 1]",0.9,0.361546812,0.361546812,0.4884151,0.40739572,,124+84,标准差,0.041332301,0.041332301,0.126556886,0.063968828,,,,,,,,,,,,,,,,
S5,5_7,"[0.4, 0.6]","[0, 1]",1,0.615872364,0.615872364,0.356879032,0.46992048,,,,,,,,,,,,,,,,,,,,,,,
S5,6_7,"[0.4, 0.6]","[0, 1]",0.95,0.540509166,0.540509166,0.178728364,0.450556815,,,,,,,,,,,,,,,,,,,,,,,
SamNum,20,min_support,0.3,gamma,0.8,avg_Recall,0.453174842,,,,,,,,,,,,,,,,,,,,,,,,
S5,1_2,"[0.4, 0.6]","[0, 1]",1,0.343200817,0.343200817,0.142104758,0.541387893,,,,,,,,,,,,,,,,,,,,,,,
S5,1_4,"[0.4, 0.6]","[0, 1]",1,0.194435891,0.194435891,0.417185861,0.606984161,,,,,,,,,,,,,,,,,,,,,,,
S5,1_5,"[0.4, 0.6]","[0, 1]",1,0.518044605,0.777066907,0.775692107,0.512013132,,,,,,,,,,,,,,,,,,,,,,,
S5,1_6,"[0.4, 0.6]","[0, 1]",1,0.221317293,0.221317293,0.207849777,0.540103666,,,,,,,,,,,,,,,,,,,,,,,
S5,1_7,"[0.4, 0.6]","[0, 1]",1,0.60214359,0.60214359,0.307715731,0.419636418,,,,,,,,,,,,,,,,,,,,,,,
S5,2_4,"[0.4, 0.6]","[0, 1]",1,0.325300851,0.325300851,0.335362841,0.378089071,,,,,,,,,,,,,,,,,,,,,,,
S5,2_5,"[0.4, 0.6]","[0, 1]",1,0.490591661,0.490591661,0.489489164,0.415066139,,,,,,,,,,,,,,,,,,,,,,,
S5,2_6,"[0.4, 0.6]","[0, 1]",1,0.423710083,0.423710083,0.458811228,0.533319796,,,,,,,,,,,,,,,,,,,,,,,
S5,2_7,"[0.4, 0.6]","[0, 1]",1,0.429250639,0.429250639,0.537974074,0.376265868,,,,,,,,,,,,,,,,,,,,,,,
S5,4_5,"[0.4, 0.6]","[0, 1]",1,0.270436663,0.405654994,0.728935265,0.577927822,,,,,,,,,,,,,,,,,,,,,,,
S5,4_6,"[0.4, 0.6]","[0, 1]",1,0.198319261,0.297478891,0.777620909,0.670991777,,,,,,,,,,,,,,,,,,,,,,,
S5,4_7,"[0.4, 0.6]","[0, 1]",1,0.498111766,0.498111766,0.568287761,0.538781282,,,,,,,,,,,,,,,,,,,,,,,
S5,5_6,"[0.4, 0.6]","[0, 1]",1,0.520659182,0.520659182,0.649621343,0.444042534,,,,,,,,,,,,,,,,,,,,,,,
S5,5_7,"[0.4, 0.6]","[0, 1]",1,0.797856994,0.797856994,0.506011302,0.475627961,,,,,,,,,,,,,,,,,,,,,,,
S5,6_7,"[0.4, 0.6]","[0, 1]",1,0.624416593,0.624416593,0.413044288,0.516389877,,,,,,,,,,,,,,,,,,,,,,,
SamNum,20,min_support,0.3,gamma,0.8,avg_Recall,0.463413077,,,,,,,,,,,,,,,,,,,,,,,,
S5,1_2,"[0.4, 0.6]","[0, 1]",1,0.291017567,0.291017567,0.268152157,0.51975845,,,,,,,,,,,,,,,,,,,,,,,
S5,1_4,"[0.4, 0.6]","[0, 1]",1,0.313774535,0.313774535,0.391424663,0.650643625,,,,,,,,,,,,,,,,,,,,,,,
S5,1_5,"[0.4, 0.6]","[0, 1]",1,0.470317696,0.470317696,0.762125918,0.762979414,,,,,,,,,,,,,,,,,,,,,,,
S5,1_6,"[0.4, 0.6]","[0, 1]",1,0.278604314,0.278604314,0.328580189,0.662743439,,,,,,,,,,,,,,,,,,,,,,,
S5,1_7,"[0.4, 0.6]","[0, 1]",1,0.552765696,0.552765696,0.159469309,0.502728039,,,,,,,,,,,,,,,,,,,,,,,
S5,2_4,"[0.4, 0.6]","[0, 1]",1,0.237632313,0.237632313,0.061760416,0.490013129,,,,,,,,,,,,,,,,,,,,,,,
S5,2_5,"[0.4, 0.6]","[0, 1]",1,0.444834087,0.444834087,0.413938086,0.350713227,,,,,,,,,,,,,,,,,,,,,,,
S5,2_6,"[0.4, 0.6]","[0, 1]",1,0.474930413,0.474930413,0.529628508,0.644011359,,,,,,,,,,,,,,,,,,,,,,,
S5,2_7,"[0.4, 0.6]","[0, 1]",1,0.357966334,0.536949501,0.74500088,0.519185829,,,,,,,,,,,,,,,,,,,,,,,
S5,4_5,"[0.4, 0.6]","[0, 1]",1,0.424950033,0.424950033,0.462754219,0.671053113,,,,,,,,,,,,,,,,,,,,,,,
S5,4_6,"[0.4, 0.6]","[0, 1]",1,0.198319261,0.297478891,0.754848816,0.646503147,,,,,,,,,,,,,,,,,,,,,,,
S5,4_7,"[0.4, 0.6]","[0, 1]",1,0.551839558,0.551839558,0.526698148,0.4595959,,,,,,,,,,,,,,,,,,,,,,,
S5,5_6,"[0.4, 0.6]","[0, 1]",1,0.645677893,0.645677893,0.445123703,0.541607677,,,,,,,,,,,,,,,,,,,,,,,
S5,5_7,"[0.4, 0.6]","[0, 1]",1,0.747642316,0.747642316,0.397630518,0.557781671,,,,,,,,,,,,,,,,,,,,,,,
S5,6_7,"[0.4, 0.6]","[0, 1]",1,0.601439058,0.601439058,0.173680065,0.491232561,,,,,,,,,,,,,,,,,,,,,,,
SamNum,20,min_support,0.3,gamma,0.8,avg_Recall,0.457990258,,,,,,,,,,,,,,,,,,,,,,,,
S5,1_2,"[0.4, 0.6]","[0, 1]",1,0.410003184,0.410003184,0.123029351,0.609174918,,,,,,,,,,,,,,,,,,,,,,,
S5,1_4,"[0.4, 0.6]","[0, 1]",0.95,0.271785745,0.271785745,0.466730035,0.625601334,,,,,,,,,,,,,,,,,,,,,,,
S5,1_5,"[0.4, 0.6]","[0, 1]",1,0.461586596,0.461586596,0.72667971,0.437121796,,,,,,,,,,,,,,,,,,,,,,,
S5,1_6,"[0.4, 0.6]","[0, 1]",1,0.400202937,0.400202937,0.308030227,0.619805666,,,,,,,,,,,,,,,,,,,,,,,
S5,1_7,"[0.4, 0.6]","[0, 1]",1,0.838805457,0.838805457,0.188515413,0.595742435,,,,,,,,,,,,,,,,,,,,,,,
S5,2_4,"[0.4, 0.6]","[0, 1]",1,0.344375051,0.344375051,0.256236241,0.469478807,,,,,,,,,,,,,,,,,,,,,,,
S5,2_5,"[0.4, 0.6]","[0, 1]",1,0.390426057,0.390426057,0.419032213,0.410345159,,,,,,,,,,,,,,,,,,,,,,,
S5,2_6,"[0.4, 0.6]","[0, 1]",1,0.429809819,0.429809819,0.438608021,0.430243135,,,,,,,,,,,,,,,,,,,,,,,
S5,2_7,"[0.4, 0.6]","[0, 1]",1,0.61759066,0.61759066,0.448199215,0.445853474,,,,,,,,,,,,,,,,,,,,,,,
S5,4_5,"[0.4, 0.6]","[0, 1]",1,0.475929773,0.475929773,0.668149127,0.414789752,,,,,,,,,,,,,,,,,,,,,,,
S5,4_6,"[0.4, 0.6]","[0, 1]",1,0.218218365,0.327327548,0.747115547,0.541932866,,,,,,,,,,,,,,,,,,,,,,,
S5,4_7,"[0.4, 0.6]","[0, 1]",1,0.538037129,0.538037129,0.44416561,0.391875067,,,,,,,,,,,,,,,,,,,,,,,
S5,5_6,"[0.4, 0.6]","[0, 1]",0.95,0.350606747,0.52591012,0.668797983,0.605811852,,,,,,,,,,,,,,,,,,,,,,,
S5,5_7,"[0.4, 0.6]","[0, 1]",1,0.70773454,0.70773454,0.401346414,0.446328277,,,,,,,,,,,,,,,,,,,,,,,
S5,6_7,"[0.4, 0.6]","[0, 1]",0.95,0.529660795,0.529660795,0.474645002,0.573531789,,,,,,,,,,,,,,,,,,,,,,,
SamNum,20,min_support,0.3,gamma,0.8,avg_Recall,0.484612361,,,,,,,,,,,,,,,,,,,,,,,,
S5,1_2,"[0.4, 0.6]","[0, 1]",1,0.404739735,0.404739735,0.212489274,0.745522063,,,,,,,,,,,,,,,,,,,,,,,
S5,1_4,"[0.4, 0.6]","[0, 1]",1,0.185186442,0.185186442,0.329795526,0.567407874,,,,,,,,,,,,,,,,,,,,,,,
S5,1_5,"[0.4, 0.6]","[0, 1]",1,0.456165293,0.456165293,0.761328859,0.568640776,,,,,,,,,,,,,,,,,,,,,,,
S5,1_6,"[0.4, 0.6]","[0, 1]",1,0.271510798,0.271510798,0.235955424,0.59037673,,,,,,,,,,,,,,,,,,,,,,,
S5,1_7,"[0.4, 0.6]","[0, 1]",1,0.581069583,0.581069583,0.442464707,0.566165305,,,,,,,,,,,,,,,,,,,,,,,
S5,2_4,"[0.4, 0.6]","[0, 1]",1,0.269757345,0.269757345,0.234810093,0.487506643,,,,,,,,,,,,,,,,,,,,,,,
S5,2_5,"[0.4, 0.6]","[0, 1]",1,0.529914314,0.529914314,0.399758388,0.477342953,,,,,,,,,,,,,,,,,,,,,,,
S5,2_6,"[0.4, 0.6]","[0, 1]",1,0.446596367,0.446596367,0.370827197,0.525562148,,,,,,,,,,,,,,,,,,,,,,,
S5,2_7,"[0.4, 0.6]","[0, 1]",1,0.593016369,0.593016369,0.538135509,0.487908328,,,,,,,,,,,,,,,,,,,,,,,
S5,4_5,"[0.4, 0.6]","[0, 1]",0.95,0.352878267,0.352878267,0.745690016,0.491011793,,,,,,,,,,,,,,,,,,,,,,,
S5,4_6,"[0.4, 0.6]","[0, 1]",1,0.208808118,0.208808118,0.75928903,0.547763021,,,,,,,,,,,,,,,,,,,,,,,
S5,4_7,"[0.4, 0.6]","[0, 1]",1,0.500478971,0.500478971,0.306640886,0.601400645,,,,,,,,,,,,,,,,,,,,,,,
S5,5_6,"[0.4, 0.6]","[0, 1]",1,0.415603869,0.415603869,0.555390645,0.406587673,,,,,,,,,,,,,,,,,,,,,,,
S5,5_7,"[0.4, 0.6]","[0, 1]",1,0.655749978,0.655749978,0.282617059,0.416314514,,,,,,,,,,,,,,,,,,,,,,,
S5,6_7,"[0.4, 0.6]","[0, 1]",1,0.61759066,0.61759066,0.408274665,0.469334758,,,,,,,,,,,,,,,,,,,,,,,
SamNum,20,min_support,0.3,gamma,0.8,avg_Recall,0.432604407,,,,,,,,,,,,,,,,,,,,,,,,
S5,1_2,"[0.4, 0.6]","[0, 1]",1,0.310589126,0.310589126,0.161882784,0.5770304,,,,,,,,,,,,,,,,,,,,,,,
S5,1_4,"[0.4, 0.6]","[0, 1]",1,0.598925242,0.598925242,0.269588952,0.407187594,,,,,,,,,,,,,,,,,,,,,,,
S5,1_5,"[0.4, 0.6]","[0, 1]",1,0.395185365,0.197592682,-0.881450388,0.457936162,,,,,,,,,,,,,,,,,,,,,,,
S5,1_6,"[0.4, 0.6]","[0, 1]",1,0.262002111,0.262002111,0.273023186,0.552296571,,,,,,,,,,,,,,,,,,,,,,,
S5,1_7,"[0.4, 0.6]","[0, 1]",1,0.560255387,0.560255387,0.331808239,0.458940378,,,,,,,,,,,,,,,,,,,,,,,
S5,2_4,"[0.4, 0.6]","[0, 1]",1,0.36892389,0.36892389,0.019972682,0.488693805,,,,,,,,,,,,,,,,,,,,,,,
S5,2_5,"[0.4, 0.6]","[0, 1]",1,0.650668864,0.650668864,0.490094372,0.422459155,,,,,,,,,,,,,,,,,,,,,,,
S5,2_6,"[0.4, 0.6]","[0, 1]",1,0.417959541,0.417959541,0.505223051,0.449147576,,,,,,,,,,,,,,,,,,,,,,,
S5,2_7,"[0.4, 0.6]","[0, 1]",1,0.645351028,0.645351028,0.535184828,0.471349069,,,,,,,,,,,,,,,,,,,,,,,
S5,4_5,"[0.4, 0.6]","[0, 1]",1,0.298445959,0.447668939,0.750997985,0.601342366,,,,,,,,,,,,,,,,,,,,,,,
S5,4_6,"[0.4, 0.6]","[0, 1]",1,0.298025403,0.298025403,0.584190508,0.596488786,,,,,,,,,,,,,,,,,,,,,,,
S5,4_7,"[0.4, 0.6]","[0, 1]",1,0.337018983,0.505528474,0.632106078,0.388344294,,,,,,,,,,,,,,,,,,,,,,,
S5,5_6,"[0.4, 0.6]","[0, 1]",1,0.409366532,0.409366532,0.60312286,0.567678468,,,,,,,,,,,,,,,,,,,,,,,
S5,5_7,"[0.4, 0.6]","[0, 1]",0.9,0.582969808,0.582969808,0.397506053,0.384208163,,,,,,,,,,,,,,,,,,,,,,,
S5,6_7,"[0.4, 0.6]","[0, 1]",1,0.613289336,0.613289336,0.328464969,0.51525387,,,,,,,,,,,,,,,,,,,,,,,
SamNum,20,min_support,0.3,gamma,0.8,avg_Recall,0.457941091,,,,,,,,,,,,,,,,,,,,,,,,
S5,1_2,"[0.4, 0.6]","[0, 1]",1.0,0.009502650047475449,0.009502650047475449,0.28788031249076385,0.5242567151827107
S5,1_4,"[0.4, 0.6]","[0, 1]",1.0,2.037943426175027e-06,2.037943426175027e-06,0.3179272873664945,0.6248624669114282
S5,1_5,"[0.4, 0.6]","[0, 1]",1.0,0.5000000400449245,0.5000000400449245,0.6805670189861444,0.6539907994437584
S5,1_6,"[0.4, 0.6]","[0, 1]",1.0,0.0003394503467728639,0.0003394503467728639,0.2619089488039985,0.5375052890349574
S5,1_7,"[0.4, 0.6]","[0, 1]",1.0,0.8423903524458081,0.8423903524458081,0.24150998323832384,0.6806099155391553
S5,2_4,"[0.4, 0.6]","[0, 1]",1.0,0.0010571133825435575,0.0010571133825435575,0.009267235263580007,0.45846237096343645
S5,2_5,"[0.4, 0.6]","[0, 1]",0.95,0.014174481045193515,0.014174481045193515,0.22611778710584254,0.5036332869027904
S5,2_6,"[0.4, 0.6]","[0, 1]",1.0,0.001203005026682602,0.001203005026682602,0.4664483352990967,0.5287257685481948
S5,2_7,"[0.4, 0.6]","[0, 1]",0.95,0.017731023200478993,0.017731023200478993,0.6829098395084967,0.4337571707972776
S5,4_5,"[0.4, 0.6]","[0, 1]",0.95,0.021456927735906905,0.03218539160386036,0.7622047103158263,0.584712093842801
S5,4_6,"[0.4, 0.6]","[0, 1]",1.0,1.7119785515238272e-10,8.559892757619136e-11,-0.8052033522897493,0.38721064799239896
S5,4_7,"[0.4, 0.6]","[0, 1]",1.0,0.5000000000011173,0.5000000000011173,0.4700671291387102,0.4425020107455645
S5,5_6,"[0.4, 0.6]","[0, 1]",1.0,0.03222771055524313,0.03222771055524313,0.7005617747662753,0.5337137369331004
S5,5_7,"[0.4, 0.6]","[0, 1]",1.0,0.3550211081395388,0.3550211081395388,0.5224258296390014,0.4624491471536387
S5,6_7,"[0.4, 0.6]","[0, 1]",1.0,0.3425828072864679,0.3425828072864679,0.2926097837307755,0.46642082120581496
SamNum,20,min_support,0.3,gamma,0.8,avg_Recall,0.1765611447436755
S5,1_2,"[0.4, 0.6]","[0, 1]",1.0,0.001543726934710931,0.001543726934710931,0.22644270120534604,0.5551429543017519
S5,1_4,"[0.4, 0.6]","[0, 1]",1.0,4.608847658742245e-06,4.608847658742245e-06,0.47143725199208286,0.48536705610319747
S5,1_5,"[0.4, 0.6]","[0, 1]",1.0,0.008311277686025997,0.008311277686025997,0.7876496139696041,0.40440915178976133
S5,1_6,"[0.4, 0.6]","[0, 1]",1.0,0.004623972851488801,0.004623972851488801,0.36306902957181375,0.5021403237854661
S5,1_7,"[0.4, 0.6]","[0, 1]",1.0,0.0759647754847368,0.0759647754847368,0.2719493650634337,0.41622981626323674
S5,2_4,"[0.4, 0.6]","[0, 1]",1.0,0.0010571133343891003,0.0010571133343891003,0.29724684371566484,0.538236315078245
S5,2_5,"[0.4, 0.6]","[0, 1]",1.0,0.10332023322049314,0.10332023322049314,0.5674675846272439,0.5929031370167345
S5,2_6,"[0.4, 0.6]","[0, 1]",1.0,3.8694218512544084e-05,3.8694218512544084e-05,0.4735756682878223,0.4207526677238874
S5,2_7,"[0.4, 0.6]","[0, 1]",1.0,0.3423970680693271,0.3423970680693271,0.5328668081732928,0.41228590989194414
S5,4_5,"[0.4, 0.6]","[0, 1]",0.95,0.003187315143287368,0.003187315143287368,0.7437653625636271,0.3719915170289668
S5,4_6,"[0.4, 0.6]","[0, 1]",1.0,0.00033945022049416246,0.00033945022049416246,0.4758107445335966,0.5686601693071425
S5,4_7,"[0.4, 0.6]","[0, 1]",1.0,0.07329676447328222,0.10994514670992334,0.6309039317192678,0.4121816013161656
S5,5_6,"[0.4, 0.6]","[0, 1]",1.0,0.20599682854835966,0.3089952428225395,0.5724139095779042,0.568883040882281
S5,5_7,"[0.4, 0.6]","[0, 1]",1.0,0.37656294377478844,0.37656294377478844,0.41713259039902406,0.5041651739418667
S5,6_7,"[0.4, 0.6]","[0, 1]",1.0,0.34243719980410675,0.34243719980410675,0.27753999705252214,0.6822432149314469
SamNum,20,min_support,0.3,gamma,0.8,avg_Recall,0.11191525127483219
S5,1_2,"[0.4, 0.6]","[0, 1]",1.0,0.000198633540346387,0.000198633540346387,0.19161264791413965,0.5326257680886151
S5,1_4,"[0.4, 0.6]","[0, 1]",1.0,4.3293463636174764e-07,4.3293463636174764e-07,0.43100571098848106,0.5142150716114382
S5,1_5,"[0.4, 0.6]","[0, 1]",1.0,1.4112055587523516e-08,7.056027793761758e-09,-0.8009665435792896,0.41182873902886874
S5,1_6,"[0.4, 0.6]","[0, 1]",1.0,0.00019108916137746518,0.00019108916137746518,0.28555876288549426,0.6158904119746897
S5,1_7,"[0.4, 0.6]","[0, 1]",1.0,0.10996986818359002,0.10996986818359002,0.453947608709685,0.45917790327778607
S5,2_4,"[0.4, 0.6]","[0, 1]",1.0,0.0003557288081002932,0.0003557288081002932,0.09166737816432877,0.530159078120896
S5,2_5,"[0.4, 0.6]","[0, 1]",1.0,0.061020194143687326,0.061020194143687326,0.41959363247732473,0.32668194395661027
S5,2_6,"[0.4, 0.6]","[0, 1]",1.0,0.00016338165909015283,0.00016338165909015283,0.4013573555821373,0.6501057349115917
S5,2_7,"[0.4, 0.6]","[0, 1]",1.0,0.3426801251145185,0.3426801251145185,0.5706737629758775,0.5828681859637416
S5,4_5,"[0.4, 0.6]","[0, 1]",1.0,0.06874786835757674,0.1031218025363651,0.7271775993904649,0.7639223633160427
S5,4_6,"[0.4, 0.6]","[0, 1]",1.0,0.00033945022050276555,0.00033945022050276555,0.6872662926212678,0.6600603657702733
S5,4_7,"[0.4, 0.6]","[0, 1]",1.0,0.22826023497643133,0.342390352464647,0.5911921715505422,0.49931805850040306
S5,5_6,"[0.4, 0.6]","[0, 1]",0.95,0.006971571715489098,0.006971571715489098,0.32183896146636193,0.5072672639327651
S5,5_7,"[0.4, 0.6]","[0, 1]",1.0,0.008907475277568452,0.008907475277568452,0.4932313471758097,0.4400156127404599
S5,6_7,"[0.4, 0.6]","[0, 1]",1.0,0.005413368853753241,0.005413368853753241,0.26989679634574937,0.5337115128964269
SamNum,20,min_support,0.3,gamma,0.8,avg_Recall,0.06544823211131333
S5,1_2,"[0.4, 0.6]","[0, 1]",1.0,0.029869488375159688,0.029869488375159688,0.23898117588197987,0.5567884648691672
S5,1_4,"[0.4, 0.6]","[0, 1]",1.0,8.668938607494786e-05,8.668938607494786e-05,0.37435890769824864,0.5351406773120443
S5,1_5,"[0.4, 0.6]","[0, 1]",1.0,0.8122025837978704,0.4061012918989352,-0.8030136042287538,0.5606411572545641
S5,1_6,"[0.4, 0.6]","[0, 1]",1.0,0.0034196977205188596,0.0034196977205188596,0.45435325810725036,0.603842995153894
S5,1_7,"[0.4, 0.6]","[0, 1]",1.0,0.34239035244580845,0.34239035244580845,0.18757009237578917,0.5226262561830982
S5,2_4,"[0.4, 0.6]","[0, 1]",1.0,0.00021304877801706754,0.00021304877801706754,0.3298073645932494,0.6385402560911619
S5,2_5,"[0.4, 0.6]","[0, 1]",1.0,0.0008749976413793317,0.0008749976413793317,0.18085190275781438,0.5789597665293212
S5,2_6,"[0.4, 0.6]","[0, 1]",1.0,0.0003417519504339112,0.0003417519504339112,0.4314597519442638,0.5171399525526714
S5,2_7,"[0.4, 0.6]","[0, 1]",1.0,0.02577681765051492,0.02577681765051492,0.5893943184942876,0.3764761834100976
S5,4_5,"[0.4, 0.6]","[0, 1]",1.0,0.03218539160391575,0.03218539160391575,0.6123081674731374,0.5559247087953294
S5,4_6,"[0.4, 0.6]","[0, 1]",1.0,8.671630947896153e-11,8.671630947896153e-11,0.7518318006212088,0.40845601439010937
S5,4_7,"[0.4, 0.6]","[0, 1]",1.0,0.3423903524477937,0.3423903524477937,0.5348614733677578,0.4157050117072977
S5,5_6,"[0.4, 0.6]","[0, 1]",1.0,0.006974238787651136,0.006974238787651136,0.7154074436808798,0.5591100916520941
S5,5_7,"[0.4, 0.6]","[0, 1]",0.95,0.3577153870739873,0.3577153870739873,0.29787267326675443,0.4890471319665191
S5,6_7,"[0.4, 0.6]","[0, 1]",1.0,0.10998746566130463,0.10998746566130463,0.3571540331131583,0.41515668167298014
SamNum,20,min_support,0.3,gamma,0.8,avg_Recall,0.11055513143388077
S5,1_2,"[0.4, 0.6]","[0, 1]",1.0,0.0015589242595866056,0.0015589242595866056,0.13196172462573327,0.4956181648143275
S5,1_4,"[0.4, 0.6]","[0, 1]",1.0,2.3741454474909357e-06,2.3741454474909357e-06,0.30775956874390603,0.5498325035455479
S5,1_5,"[0.4, 0.6]","[0, 1]",1.0,0.06885052708550722,0.10327579062826082,0.7993881531724578,0.7666962412737904
S5,1_6,"[0.4, 0.6]","[0, 1]",1.0,0.0015437377486280362,0.0015437377486280362,0.17493766839911523,0.5210597632528716
S5,1_7,"[0.4, 0.6]","[0, 1]",1.0,0.11043227307989818,0.11043227307989818,0.2832762176893916,0.5887746361949077
S5,2_4,"[0.4, 0.6]","[0, 1]",1.0,4.018203101527082e-07,4.018203101527082e-07,0.1992577096410662,0.49180670505990337
S5,2_5,"[0.4, 0.6]","[0, 1]",1.0,0.10051443847544046,0.10051443847544046,0.30701973781451164,0.4353111714529505
S5,2_6,"[0.4, 0.6]","[0, 1]",1.0,0.00019843073713433158,0.00019843073713433158,0.5943601135602196,0.40161057608353645
S5,2_7,"[0.4, 0.6]","[0, 1]",1.0,0.3444025329918473,0.3444025329918473,0.5548742241945626,0.4671994636983964
S5,4_5,"[0.4, 0.6]","[0, 1]",1.0,0.01532503462817931,0.01532503462817931,0.7176814360285639,0.5827035199600846
S5,4_6,"[0.4, 0.6]","[0, 1]",1.0,9.018136785803608e-07,9.018136785803608e-07,0.6264408103165682,0.4761627716244908
S5,4_7,"[0.4, 0.6]","[0, 1]",1.0,0.3423903524458081,0.3423903524458081,0.3315260712761136,0.6390403498617552
S5,5_6,"[0.4, 0.6]","[0, 1]",1.0,0.16525241893001752,0.24787862839502628,0.5499750206241368,0.5019854713239092
S5,5_7,"[0.4, 0.6]","[0, 1]",1.0,0.3495472934066848,0.3495472934066848,0.40490268083197417,0.4487327795504034
S5,6_7,"[0.4, 0.6]","[0, 1]",1.0,0.11028459693041465,0.11028459693041465,0.4581864868375012,0.5702839056154017
SamNum,20,min_support,0.3,gamma,0.8,avg_Recall,0.11515704743375636
S5,1_2,"[0.4, 0.6]","[0, 1]",1.0,0.009502649891484105,0.009502649891484105,0.25094612559570495,0.5385063123786752
S5,1_4,"[0.4, 0.6]","[0, 1]",1.0,2.3741454474909357e-06,2.3741454474909357e-06,0.37601727708834154,0.48256984762411737
S5,1_5,"[0.4, 0.6]","[0, 1]",1.0,4.013270022889465e-05,2.0066350114447326e-05,-0.8209786228429212,0.3345723973055068
S5,1_6,"[0.4, 0.6]","[0, 1]",1.0,0.0003394537070665377,0.0003394537070665377,0.21059894805513502,0.6461703912534569
S5,1_7,"[0.4, 0.6]","[0, 1]",1.0,0.3423905249168404,0.3423905249168404,0.31694314622638364,0.631952446598776
S5,2_4,"[0.4, 0.6]","[0, 1]",1.0,0.0001458916923488984,0.0001458916923488984,0.4320419141445704,0.5337242649958119
S5,2_5,"[0.4, 0.6]","[0, 1]",1.0,0.03233617948386737,0.03233617948386737,0.4012491088212808,0.4485966615478269
S5,2_6,"[0.4, 0.6]","[0, 1]",0.95,0.02045647162344409,0.02045647162344409,0.4264259623842473,0.4799474099325144
S5,2_7,"[0.4, 0.6]","[0, 1]",1.0,0.050805581138119026,0.07620837170717853,0.6883236800570242,0.4461606626207038
S5,4_5,"[0.4, 0.6]","[0, 1]",1.0,0.10312180248825369,0.10312180248825369,0.46714362924799907,0.6625002003439164
S5,4_6,"[0.4, 0.6]","[0, 1]",1.0,4.23189585094826e-05,4.23189585094826e-05,0.7197830809335447,0.4468421494412429
S5,4_7,"[0.4, 0.6]","[0, 1]",1.0,0.3423903524469254,0.3423903524469254,0.24355518822957822,0.4200068400779409
S5,5_6,"[0.4, 0.6]","[0, 1]",1.0,0.0002008354984043075,0.0002008354984043075,0.538051913663457,0.5356256064554163
S5,5_7,"[0.4, 0.6]","[0, 1]",1.0,0.44551215493396323,0.44551215493396323,0.42101051726981753,0.5521937171253521
S5,6_7,"[0.4, 0.6]","[0, 1]",1.0,0.11100226004425556,0.11100226004425556,0.3870355086745716,0.6138688389797924
SamNum,20,min_support,0.3,gamma,0.8,avg_Recall,0.09891144719254023
S5,1_2,"[0.8, 1.0]","[0, 1]",1.0,0.5001039713205904,0.5001039713205904,0.0,0.8548213826177165
S5,1_4,"[0.8, 1.0]","[0, 1]",1.0,1.0,1.0,0.2451765118207075,0.8586867128707759
S5,1_5,"[0.8, 1.0]","[0, 1]",1.0,1.0,1.0,0.7337646090406825,0.8720907221115978
S5,1_6,"[0.8, 1.0]","[0, 1]",1.0,0.5002130487779617,0.5002130487779617,0.0,0.9286160369632874
S5,1_7,"[0.8, 1.0]","[0, 1]",1.0,0.8423903524458081,0.8423903524458081,0.0,0.8510216883285904
S5,2_4,"[0.8, 1.0]","[0, 1]",1.0,0.5001039713205904,0.5001039713205904,0.0,0.9166666666666667
S5,2_5,"[0.8, 1.0]","[0, 1]",1.0,0.5001039713205904,0.5001039713205904,0.0,0.925
S5,2_6,"[0.8, 1.0]","[0, 1]",1.0,0.0003170200985520205,0.0003170200985520205,0.24357691024357692,0.9125000000000001
S5,2_7,"[0.8, 1.0]","[0, 1]",1.0,0.36532683388674475,0.36532683388674475,0.0,0.9408018837884342
S5,4_5,"[0.8, 1.0]","[0, 1]",1.0,1.0,1.0,0.29364919277351825,0.8236700077006849
S5,4_6,"[0.8, 1.0]","[0, 1]",1.0,0.5002130487779617,0.5002130487779617,0.2072518129532383,0.9322916666666667
S5,4_7,"[0.8, 1.0]","[0, 1]",1.0,0.8423903524458081,0.8423903524458081,0.0,0.9270833333333334
S5,5_6,"[0.8, 1.0]","[0, 1]",1.0,0.5002130487779617,0.5002130487779617,0.17093799682034977,0.93125
S5,5_7,"[0.8, 1.0]","[0, 1]",1.0,0.8423903524458081,0.8423903524458081,0.1959021954757671,0.846187100910202
S5,6_7,"[0.8, 1.0]","[0, 1]",1.0,0.3426034012237697,0.3426034012237697,0.0,0.9616352171217676
SamNum,20,min_support,0.3,gamma,0.8,avg_Recall,0.6157579581894764
S5,1_2,"[0.4, 0.6]","[0, 1]",1.0,0.0020121805460396997,0.0020121805460396997,0.27947667737871273,0.6700306409661336
S5,1_4,"[0.4, 0.6]","[0, 1]",1.0,3.274332712414709e-05,3.274332712414709e-05,0.4360107420066953,0.5651292116028228
S5,1_5,"[0.4, 0.6]","[0, 1]",1.0,0.3354582087346833,0.5031873131020249,0.7438679323069677,0.47987364928963944
S5,1_6,"[0.4, 0.6]","[0, 1]",1.0,0.0010571133548621485,0.0010571133548621485,0.2341876573976845,0.5622320237841989
S5,1_7,"[0.4, 0.6]","[0, 1]",1.0,0.3424230957729308,0.3424230957729308,0.2202662481697848,0.5938909464869917
S5,2_4,"[0.4, 0.6]","[0, 1]",1.0,0.002062344990064485,0.002062344990064485,0.1893191396421472,0.411395287616928
S5,2_5,"[0.4, 0.6]","[0, 1]",0.95,0.10466552783961798,0.10466552783961798,0.10623630359385203,0.592078200156948
S5,2_6,"[0.4, 0.6]","[0, 1]",1.0,0.006698786747907453,0.006698786747907453,0.41744989817811007,0.582598045769653
S5,2_7,"[0.4, 0.6]","[0, 1]",1.0,0.10994514672238986,0.10994514672238986,0.5691363524933993,0.5842213024656946
S5,4_5,"[0.4, 0.6]","[0, 1]",1.0,0.10312180248816523,0.10312180248816523,0.5700298341365616,0.6210017937432089
S5,4_6,"[0.4, 0.6]","[0, 1]",1.0,3.8944534256441056e-10,3.8944534256441056e-10,0.5989198746363231,0.4042618434315898
S5,4_7,"[0.4, 0.6]","[0, 1]",1.0,0.07516542816930456,0.07516542816930456,0.3780622066192032,0.4623648229013132
S5,5_6,"[0.4, 0.6]","[0, 1]",1.0,0.10312186281400858,0.10312186281400858,0.45102510284624875,0.5520031246170636
S5,5_7,"[0.4, 0.6]","[0, 1]",1.0,0.3453264035437083,0.3453264035437083,0.13567468664820126,0.4049430499469961
S5,6_7,"[0.4, 0.6]","[0, 1]",1.0,0.11028459693041465,0.11028459693041465,0.27490102874187494,0.45687302230522553
SamNum,20,min_support,0.3,gamma,0.8,avg_Recall,0.12060695644920054
S5,1_2,"[0.4, 0.6]","[0, 1]",1.0,1.799930100755152e-05,1.799930100755152e-05,0.19652608065267116,0.5185974166383724
S5,1_4,"[0.4, 0.6]","[0, 1]",1.0,4.608847658742245e-06,4.608847658742245e-06,0.34055564392490245,0.5932366539395679
S5,1_5,"[0.4, 0.6]","[0, 1]",1.0,4.734867373992601e-06,2.3674336869963005e-06,-0.8194737394336171,0.33391763607381886
S5,1_6,"[0.4, 0.6]","[0, 1]",1.0,0.0031270948583248005,0.0031270948583248005,0.3583756475510196,0.6270339257651565
S5,1_7,"[0.4, 0.6]","[0, 1]",1.0,0.34239531954920477,0.34239531954920477,0.29425854377808747,0.5801229318571453
S5,2_4,"[0.4, 0.6]","[0, 1]",1.0,3.527497814712883e-05,3.527497814712883e-05,0.2547560969218229,0.3869596302240994
S5,2_5,"[0.4, 0.6]","[0, 1]",0.9,0.036740511347972925,0.036740511347972925,0.28026842815771347,0.4468588278002972
S5,2_6,"[0.4, 0.6]","[0, 1]",1.0,3.9445223010341937e-10,3.9445223010341937e-10,0.49011002288456457,0.46869102008247243
S5,2_7,"[0.4, 0.6]","[0, 1]",1.0,0.1560746427248714,0.23411196408730708,0.6249345173044748,0.5431777944173619
S5,4_5,"[0.4, 0.6]","[0, 1]",0.95,0.010216689753217902,0.015325034629826853,0.6870355642088687,0.4519939726449201
S5,4_6,"[0.4, 0.6]","[0, 1]",1.0,0.0003394502204954192,0.0003394502204954192,0.5226675326968605,0.5223192672333259
S5,4_7,"[0.4, 0.6]","[0, 1]",1.0,0.3423903524477937,0.3423903524477937,0.5810802562057964,0.4544523981605799
S5,5_6,"[0.4, 0.6]","[0, 1]",1.0,0.007861198026895206,0.007861198026895206,0.45043570858937193,0.39599799615900677
S5,5_7,"[0.4, 0.6]","[0, 1]",1.0,0.37656294377478844,0.37656294377478844,0.2126582116460351,0.4499047623106277
S5,6_7,"[0.4, 0.6]","[0, 1]",1.0,0.07516543876630567,0.07516543876630567,0.41380016871707825,0.5565908954874673
SamNum,20,min_support,0.3,gamma,0.8,avg_Recall,0.0956053039109245
S5,1_2,"[0.8, 1.0]","[0, 1]",1.0,0.5001039713205904,0.5001039713205904,0.0,0.8911160369632875
S5,1_4,"[0.8, 1.0]","[0, 1]",1.0,0.7813551990055287,0.7813551990055287,0.2892391286200833,0.8726189710295276
S5,1_5,"[0.8, 1.0]","[0, 1]",1.0,1.0,1.0,0.5748041402470156,0.9036160369632873
S5,1_6,"[0.8, 1.0]","[0, 1]",1.0,0.5002130487779617,0.5002130487779617,0.0,0.9161160369632875
S5,1_7,"[0.8, 1.0]","[0, 1]",1.0,0.8423903524458081,0.8423903524458081,0.0,0.8596274966389614
S5,2_4,"[0.8, 1.0]","[0, 1]",1.0,0.5001039713205904,0.5001039713205904,0.0,0.9010416666666667
S5,2_5,"[0.8, 1.0]","[0, 1]",1.0,0.5229364814409367,0.5229364814409367,0.0,0.9208333333333334
S5,2_6,"[0.8, 1.0]","[0, 1]",1.0,0.0003170200985520205,0.0003170200985520205,0.25679583574320414,0.925
S5,2_7,"[0.8, 1.0]","[0, 1]",1.0,0.3424943237663984,0.3424943237663984,0.0,0.9166666666666667
S5,4_5,"[0.8, 1.0]","[0, 1]",1.0,1.0,1.0,0.2909532328136979,0.8854166666666667
S5,4_6,"[0.8, 1.0]","[0, 1]",1.0,0.5002130487779617,0.5002130487779617,0.22635658914728682,0.9166666666666667
S5,4_7,"[0.8, 1.0]","[0, 1]",1.0,0.8423903524458081,0.8423903524458081,0.0,0.9122576425265563
S5,5_6,"[0.8, 1.0]","[0, 1]",1.0,0.5002130487779617,0.5002130487779617,0.16062062937062938,0.8999999999999999
S5,5_7,"[0.8, 1.0]","[0, 1]",1.0,0.8423903524458081,0.8423903524458081,0.19799979755232855,0.8393212232823155
S5,6_7,"[0.8, 1.0]","[0, 1]",1.0,0.3426034012237697,0.3426034012237697,0.0,0.925
SamNum,20,min_support,0.3,gamma,0.8,avg_Recall,0.6011816381231783
S5,1_2,"[0.4, 0.6]","[0, 1]",1.0,0.0010723122424575813,0.0010723122424575813,0.2712879214881558,0.544636970682713
S5,1_4,"[0.4, 0.6]","[0, 1]",1.0,8.668938607494786e-05,8.668938607494786e-05,0.43830028713985775,0.47103783027217994
S5,1_5,"[0.4, 0.6]","[0, 1]",1.0,0.47181342379907965,0.47181342379907965,0.6698515628234087,0.5898894450842582
S5,1_6,"[0.4, 0.6]","[0, 1]",1.0,0.00036725486860309864,0.00036725486860309864,0.27161785619590206,0.6185142607843588
S5,1_7,"[0.4, 0.6]","[0, 1]",1.0,0.07626719227590631,0.07626719227590631,0.31043833787718556,0.517901744959369
S5,2_4,"[0.4, 0.6]","[0, 1]",1.0,3.2350644874542614e-05,3.2350644874542614e-05,0.15073079744186862,0.42787401426399896
S5,2_5,"[0.4, 0.6]","[0, 1]",1.0,0.03220288157060162,0.03220288157060162,0.3522129639695424,0.49736337866555114
S5,2_6,"[0.4, 0.6]","[0, 1]",1.0,2.984570990602423e-05,2.984570990602423e-05,0.3166245812982073,0.576675962324442
S5,2_7,"[0.4, 0.6]","[0, 1]",1.0,0.07400150669617038,0.11100226004425556,0.643850661139278,0.5648036205479618
S5,4_5,"[0.4, 0.6]","[0, 1]",1.0,0.010216689791231635,0.015325034686847453,0.7584362304321695,0.6395649108319308
S5,4_6,"[0.4, 0.6]","[0, 1]",1.0,4.81702285269328e-11,4.81702285269328e-11,0.777237772721334,0.40060950612336566
S5,4_7,"[0.4, 0.6]","[0, 1]",1.0,0.342390352445818,0.342390352445818,0.14542570329592908,0.6843314878803869
S5,5_6,"[0.4, 0.6]","[0, 1]",1.0,0.4061021937126123,0.4061021937126123,0.5252354108282022,0.5170656147413113
S5,5_7,"[0.4, 0.6]","[0, 1]",1.0,0.3453264035437083,0.3453264035437083,0.48009040188130336,0.46678114666190174
S5,6_7,"[0.4, 0.6]","[0, 1]",1.0,0.3427298026663008,0.3427298026663008,0.3263758882884382,0.4924529992437283
SamNum,20,min_support,0.3,gamma,0.8,avg_Recall,0.1429831998430144
S5,1_2,"[0.4, 0.6]","[0, 1]",1.0,0.5000037771813389,0.5000037771813389,0.32073078548167283,0.6032573447604292
S5,1_4,"[0.4, 0.6]","[0, 1]",1.0,1.8029728659477692e-05,1.8029728659477692e-05,0.4377563303216307,0.3900603261738247
S5,1_5,"[0.4, 0.6]","[0, 1]",1.0,0.11650433541662795,0.05825216770831398,-0.8426346260959875,0.41899821174018465
S5,1_6,"[0.4, 0.6]","[0, 1]",1.0,3.2020441860837813e-06,3.2020441860837813e-06,0.36267845505258745,0.4742838729752979
S5,1_7,"[0.4, 0.6]","[0, 1]",1.0,0.3423978607641809,0.3423978607641809,0.20572647693794893,0.5594329593921085
S5,2_4,"[0.4, 0.6]","[0, 1]",1.0,0.020454049352460677,0.020454049352460677,0.3953600283687845,0.4904718918523783
S5,2_5,"[0.4, 0.6]","[0, 1]",1.0,0.3196030308395891,0.3196030308395891,0.2339026599998288,0.4997433420980611
S5,2_6,"[0.4, 0.6]","[0, 1]",1.0,0.00048534191284168465,0.00048534191284168465,0.4061118263791144,0.6075954685473628
S5,2_7,"[0.4, 0.6]","[0, 1]",1.0,0.024308548479093115,0.024308548479093115,0.5074781189863719,0.39017509524965494
S5,4_5,"[0.4, 0.6]","[0, 1]",0.95,0.022781727609769865,0.0341725914146548,0.7096600671843775,0.5435600278343354
S5,4_6,"[0.4, 0.6]","[0, 1]",1.0,0.0002263001637720346,0.0003394502456580519,0.7301811587556067,0.47753156970077654
S5,4_7,"[0.4, 0.6]","[0, 1]",1.0,0.5000000000011173,0.5000000000011173,0.5117701076564505,0.43641879750097956
S5,5_6,"[0.4, 0.6]","[0, 1]",0.95,0.006970677044378978,0.006970677044378978,0.5214495494782581,0.5038185276414295
S5,5_7,"[0.4, 0.6]","[0, 1]",1.0,0.37656294377478844,0.37656294377478844,0.2771472750691336,0.5533492052069289
S5,6_7,"[0.4, 0.6]","[0, 1]",1.0,0.006744702698084372,0.006744702698084372,0.28775763289491885,0.6403926532589461
SamNum,20,min_support,0.3,gamma,0.8,avg_Recall,0.14602109154595638
